image_path,label,source_dataset,generator,split,license_notes
data/raw/cifake/archive/train/REAL/4071 (10).jpg,0,cifake,cifar10,train,CIFAKE public Kaggle dataset; verify terms before submission
data/raw/cifake/archive/train/FAKE/5800 (5).jpg,1,cifake,stable_diffusion,train,CIFAKE public Kaggle dataset; verify terms before submission
data/raw/cifake/archive/train/REAL/4270 (9).jpg,0,cifake,cifar10,train,CIFAKE public Kaggle dataset; verify terms before submission
data/raw/cifake/archive/train/REAL/0295 (6).jpg,0,cifake,cifar10,train,CIFAKE public Kaggle dataset; verify terms before submission
data/raw/cifake/archive/train/FAKE/1822.jpg,1,cifake,stable_diffusion,train,CIFAKE public Kaggle dataset; verify terms before submission
data/raw/cifake/archive/train/REAL/1813 (2).jpg,0,cifake,cifar10,train,CIFAKE public Kaggle dataset; verify terms before submission
data/raw/cifake/archive/train/FAKE/2710 (8).jpg,1,cifake,stable_diffusion,train,CIFAKE public Kaggle dataset; verify terms before submission
data/raw/cifake/archive/train/FAKE/5435 (9).jpg,1,cifake,stable_diffusion,train,CIFAKE public Kaggle dataset; verify terms before submission
data/raw/cifake/archive/train/REAL/3952 (5).jpg,0,cifake,cifar10,train,CIFAKE public Kaggle dataset; verify terms before submission
data/raw/cifake/archive/train/REAL/3466 (5).jpg,0,cifake,cifar10,train,CIFAKE public Kaggle dataset; verify terms before submission
data/raw/cifake/archive/train/FAKE/4550.jpg,1,cifake,stable_diffusion,train,CIFAKE public Kaggle dataset; verify terms before submission
data/raw/cifake/archive/train/FAKE/5308 (9).jpg,1,cifake,stable_diffusion,train,CIFAKE public Kaggle dataset; verify terms before submission
data/raw/cifake/archive/train/FAKE/4938 (10).jpg,1,cifake,stable_diffusion,train,CIFAKE public Kaggle dataset; verify terms before submission
data/raw/cifake/archive/train/FAKE/4781 (5).jpg,1,cifake,stable_diffusion,train,CIFAKE public Kaggle dataset; verify terms before submission
data/raw/cifake/archive/train/REAL/4949 (9).jpg,0,cifake,cifar10,train,CIFAKE public Kaggle dataset; verify terms before submission
data/raw/cifake/archive/train/FAKE/4482 (4).jpg,1,cifake,stable_diffusion,train,CIFAKE public Kaggle dataset; verify terms before submission
data/raw/cifake/archive/train/REAL/2067 (10).jpg,0,cifake,cifar10,train,CIFAKE public Kaggle dataset; verify terms before submission
data/raw/cifake/archive/train/REAL/0451 (7).jpg,0,cifake,cifar10,train,CIFAKE public Kaggle dataset; verify terms before submission
data/raw/cifake/archive/train/REAL/4416 (10).jpg,0,cifake,cifar10,train,CIFAKE public Kaggle dataset; verify terms before submission
data/raw/cifake/archive/train/FAKE/3998 (7).jpg,1,cifake,stable_diffusion,train,CIFAKE public Kaggle dataset; verify terms before submission
data/raw/cifake/archive/train/REAL/0557 (3).jpg,0,cifake,cifar10,train,CIFAKE public Kaggle dataset; verify terms before submission
data/raw/cifake/archive/train/FAKE/5559 (5).jpg,1,cifake,stable_diffusion,train,CIFAKE public Kaggle dataset; verify terms before submission
data/raw/cifake/archive/train/FAKE/2965.jpg,1,cifake,stable_diffusion,train,CIFAKE public Kaggle dataset; verify terms before submission
data/raw/cifake/archive/train/FAKE/5053 (5).jpg,1,cifake,stable_diffusion,train,CIFAKE public Kaggle dataset; verify terms before submission
data/raw/cifake/archive/train/REAL/0493 (10).jpg,0,cifake,cifar10,train,CIFAKE public Kaggle dataset; verify terms before submission
data/raw/cifake/archive/train/FAKE/1178 (4).jpg,1,cifake,stable_diffusion,train,CIFAKE public Kaggle dataset; verify terms before submission
data/raw/cifake/archive/train/FAKE/4708 (2).jpg,1,cifake,stable_diffusion,train,CIFAKE public Kaggle dataset; verify terms before submission
data/raw/cifake/archive/train/REAL/0625 (9).jpg,0,cifake,cifar10,train,CIFAKE public Kaggle dataset; verify terms before submission
data/raw/cifake/archive/train/FAKE/4361 (10).jpg,1,cifake,stable_diffusion,train,CIFAKE public Kaggle dataset; verify terms before submission
data/raw/cifake/archive/train/FAKE/2072 (10).jpg,1,cifake,stable_diffusion,train,CIFAKE public Kaggle dataset; verify terms before submission
data/raw/cifake/archive/train/FAKE/4437 (8).jpg,1,cifake,stable_diffusion,train,CIFAKE public Kaggle dataset; verify terms before submission
data/raw/cifake/archive/train/REAL/3298 (9).jpg,0,cifake,cifar10,train,CIFAKE public Kaggle dataset; verify terms before submission
data/raw/cifake/archive/train/REAL/2035 (7).jpg,0,cifake,cifar10,train,CIFAKE public Kaggle dataset; verify terms before submission
data/raw/cifake/archive/train/FAKE/5857 (9).jpg,1,cifake,stable_diffusion,train,CIFAKE public Kaggle dataset; verify terms before submission
data/raw/cifake/archive/train/REAL/3852 (7).jpg,0,cifake,cifar10,train,CIFAKE public Kaggle dataset; verify terms before submission
data/raw/cifake/archive/train/REAL/3208.jpg,0,cifake,cifar10,train,CIFAKE public Kaggle dataset; verify terms before submission
data/raw/cifake/archive/train/REAL/4096 (7).jpg,0,cifake,cifar10,train,CIFAKE public Kaggle dataset; verify terms before submission
data/raw/cifake/archive/train/FAKE/2240 (8).jpg,1,cifake,stable_diffusion,train,CIFAKE public Kaggle dataset; verify terms before submission
data/raw/cifake/archive/train/REAL/3526 (6).jpg,0,cifake,cifar10,train,CIFAKE public Kaggle dataset; verify terms before submission
data/raw/cifake/archive/train/FAKE/5768 (9).jpg,1,cifake,stable_diffusion,train,CIFAKE public Kaggle dataset; verify terms before submission
data/raw/cifake/archive/train/REAL/4321 (3).jpg,0,cifake,cifar10,train,CIFAKE public Kaggle dataset; verify terms before submission
data/raw/cifake/archive/train/FAKE/5577 (8).jpg,1,cifake,stable_diffusion,train,CIFAKE public Kaggle dataset; verify terms before submission
data/raw/cifake/archive/train/REAL/1549.jpg,0,cifake,cifar10,train,CIFAKE public Kaggle dataset; verify terms before submission
data/raw/cifake/archive/train/REAL/0832 (4).jpg,0,cifake,cifar10,train,CIFAKE public Kaggle dataset; verify terms before submission
data/raw/cifake/archive/train/REAL/2500.jpg,0,cifake,cifar10,train,CIFAKE public Kaggle dataset; verify terms before submission
data/raw/cifake/archive/train/FAKE/2599 (9).jpg,1,cifake,stable_diffusion,train,CIFAKE public Kaggle dataset; verify terms before submission
data/raw/cifake/archive/train/REAL/3113 (7).jpg,0,cifake,cifar10,train,CIFAKE public Kaggle dataset; verify terms before submission
data/raw/cifake/archive/train/FAKE/3153 (7).jpg,1,cifake,stable_diffusion,train,CIFAKE public Kaggle dataset; verify terms before submission
data/raw/cifake/archive/train/FAKE/3224 (8).jpg,1,cifake,stable_diffusion,train,CIFAKE public Kaggle dataset; verify terms before submission
data/raw/cifake/archive/train/FAKE/4335 (4).jpg,1,cifake,stable_diffusion,train,CIFAKE public Kaggle dataset; verify terms before submission
data/raw/cifake/archive/train/FAKE/3824 (9).jpg,1,cifake,stable_diffusion,train,CIFAKE public Kaggle dataset; verify terms before submission
data/raw/cifake/archive/train/FAKE/2731 (7).jpg,1,cifake,stable_diffusion,train,CIFAKE public Kaggle dataset; verify terms before submission
data/raw/cifake/archive/train/REAL/4502 (2).jpg,0,cifake,cifar10,train,CIFAKE public Kaggle dataset; verify terms before submission
data/raw/cifake/archive/train/REAL/3803 (7).jpg,0,cifake,cifar10,train,CIFAKE public Kaggle dataset; verify terms before submission
data/raw/cifake/archive/train/FAKE/4864 (6).jpg,1,cifake,stable_diffusion,train,CIFAKE public Kaggle dataset; verify terms before submission
data/raw/cifake/archive/train/FAKE/4692.jpg,1,cifake,stable_diffusion,train,CIFAKE public Kaggle dataset; verify terms before submission
data/raw/cifake/archive/train/FAKE/2055 (8).jpg,1,cifake,stable_diffusion,train,CIFAKE public Kaggle dataset; verify terms before submission
data/raw/cifake/archive/train/REAL/1592.jpg,0,cifake,cifar10,train,CIFAKE public Kaggle dataset; verify terms before submission
data/raw/cifake/archive/train/FAKE/4506 (6).jpg,1,cifake,stable_diffusion,train,CIFAKE public Kaggle dataset; verify terms before submission
data/raw/cifake/archive/train/FAKE/5498 (3).jpg,1,cifake,stable_diffusion,train,CIFAKE public Kaggle dataset; verify terms before submission
data/raw/cifake/archive/train/FAKE/5030 (10).jpg,1,cifake,stable_diffusion,train,CIFAKE public Kaggle dataset; verify terms before submission
data/raw/cifake/archive/train/FAKE/2762 (5).jpg,1,cifake,stable_diffusion,train,CIFAKE public Kaggle dataset; verify terms before submission
data/raw/cifake/archive/train/FAKE/1487 (7).jpg,1,cifake,stable_diffusion,train,CIFAKE public Kaggle dataset; verify terms before submission
data/raw/cifake/archive/train/REAL/1805 (2).jpg,0,cifake,cifar10,train,CIFAKE public Kaggle dataset; verify terms before submission
data/raw/cifake/archive/train/FAKE/5600 (2).jpg,1,cifake,stable_diffusion,train,CIFAKE public Kaggle dataset; verify terms before submission
data/raw/cifake/archive/train/FAKE/1060 (4).jpg,1,cifake,stable_diffusion,train,CIFAKE public Kaggle dataset; verify terms before submission
data/raw/cifake/archive/train/REAL/3853 (3).jpg,0,cifake,cifar10,train,CIFAKE public Kaggle dataset; verify terms before submission
data/raw/cifake/archive/train/REAL/4925 (8).jpg,0,cifake,cifar10,train,CIFAKE public Kaggle dataset; verify terms before submission
data/raw/cifake/archive/train/FAKE/1190 (6).jpg,1,cifake,stable_diffusion,train,CIFAKE public Kaggle dataset; verify terms before submission
data/raw/cifake/archive/train/REAL/1674.jpg,0,cifake,cifar10,train,CIFAKE public Kaggle dataset; verify terms before submission
data/raw/cifake/archive/train/FAKE/1873 (4).jpg,1,cifake,stable_diffusion,train,CIFAKE public Kaggle dataset; verify terms before submission
data/raw/cifake/archive/train/FAKE/1659 (9).jpg,1,cifake,stable_diffusion,train,CIFAKE public Kaggle dataset; verify terms before submission
data/raw/cifake/archive/train/REAL/0357 (7).jpg,0,cifake,cifar10,train,CIFAKE public Kaggle dataset; verify terms before submission
data/raw/cifake/archive/train/FAKE/5539 (5).jpg,1,cifake,stable_diffusion,train,CIFAKE public Kaggle dataset; verify terms before submission
data/raw/cifake/archive/train/FAKE/5824 (6).jpg,1,cifake,stable_diffusion,train,CIFAKE public Kaggle dataset; verify terms before submission
data/raw/cifake/archive/train/REAL/2590 (8).jpg,0,cifake,cifar10,train,CIFAKE public Kaggle dataset; verify terms before submission
data/raw/cifake/archive/train/REAL/4654 (6).jpg,0,cifake,cifar10,train,CIFAKE public Kaggle dataset; verify terms before submission
data/raw/cifake/archive/train/FAKE/2730 (5).jpg,1,cifake,stable_diffusion,train,CIFAKE public Kaggle dataset; verify terms before submission
data/raw/cifake/archive/train/REAL/3579 (9).jpg,0,cifake,cifar10,train,CIFAKE public Kaggle dataset; verify terms before submission
data/raw/cifake/archive/train/REAL/1350 (10).jpg,0,cifake,cifar10,train,CIFAKE public Kaggle dataset; verify terms before submission
data/raw/cifake/archive/train/REAL/1342 (8).jpg,0,cifake,cifar10,train,CIFAKE public Kaggle dataset; verify terms before submission
data/raw/cifake/archive/train/FAKE/4151 (10).jpg,1,cifake,stable_diffusion,train,CIFAKE public Kaggle dataset; verify terms before submission
data/raw/cifake/archive/train/FAKE/3088 (2).jpg,1,cifake,stable_diffusion,train,CIFAKE public Kaggle dataset; verify terms before submission
data/raw/cifake/archive/train/FAKE/4325 (8).jpg,1,cifake,stable_diffusion,train,CIFAKE public Kaggle dataset; verify terms before submission
data/raw/cifake/archive/train/FAKE/3041 (3).jpg,1,cifake,stable_diffusion,train,CIFAKE public Kaggle dataset; verify terms before submission
data/raw/cifake/archive/train/REAL/4299 (9).jpg,0,cifake,cifar10,train,CIFAKE public Kaggle dataset; verify terms before submission
data/raw/cifake/archive/train/REAL/2420.jpg,0,cifake,cifar10,train,CIFAKE public Kaggle dataset; verify terms before submission
data/raw/cifake/archive/train/FAKE/5499 (6).jpg,1,cifake,stable_diffusion,train,CIFAKE public Kaggle dataset; verify terms before submission
data/raw/cifake/archive/train/FAKE/3672 (10).jpg,1,cifake,stable_diffusion,train,CIFAKE public Kaggle dataset; verify terms before submission
data/raw/cifake/archive/train/FAKE/4158 (7).jpg,1,cifake,stable_diffusion,train,CIFAKE public Kaggle dataset; verify terms before submission
data/raw/cifake/archive/train/REAL/1302 (4).jpg,0,cifake,cifar10,train,CIFAKE public Kaggle dataset; verify terms before submission
data/raw/cifake/archive/train/REAL/4836 (4).jpg,0,cifake,cifar10,train,CIFAKE public Kaggle dataset; verify terms before submission
data/raw/cifake/archive/train/FAKE/1930 (3).jpg,1,cifake,stable_diffusion,train,CIFAKE public Kaggle dataset; verify terms before submission
data/raw/cifake/archive/train/FAKE/5194.jpg,1,cifake,stable_diffusion,train,CIFAKE public Kaggle dataset; verify terms before submission
data/raw/cifake/archive/train/REAL/1411 (6).jpg,0,cifake,cifar10,train,CIFAKE public Kaggle dataset; verify terms before submission
data/raw/cifake/archive/train/REAL/3584 (8).jpg,0,cifake,cifar10,train,CIFAKE public Kaggle dataset; verify terms before submission
data/raw/cifake/archive/train/REAL/2048 (7).jpg,0,cifake,cifar10,train,CIFAKE public Kaggle dataset; verify terms before submission
data/raw/cifake/archive/train/FAKE/3697 (5).jpg,1,cifake,stable_diffusion,train,CIFAKE public Kaggle dataset; verify terms before submission
data/raw/cifake/archive/train/FAKE/3394 (10).jpg,1,cifake,stable_diffusion,train,CIFAKE public Kaggle dataset; verify terms before submission
data/raw/cifake/archive/train/FAKE/2258.jpg,1,cifake,stable_diffusion,train,CIFAKE public Kaggle dataset; verify terms before submission
data/raw/cifake/archive/train/FAKE/3061 (3).jpg,1,cifake,stable_diffusion,train,CIFAKE public Kaggle dataset; verify terms before submission
data/raw/cifake/archive/train/FAKE/4816.jpg,1,cifake,stable_diffusion,train,CIFAKE public Kaggle dataset; verify terms before submission
data/raw/cifake/archive/train/REAL/1288 (7).jpg,0,cifake,cifar10,train,CIFAKE public Kaggle dataset; verify terms before submission
data/raw/cifake/archive/train/FAKE/4420 (4).jpg,1,cifake,stable_diffusion,train,CIFAKE public Kaggle dataset; verify terms before submission
data/raw/cifake/archive/train/REAL/1632 (7).jpg,0,cifake,cifar10,train,CIFAKE public Kaggle dataset; verify terms before submission
data/raw/cifake/archive/train/REAL/0547 (4).jpg,0,cifake,cifar10,train,CIFAKE public Kaggle dataset; verify terms before submission
data/raw/cifake/archive/train/REAL/4691 (8).jpg,0,cifake,cifar10,train,CIFAKE public Kaggle dataset; verify terms before submission
data/raw/cifake/archive/train/FAKE/2526 (4).jpg,1,cifake,stable_diffusion,train,CIFAKE public Kaggle dataset; verify terms before submission
data/raw/cifake/archive/train/REAL/2958 (5).jpg,0,cifake,cifar10,train,CIFAKE public Kaggle dataset; verify terms before submission
data/raw/cifake/archive/train/REAL/0382 (7).jpg,0,cifake,cifar10,train,CIFAKE public Kaggle dataset; verify terms before submission
data/raw/cifake/archive/train/FAKE/5308 (3).jpg,1,cifake,stable_diffusion,train,CIFAKE public Kaggle dataset; verify terms before submission
data/raw/cifake/archive/train/FAKE/1379 (2).jpg,1,cifake,stable_diffusion,train,CIFAKE public Kaggle dataset; verify terms before submission
data/raw/cifake/archive/train/REAL/0649 (2).jpg,0,cifake,cifar10,train,CIFAKE public Kaggle dataset; verify terms before submission
data/raw/cifake/archive/train/FAKE/3675 (9).jpg,1,cifake,stable_diffusion,train,CIFAKE public Kaggle dataset; verify terms before submission
data/raw/cifake/archive/train/REAL/1960 (7).jpg,0,cifake,cifar10,train,CIFAKE public Kaggle dataset; verify terms before submission
data/raw/cifake/archive/train/FAKE/3206 (8).jpg,1,cifake,stable_diffusion,train,CIFAKE public Kaggle dataset; verify terms before submission
data/raw/cifake/archive/train/REAL/1194 (3).jpg,0,cifake,cifar10,train,CIFAKE public Kaggle dataset; verify terms before submission
data/raw/cifake/archive/train/REAL/1698 (3).jpg,0,cifake,cifar10,train,CIFAKE public Kaggle dataset; verify terms before submission
data/raw/cifake/archive/train/REAL/0536.jpg,0,cifake,cifar10,train,CIFAKE public Kaggle dataset; verify terms before submission
data/raw/cifake/archive/train/FAKE/2046.jpg,1,cifake,stable_diffusion,train,CIFAKE public Kaggle dataset; verify terms before submission
data/raw/cifake/archive/train/FAKE/3892 (3).jpg,1,cifake,stable_diffusion,train,CIFAKE public Kaggle dataset; verify terms before submission
data/raw/cifake/archive/train/REAL/2698 (2).jpg,0,cifake,cifar10,train,CIFAKE public Kaggle dataset; verify terms before submission
data/raw/cifake/archive/train/FAKE/3605 (10).jpg,1,cifake,stable_diffusion,train,CIFAKE public Kaggle dataset; verify terms before submission
data/raw/cifake/archive/train/REAL/4217 (5).jpg,0,cifake,cifar10,train,CIFAKE public Kaggle dataset; verify terms before submission
data/raw/cifake/archive/train/REAL/4290 (8).jpg,0,cifake,cifar10,train,CIFAKE public Kaggle dataset; verify terms before submission
data/raw/cifake/archive/train/FAKE/5638 (4).jpg,1,cifake,stable_diffusion,train,CIFAKE public Kaggle dataset; verify terms before submission
data/raw/cifake/archive/train/FAKE/4929 (10).jpg,1,cifake,stable_diffusion,train,CIFAKE public Kaggle dataset; verify terms before submission
data/raw/cifake/archive/train/FAKE/2071 (9).jpg,1,cifake,stable_diffusion,train,CIFAKE public Kaggle dataset; verify terms before submission
data/raw/cifake/archive/train/FAKE/2409 (10).jpg,1,cifake,stable_diffusion,train,CIFAKE public Kaggle dataset; verify terms before submission
data/raw/cifake/archive/train/REAL/4387 (3).jpg,0,cifake,cifar10,train,CIFAKE public Kaggle dataset; verify terms before submission
data/raw/cifake/archive/train/REAL/2853 (7).jpg,0,cifake,cifar10,train,CIFAKE public Kaggle dataset; verify terms before submission
data/raw/cifake/archive/train/REAL/3266 (9).jpg,0,cifake,cifar10,train,CIFAKE public Kaggle dataset; verify terms before submission
data/raw/cifake/archive/train/REAL/1837 (4).jpg,0,cifake,cifar10,train,CIFAKE public Kaggle dataset; verify terms before submission
data/raw/cifake/archive/train/REAL/0247.jpg,0,cifake,cifar10,train,CIFAKE public Kaggle dataset; verify terms before submission
data/raw/cifake/archive/train/FAKE/2735 (3).jpg,1,cifake,stable_diffusion,train,CIFAKE public Kaggle dataset; verify terms before submission
data/raw/cifake/archive/train/REAL/3021 (3).jpg,0,cifake,cifar10,train,CIFAKE public Kaggle dataset; verify terms before submission
data/raw/cifake/archive/train/REAL/3580 (7).jpg,0,cifake,cifar10,train,CIFAKE public Kaggle dataset; verify terms before submission
data/raw/cifake/archive/train/REAL/2889 (10).jpg,0,cifake,cifar10,train,CIFAKE public Kaggle dataset; verify terms before submission
data/raw/cifake/archive/train/FAKE/4044 (2).jpg,1,cifake,stable_diffusion,train,CIFAKE public Kaggle dataset; verify terms before submission
data/raw/cifake/archive/train/FAKE/5309 (7).jpg,1,cifake,stable_diffusion,train,CIFAKE public Kaggle dataset; verify terms before submission
data/raw/cifake/archive/train/REAL/4453 (8).jpg,0,cifake,cifar10,train,CIFAKE public Kaggle dataset; verify terms before submission
data/raw/cifake/archive/train/REAL/1296 (8).jpg,0,cifake,cifar10,train,CIFAKE public Kaggle dataset; verify terms before submission
data/raw/cifake/archive/train/FAKE/3178.jpg,1,cifake,stable_diffusion,train,CIFAKE public Kaggle dataset; verify terms before submission
data/raw/cifake/archive/train/REAL/1763 (6).jpg,0,cifake,cifar10,train,CIFAKE public Kaggle dataset; verify terms before submission
data/raw/cifake/archive/train/FAKE/4244 (6).jpg,1,cifake,stable_diffusion,train,CIFAKE public Kaggle dataset; verify terms before submission
data/raw/cifake/archive/train/FAKE/1995 (2).jpg,1,cifake,stable_diffusion,train,CIFAKE public Kaggle dataset; verify terms before submission
data/raw/cifake/archive/train/REAL/3208 (9).jpg,0,cifake,cifar10,train,CIFAKE public Kaggle dataset; verify terms before submission
data/raw/cifake/archive/train/FAKE/1428 (5).jpg,1,cifake,stable_diffusion,train,CIFAKE public Kaggle dataset; verify terms before submission
data/raw/cifake/archive/train/FAKE/2971 (2).jpg,1,cifake,stable_diffusion,train,CIFAKE public Kaggle dataset; verify terms before submission
data/raw/cifake/archive/train/REAL/3757 (9).jpg,0,cifake,cifar10,train,CIFAKE public Kaggle dataset; verify terms before submission
data/raw/cifake/archive/train/FAKE/2698 (7).jpg,1,cifake,stable_diffusion,train,CIFAKE public Kaggle dataset; verify terms before submission
data/raw/cifake/archive/train/FAKE/2729 (6).jpg,1,cifake,stable_diffusion,train,CIFAKE public Kaggle dataset; verify terms before submission
data/raw/cifake/archive/train/FAKE/4021 (8).jpg,1,cifake,stable_diffusion,train,CIFAKE public Kaggle dataset; verify terms before submission
data/raw/cifake/archive/train/REAL/1903 (9).jpg,0,cifake,cifar10,train,CIFAKE public Kaggle dataset; verify terms before submission
data/raw/cifake/archive/train/FAKE/3229 (5).jpg,1,cifake,stable_diffusion,train,CIFAKE public Kaggle dataset; verify terms before submission
data/raw/cifake/archive/train/REAL/0155 (8).jpg,0,cifake,cifar10,train,CIFAKE public Kaggle dataset; verify terms before submission
data/raw/cifake/archive/train/REAL/0936 (3).jpg,0,cifake,cifar10,train,CIFAKE public Kaggle dataset; verify terms before submission
data/raw/cifake/archive/train/REAL/1697 (8).jpg,0,cifake,cifar10,train,CIFAKE public Kaggle dataset; verify terms before submission
data/raw/cifake/archive/train/REAL/3989 (2).jpg,0,cifake,cifar10,train,CIFAKE public Kaggle dataset; verify terms before submission
data/raw/cifake/archive/train/REAL/0691 (7).jpg,0,cifake,cifar10,train,CIFAKE public Kaggle dataset; verify terms before submission
data/raw/cifake/archive/train/FAKE/4169 (4).jpg,1,cifake,stable_diffusion,train,CIFAKE public Kaggle dataset; verify terms before submission
data/raw/cifake/archive/train/FAKE/3651 (7).jpg,1,cifake,stable_diffusion,train,CIFAKE public Kaggle dataset; verify terms before submission
data/raw/cifake/archive/train/REAL/4981 (5).jpg,0,cifake,cifar10,train,CIFAKE public Kaggle dataset; verify terms before submission
data/raw/cifake/archive/train/FAKE/5975 (8).jpg,1,cifake,stable_diffusion,train,CIFAKE public Kaggle dataset; verify terms before submission
data/raw/cifake/archive/train/REAL/1404 (6).jpg,0,cifake,cifar10,train,CIFAKE public Kaggle dataset; verify terms before submission
data/raw/cifake/archive/train/REAL/0650 (10).jpg,0,cifake,cifar10,train,CIFAKE public Kaggle dataset; verify terms before submission
data/raw/cifake/archive/train/REAL/0282 (8).jpg,0,cifake,cifar10,train,CIFAKE public Kaggle dataset; verify terms before submission
data/raw/cifake/archive/train/REAL/2446 (5).jpg,0,cifake,cifar10,train,CIFAKE public Kaggle dataset; verify terms before submission
data/raw/cifake/archive/train/REAL/2487 (5).jpg,0,cifake,cifar10,train,CIFAKE public Kaggle dataset; verify terms before submission
data/raw/cifake/archive/train/REAL/3468 (4).jpg,0,cifake,cifar10,train,CIFAKE public Kaggle dataset; verify terms before submission
data/raw/cifake/archive/train/FAKE/2805 (10).jpg,1,cifake,stable_diffusion,train,CIFAKE public Kaggle dataset; verify terms before submission
data/raw/cifake/archive/train/REAL/0813 (9).jpg,0,cifake,cifar10,train,CIFAKE public Kaggle dataset; verify terms before submission
data/raw/cifake/archive/train/REAL/2898 (6).jpg,0,cifake,cifar10,train,CIFAKE public Kaggle dataset; verify terms before submission
data/raw/cifake/archive/train/REAL/3876 (3).jpg,0,cifake,cifar10,train,CIFAKE public Kaggle dataset; verify terms before submission
data/raw/cifake/archive/train/REAL/2621 (2).jpg,0,cifake,cifar10,train,CIFAKE public Kaggle dataset; verify terms before submission
data/raw/cifake/archive/train/FAKE/2516 (9).jpg,1,cifake,stable_diffusion,train,CIFAKE public Kaggle dataset; verify terms before submission
data/raw/cifake/archive/train/REAL/3783 (8).jpg,0,cifake,cifar10,train,CIFAKE public Kaggle dataset; verify terms before submission
data/raw/cifake/archive/train/FAKE/5913 (5).jpg,1,cifake,stable_diffusion,train,CIFAKE public Kaggle dataset; verify terms before submission
data/raw/cifake/archive/train/REAL/4669 (8).jpg,0,cifake,cifar10,train,CIFAKE public Kaggle dataset; verify terms before submission
data/raw/cifake/archive/train/REAL/0014 (7).jpg,0,cifake,cifar10,train,CIFAKE public Kaggle dataset; verify terms before submission
data/raw/cifake/archive/train/REAL/1647 (9).jpg,0,cifake,cifar10,train,CIFAKE public Kaggle dataset; verify terms before submission
data/raw/cifake/archive/train/REAL/0656 (7).jpg,0,cifake,cifar10,train,CIFAKE public Kaggle dataset; verify terms before submission
data/raw/cifake/archive/train/REAL/1469 (9).jpg,0,cifake,cifar10,train,CIFAKE public Kaggle dataset; verify terms before submission
data/raw/cifake/archive/train/REAL/3556.jpg,0,cifake,cifar10,train,CIFAKE public Kaggle dataset; verify terms before submission
data/raw/cifake/archive/train/REAL/2087 (2).jpg,0,cifake,cifar10,train,CIFAKE public Kaggle dataset; verify terms before submission
data/raw/cifake/archive/train/REAL/0452 (5).jpg,0,cifake,cifar10,train,CIFAKE public Kaggle dataset; verify terms before submission
data/raw/cifake/archive/train/FAKE/2566.jpg,1,cifake,stable_diffusion,train,CIFAKE public Kaggle dataset; verify terms before submission
data/raw/cifake/archive/train/FAKE/2233 (10).jpg,1,cifake,stable_diffusion,train,CIFAKE public Kaggle dataset; verify terms before submission
data/raw/cifake/archive/train/REAL/2861 (8).jpg,0,cifake,cifar10,train,CIFAKE public Kaggle dataset; verify terms before submission
data/raw/cifake/archive/train/FAKE/1598 (10).jpg,1,cifake,stable_diffusion,train,CIFAKE public Kaggle dataset; verify terms before submission
data/raw/cifake/archive/train/FAKE/3348.jpg,1,cifake,stable_diffusion,train,CIFAKE public Kaggle dataset; verify terms before submission
data/raw/cifake/archive/train/REAL/3351 (2).jpg,0,cifake,cifar10,train,CIFAKE public Kaggle dataset; verify terms before submission
data/raw/cifake/archive/train/FAKE/3306 (5).jpg,1,cifake,stable_diffusion,train,CIFAKE public Kaggle dataset; verify terms before submission
data/raw/cifake/archive/train/REAL/3370 (10).jpg,0,cifake,cifar10,train,CIFAKE public Kaggle dataset; verify terms before submission
data/raw/cifake/archive/train/FAKE/1882 (8).jpg,1,cifake,stable_diffusion,train,CIFAKE public Kaggle dataset; verify terms before submission
data/raw/cifake/archive/train/REAL/3652 (6).jpg,0,cifake,cifar10,train,CIFAKE public Kaggle dataset; verify terms before submission
data/raw/cifake/archive/train/FAKE/3945 (3).jpg,1,cifake,stable_diffusion,train,CIFAKE public Kaggle dataset; verify terms before submission
data/raw/cifake/archive/train/REAL/3045 (5).jpg,0,cifake,cifar10,train,CIFAKE public Kaggle dataset; verify terms before submission
data/raw/cifake/archive/train/REAL/1499 (2).jpg,0,cifake,cifar10,train,CIFAKE public Kaggle dataset; verify terms before submission
data/raw/cifake/archive/train/REAL/0680 (10).jpg,0,cifake,cifar10,train,CIFAKE public Kaggle dataset; verify terms before submission
data/raw/cifake/archive/train/FAKE/4428 (3).jpg,1,cifake,stable_diffusion,train,CIFAKE public Kaggle dataset; verify terms before submission
data/raw/cifake/archive/train/REAL/1216 (10).jpg,0,cifake,cifar10,train,CIFAKE public Kaggle dataset; verify terms before submission
data/raw/cifake/archive/train/REAL/2775 (10).jpg,0,cifake,cifar10,train,CIFAKE public Kaggle dataset; verify terms before submission
data/raw/cifake/archive/train/FAKE/2009 (4).jpg,1,cifake,stable_diffusion,train,CIFAKE public Kaggle dataset; verify terms before submission
data/raw/cifake/archive/train/FAKE/2528 (7).jpg,1,cifake,stable_diffusion,train,CIFAKE public Kaggle dataset; verify terms before submission
data/raw/cifake/archive/train/REAL/0027 (5).jpg,0,cifake,cifar10,train,CIFAKE public Kaggle dataset; verify terms before submission
data/raw/cifake/archive/train/FAKE/4479 (9).jpg,1,cifake,stable_diffusion,train,CIFAKE public Kaggle dataset; verify terms before submission
data/raw/cifake/archive/train/REAL/0801 (5).jpg,0,cifake,cifar10,train,CIFAKE public Kaggle dataset; verify terms before submission
data/raw/cifake/archive/train/REAL/3290 (9).jpg,0,cifake,cifar10,train,CIFAKE public Kaggle dataset; verify terms before submission
data/raw/cifake/archive/train/FAKE/5638 (5).jpg,1,cifake,stable_diffusion,train,CIFAKE public Kaggle dataset; verify terms before submission
data/raw/cifake/archive/train/REAL/2678 (7).jpg,0,cifake,cifar10,train,CIFAKE public Kaggle dataset; verify terms before submission
data/raw/cifake/archive/train/REAL/0129 (2).jpg,0,cifake,cifar10,train,CIFAKE public Kaggle dataset; verify terms before submission
data/raw/cifake/archive/train/REAL/1433.jpg,0,cifake,cifar10,train,CIFAKE public Kaggle dataset; verify terms before submission
data/raw/cifake/archive/train/FAKE/3534.jpg,1,cifake,stable_diffusion,train,CIFAKE public Kaggle dataset; verify terms before submission
data/raw/cifake/archive/train/FAKE/1910 (6).jpg,1,cifake,stable_diffusion,train,CIFAKE public Kaggle dataset; verify terms before submission
data/raw/cifake/archive/train/FAKE/4975 (4).jpg,1,cifake,stable_diffusion,train,CIFAKE public Kaggle dataset; verify terms before submission
data/raw/cifake/archive/train/FAKE/3406 (10).jpg,1,cifake,stable_diffusion,train,CIFAKE public Kaggle dataset; verify terms before submission
data/raw/cifake/archive/train/REAL/1437 (3).jpg,0,cifake,cifar10,train,CIFAKE public Kaggle dataset; verify terms before submission
data/raw/cifake/archive/train/FAKE/4935 (4).jpg,1,cifake,stable_diffusion,train,CIFAKE public Kaggle dataset; verify terms before submission
data/raw/cifake/archive/train/FAKE/3139 (3).jpg,1,cifake,stable_diffusion,train,CIFAKE public Kaggle dataset; verify terms before submission
data/raw/cifake/archive/train/REAL/0256 (8).jpg,0,cifake,cifar10,train,CIFAKE public Kaggle dataset; verify terms before submission
data/raw/cifake/archive/train/FAKE/1597 (8).jpg,1,cifake,stable_diffusion,train,CIFAKE public Kaggle dataset; verify terms before submission
data/raw/cifake/archive/train/REAL/4308 (8).jpg,0,cifake,cifar10,train,CIFAKE public Kaggle dataset; verify terms before submission
data/raw/cifake/archive/train/REAL/1556 (4).jpg,0,cifake,cifar10,train,CIFAKE public Kaggle dataset; verify terms before submission
data/raw/cifake/archive/train/REAL/4984.jpg,0,cifake,cifar10,train,CIFAKE public Kaggle dataset; verify terms before submission
data/raw/cifake/archive/train/FAKE/1335 (8).jpg,1,cifake,stable_diffusion,train,CIFAKE public Kaggle dataset; verify terms before submission
data/raw/cifake/archive/train/FAKE/3788 (10).jpg,1,cifake,stable_diffusion,train,CIFAKE public Kaggle dataset; verify terms before submission
data/raw/cifake/archive/train/FAKE/2891 (4).jpg,1,cifake,stable_diffusion,train,CIFAKE public Kaggle dataset; verify terms before submission
data/raw/cifake/archive/train/FAKE/5613 (4).jpg,1,cifake,stable_diffusion,train,CIFAKE public Kaggle dataset; verify terms before submission
data/raw/cifake/archive/train/FAKE/2253 (3).jpg,1,cifake,stable_diffusion,train,CIFAKE public Kaggle dataset; verify terms before submission
data/raw/cifake/archive/train/REAL/2726 (8).jpg,0,cifake,cifar10,train,CIFAKE public Kaggle dataset; verify terms before submission
data/raw/cifake/archive/train/FAKE/2908 (3).jpg,1,cifake,stable_diffusion,train,CIFAKE public Kaggle dataset; verify terms before submission
data/raw/cifake/archive/train/REAL/4585 (10).jpg,0,cifake,cifar10,train,CIFAKE public Kaggle dataset; verify terms before submission
data/raw/cifake/archive/train/REAL/2672 (10).jpg,0,cifake,cifar10,train,CIFAKE public Kaggle dataset; verify terms before submission
data/raw/cifake/archive/train/REAL/4753 (3).jpg,0,cifake,cifar10,train,CIFAKE public Kaggle dataset; verify terms before submission
data/raw/cifake/archive/train/FAKE/2802 (8).jpg,1,cifake,stable_diffusion,train,CIFAKE public Kaggle dataset; verify terms before submission
data/raw/cifake/archive/train/REAL/3284 (8).jpg,0,cifake,cifar10,train,CIFAKE public Kaggle dataset; verify terms before submission
data/raw/cifake/archive/train/FAKE/2807 (3).jpg,1,cifake,stable_diffusion,train,CIFAKE public Kaggle dataset; verify terms before submission
data/raw/cifake/archive/train/FAKE/1027.jpg,1,cifake,stable_diffusion,train,CIFAKE public Kaggle dataset; verify terms before submission
data/raw/cifake/archive/train/REAL/1376 (3).jpg,0,cifake,cifar10,train,CIFAKE public Kaggle dataset; verify terms before submission
data/raw/cifake/archive/train/REAL/0427 (7).jpg,0,cifake,cifar10,train,CIFAKE public Kaggle dataset; verify terms before submission
data/raw/cifake/archive/train/REAL/0716 (6).jpg,0,cifake,cifar10,train,CIFAKE public Kaggle dataset; verify terms before submission
data/raw/cifake/archive/train/REAL/0810 (7).jpg,0,cifake,cifar10,train,CIFAKE public Kaggle dataset; verify terms before submission
data/raw/cifake/archive/train/FAKE/4149 (2).jpg,1,cifake,stable_diffusion,train,CIFAKE public Kaggle dataset; verify terms before submission
data/raw/cifake/archive/train/FAKE/5672.jpg,1,cifake,stable_diffusion,train,CIFAKE public Kaggle dataset; verify terms before submission
data/raw/cifake/archive/train/FAKE/5529 (2).jpg,1,cifake,stable_diffusion,train,CIFAKE public Kaggle dataset; verify terms before submission
data/raw/cifake/archive/train/REAL/3603 (2).jpg,0,cifake,cifar10,train,CIFAKE public Kaggle dataset; verify terms before submission
data/raw/cifake/archive/train/REAL/4506.jpg,0,cifake,cifar10,train,CIFAKE public Kaggle dataset; verify terms before submission
data/raw/cifake/archive/train/FAKE/4099.jpg,1,cifake,stable_diffusion,train,CIFAKE public Kaggle dataset; verify terms before submission
data/raw/cifake/archive/train/FAKE/1228 (10).jpg,1,cifake,stable_diffusion,train,CIFAKE public Kaggle dataset; verify terms before submission
data/raw/cifake/archive/train/FAKE/3280 (2).jpg,1,cifake,stable_diffusion,train,CIFAKE public Kaggle dataset; verify terms before submission
data/raw/cifake/archive/train/REAL/2743 (3).jpg,0,cifake,cifar10,train,CIFAKE public Kaggle dataset; verify terms before submission
data/raw/cifake/archive/train/REAL/1481 (4).jpg,0,cifake,cifar10,train,CIFAKE public Kaggle dataset; verify terms before submission
data/raw/cifake/archive/train/REAL/0856 (3).jpg,0,cifake,cifar10,train,CIFAKE public Kaggle dataset; verify terms before submission
data/raw/cifake/archive/train/FAKE/5261 (3).jpg,1,cifake,stable_diffusion,train,CIFAKE public Kaggle dataset; verify terms before submission
data/raw/cifake/archive/train/FAKE/4002 (3).jpg,1,cifake,stable_diffusion,train,CIFAKE public Kaggle dataset; verify terms before submission
data/raw/cifake/archive/train/REAL/3399 (8).jpg,0,cifake,cifar10,train,CIFAKE public Kaggle dataset; verify terms before submission
data/raw/cifake/archive/train/REAL/3759 (10).jpg,0,cifake,cifar10,train,CIFAKE public Kaggle dataset; verify terms before submission
data/raw/cifake/archive/train/REAL/3746 (9).jpg,0,cifake,cifar10,train,CIFAKE public Kaggle dataset; verify terms before submission
data/raw/cifake/archive/train/REAL/2948 (4).jpg,0,cifake,cifar10,train,CIFAKE public Kaggle dataset; verify terms before submission
data/raw/cifake/archive/train/REAL/3599 (2).jpg,0,cifake,cifar10,train,CIFAKE public Kaggle dataset; verify terms before submission
data/raw/cifake/archive/train/FAKE/2082 (2).jpg,1,cifake,stable_diffusion,train,CIFAKE public Kaggle dataset; verify terms before submission
data/raw/cifake/archive/train/FAKE/5726 (7).jpg,1,cifake,stable_diffusion,train,CIFAKE public Kaggle dataset; verify terms before submission
data/raw/cifake/archive/train/FAKE/5803 (9).jpg,1,cifake,stable_diffusion,train,CIFAKE public Kaggle dataset; verify terms before submission
data/raw/cifake/archive/train/REAL/3475 (8).jpg,0,cifake,cifar10,train,CIFAKE public Kaggle dataset; verify terms before submission
data/raw/cifake/archive/train/FAKE/4350 (10).jpg,1,cifake,stable_diffusion,train,CIFAKE public Kaggle dataset; verify terms before submission
data/raw/cifake/archive/train/FAKE/5259 (10).jpg,1,cifake,stable_diffusion,train,CIFAKE public Kaggle dataset; verify terms before submission
data/raw/cifake/archive/train/FAKE/2894 (7).jpg,1,cifake,stable_diffusion,train,CIFAKE public Kaggle dataset; verify terms before submission
data/raw/cifake/archive/train/FAKE/3043 (7).jpg,1,cifake,stable_diffusion,train,CIFAKE public Kaggle dataset; verify terms before submission
data/raw/cifake/archive/train/REAL/2223 (9).jpg,0,cifake,cifar10,train,CIFAKE public Kaggle dataset; verify terms before submission
data/raw/cifake/archive/train/FAKE/2175 (10).jpg,1,cifake,stable_diffusion,train,CIFAKE public Kaggle dataset; verify terms before submission
data/raw/cifake/archive/train/FAKE/3978 (5).jpg,1,cifake,stable_diffusion,train,CIFAKE public Kaggle dataset; verify terms before submission
data/raw/cifake/archive/train/REAL/3010 (5).jpg,0,cifake,cifar10,train,CIFAKE public Kaggle dataset; verify terms before submission
data/raw/cifake/archive/train/FAKE/2849 (2).jpg,1,cifake,stable_diffusion,train,CIFAKE public Kaggle dataset; verify terms before submission
data/raw/cifake/archive/train/FAKE/3549 (6).jpg,1,cifake,stable_diffusion,train,CIFAKE public Kaggle dataset; verify terms before submission
data/raw/cifake/archive/train/REAL/1310 (6).jpg,0,cifake,cifar10,train,CIFAKE public Kaggle dataset; verify terms before submission
data/raw/cifake/archive/train/FAKE/2093 (2).jpg,1,cifake,stable_diffusion,train,CIFAKE public Kaggle dataset; verify terms before submission
data/raw/cifake/archive/train/REAL/0130 (7).jpg,0,cifake,cifar10,train,CIFAKE public Kaggle dataset; verify terms before submission
data/raw/cifake/archive/train/FAKE/3879.jpg,1,cifake,stable_diffusion,train,CIFAKE public Kaggle dataset; verify terms before submission
data/raw/cifake/archive/train/FAKE/5402.jpg,1,cifake,stable_diffusion,train,CIFAKE public Kaggle dataset; verify terms before submission
data/raw/cifake/archive/train/FAKE/5593 (2).jpg,1,cifake,stable_diffusion,train,CIFAKE public Kaggle dataset; verify terms before submission
data/raw/cifake/archive/train/REAL/1038 (6).jpg,0,cifake,cifar10,train,CIFAKE public Kaggle dataset; verify terms before submission
data/raw/cifake/archive/train/FAKE/5989 (8).jpg,1,cifake,stable_diffusion,train,CIFAKE public Kaggle dataset; verify terms before submission
data/raw/cifake/archive/train/FAKE/1768 (9).jpg,1,cifake,stable_diffusion,train,CIFAKE public Kaggle dataset; verify terms before submission
data/raw/cifake/archive/train/FAKE/3072 (6).jpg,1,cifake,stable_diffusion,train,CIFAKE public Kaggle dataset; verify terms before submission
data/raw/cifake/archive/train/FAKE/3909 (6).jpg,1,cifake,stable_diffusion,train,CIFAKE public Kaggle dataset; verify terms before submission
data/raw/cifake/archive/train/FAKE/4147 (10).jpg,1,cifake,stable_diffusion,train,CIFAKE public Kaggle dataset; verify terms before submission
data/raw/cifake/archive/train/FAKE/2963 (7).jpg,1,cifake,stable_diffusion,train,CIFAKE public Kaggle dataset; verify terms before submission
data/raw/cifake/archive/train/FAKE/2291 (7).jpg,1,cifake,stable_diffusion,train,CIFAKE public Kaggle dataset; verify terms before submission
data/raw/cifake/archive/train/FAKE/5172 (5).jpg,1,cifake,stable_diffusion,train,CIFAKE public Kaggle dataset; verify terms before submission
data/raw/cifake/archive/train/REAL/2380 (6).jpg,0,cifake,cifar10,train,CIFAKE public Kaggle dataset; verify terms before submission
data/raw/cifake/archive/train/FAKE/4834 (9).jpg,1,cifake,stable_diffusion,train,CIFAKE public Kaggle dataset; verify terms before submission
data/raw/cifake/archive/train/REAL/2998 (6).jpg,0,cifake,cifar10,train,CIFAKE public Kaggle dataset; verify terms before submission
data/raw/cifake/archive/train/FAKE/4828 (4).jpg,1,cifake,stable_diffusion,train,CIFAKE public Kaggle dataset; verify terms before submission
data/raw/cifake/archive/train/FAKE/4197.jpg,1,cifake,stable_diffusion,train,CIFAKE public Kaggle dataset; verify terms before submission
data/raw/cifake/archive/train/REAL/2220 (2).jpg,0,cifake,cifar10,train,CIFAKE public Kaggle dataset; verify terms before submission
data/raw/cifake/archive/train/FAKE/4074 (3).jpg,1,cifake,stable_diffusion,train,CIFAKE public Kaggle dataset; verify terms before submission
data/raw/cifake/archive/train/REAL/0515.jpg,0,cifake,cifar10,train,CIFAKE public Kaggle dataset; verify terms before submission
data/raw/cifake/archive/train/FAKE/3264 (2).jpg,1,cifake,stable_diffusion,train,CIFAKE public Kaggle dataset; verify terms before submission
data/raw/cifake/archive/train/FAKE/5737 (7).jpg,1,cifake,stable_diffusion,train,CIFAKE public Kaggle dataset; verify terms before submission
data/raw/cifake/archive/train/REAL/4090 (7).jpg,0,cifake,cifar10,train,CIFAKE public Kaggle dataset; verify terms before submission
data/raw/cifake/archive/train/FAKE/1905 (9).jpg,1,cifake,stable_diffusion,train,CIFAKE public Kaggle dataset; verify terms before submission
data/raw/cifake/archive/train/REAL/3394.jpg,0,cifake,cifar10,train,CIFAKE public Kaggle dataset; verify terms before submission
data/raw/cifake/archive/train/FAKE/1583 (5).jpg,1,cifake,stable_diffusion,train,CIFAKE public Kaggle dataset; verify terms before submission
data/raw/cifake/archive/train/FAKE/3170 (7).jpg,1,cifake,stable_diffusion,train,CIFAKE public Kaggle dataset; verify terms before submission
data/raw/cifake/archive/train/REAL/0553 (9).jpg,0,cifake,cifar10,train,CIFAKE public Kaggle dataset; verify terms before submission
data/raw/cifake/archive/train/REAL/0195 (6).jpg,0,cifake,cifar10,train,CIFAKE public Kaggle dataset; verify terms before submission
data/raw/cifake/archive/train/REAL/2779 (9).jpg,0,cifake,cifar10,train,CIFAKE public Kaggle dataset; verify terms before submission
data/raw/cifake/archive/train/FAKE/5538 (3).jpg,1,cifake,stable_diffusion,train,CIFAKE public Kaggle dataset; verify terms before submission
data/raw/cifake/archive/train/REAL/4015 (2).jpg,0,cifake,cifar10,train,CIFAKE public Kaggle dataset; verify terms before submission
data/raw/cifake/archive/train/FAKE/3240 (4).jpg,1,cifake,stable_diffusion,train,CIFAKE public Kaggle dataset; verify terms before submission
data/raw/cifake/archive/train/REAL/4865 (4).jpg,0,cifake,cifar10,train,CIFAKE public Kaggle dataset; verify terms before submission
data/raw/cifake/archive/train/FAKE/3839 (5).jpg,1,cifake,stable_diffusion,train,CIFAKE public Kaggle dataset; verify terms before submission
data/raw/cifake/archive/train/FAKE/5035 (10).jpg,1,cifake,stable_diffusion,train,CIFAKE public Kaggle dataset; verify terms before submission
data/raw/cifake/archive/train/FAKE/2323 (5).jpg,1,cifake,stable_diffusion,train,CIFAKE public Kaggle dataset; verify terms before submission
data/raw/cifake/archive/train/REAL/1263 (7).jpg,0,cifake,cifar10,train,CIFAKE public Kaggle dataset; verify terms before submission
data/raw/cifake/archive/train/FAKE/1123 (6).jpg,1,cifake,stable_diffusion,train,CIFAKE public Kaggle dataset; verify terms before submission
data/raw/cifake/archive/train/REAL/3454 (4).jpg,0,cifake,cifar10,train,CIFAKE public Kaggle dataset; verify terms before submission
data/raw/cifake/archive/train/REAL/1303 (6).jpg,0,cifake,cifar10,train,CIFAKE public Kaggle dataset; verify terms before submission
data/raw/cifake/archive/train/FAKE/5218 (2).jpg,1,cifake,stable_diffusion,train,CIFAKE public Kaggle dataset; verify terms before submission
data/raw/cifake/archive/train/FAKE/4728 (3).jpg,1,cifake,stable_diffusion,train,CIFAKE public Kaggle dataset; verify terms before submission
data/raw/cifake/archive/train/FAKE/2509 (2).jpg,1,cifake,stable_diffusion,train,CIFAKE public Kaggle dataset; verify terms before submission
data/raw/cifake/archive/train/FAKE/5528 (5).jpg,1,cifake,stable_diffusion,train,CIFAKE public Kaggle dataset; verify terms before submission
data/raw/cifake/archive/train/REAL/2971 (10).jpg,0,cifake,cifar10,train,CIFAKE public Kaggle dataset; verify terms before submission
data/raw/cifake/archive/train/FAKE/4920 (9).jpg,1,cifake,stable_diffusion,train,CIFAKE public Kaggle dataset; verify terms before submission
data/raw/cifake/archive/train/REAL/0982 (6).jpg,0,cifake,cifar10,train,CIFAKE public Kaggle dataset; verify terms before submission
data/raw/cifake/archive/train/FAKE/2659.jpg,1,cifake,stable_diffusion,train,CIFAKE public Kaggle dataset; verify terms before submission
data/raw/cifake/archive/train/FAKE/1358 (9).jpg,1,cifake,stable_diffusion,train,CIFAKE public Kaggle dataset; verify terms before submission
data/raw/cifake/archive/train/REAL/0519 (7).jpg,0,cifake,cifar10,train,CIFAKE public Kaggle dataset; verify terms before submission
data/raw/cifake/archive/train/FAKE/2220 (9).jpg,1,cifake,stable_diffusion,train,CIFAKE public Kaggle dataset; verify terms before submission
data/raw/cifake/archive/train/REAL/3042 (2).jpg,0,cifake,cifar10,train,CIFAKE public Kaggle dataset; verify terms before submission
data/raw/cifake/archive/train/FAKE/1989 (3).jpg,1,cifake,stable_diffusion,train,CIFAKE public Kaggle dataset; verify terms before submission
data/raw/cifake/archive/train/FAKE/4804 (3).jpg,1,cifake,stable_diffusion,train,CIFAKE public Kaggle dataset; verify terms before submission
data/raw/cifake/archive/train/FAKE/4659 (9).jpg,1,cifake,stable_diffusion,train,CIFAKE public Kaggle dataset; verify terms before submission
data/raw/cifake/archive/train/FAKE/3457 (5).jpg,1,cifake,stable_diffusion,train,CIFAKE public Kaggle dataset; verify terms before submission
data/raw/cifake/archive/train/FAKE/5364 (2).jpg,1,cifake,stable_diffusion,train,CIFAKE public Kaggle dataset; verify terms before submission
data/raw/cifake/archive/train/FAKE/5946 (6).jpg,1,cifake,stable_diffusion,train,CIFAKE public Kaggle dataset; verify terms before submission
data/raw/cifake/archive/train/FAKE/4428 (8).jpg,1,cifake,stable_diffusion,train,CIFAKE public Kaggle dataset; verify terms before submission
data/raw/cifake/archive/train/REAL/1608.jpg,0,cifake,cifar10,train,CIFAKE public Kaggle dataset; verify terms before submission
data/raw/cifake/archive/train/REAL/2379 (7).jpg,0,cifake,cifar10,train,CIFAKE public Kaggle dataset; verify terms before submission
data/raw/cifake/archive/train/FAKE/4629 (5).jpg,1,cifake,stable_diffusion,train,CIFAKE public Kaggle dataset; verify terms before submission
data/raw/cifake/archive/train/FAKE/2167 (7).jpg,1,cifake,stable_diffusion,train,CIFAKE public Kaggle dataset; verify terms before submission
data/raw/cifake/archive/train/FAKE/5332 (5).jpg,1,cifake,stable_diffusion,train,CIFAKE public Kaggle dataset; verify terms before submission
data/raw/cifake/archive/train/REAL/1456 (4).jpg,0,cifake,cifar10,train,CIFAKE public Kaggle dataset; verify terms before submission
data/raw/cifake/archive/train/FAKE/2516 (5).jpg,1,cifake,stable_diffusion,train,CIFAKE public Kaggle dataset; verify terms before submission
data/raw/cifake/archive/train/FAKE/1361.jpg,1,cifake,stable_diffusion,train,CIFAKE public Kaggle dataset; verify terms before submission
data/raw/cifake/archive/train/FAKE/5386 (7).jpg,1,cifake,stable_diffusion,train,CIFAKE public Kaggle dataset; verify terms before submission
data/raw/cifake/archive/train/FAKE/5770 (10).jpg,1,cifake,stable_diffusion,train,CIFAKE public Kaggle dataset; verify terms before submission
data/raw/cifake/archive/train/REAL/1058 (3).jpg,0,cifake,cifar10,train,CIFAKE public Kaggle dataset; verify terms before submission
data/raw/cifake/archive/train/FAKE/4971 (7).jpg,1,cifake,stable_diffusion,train,CIFAKE public Kaggle dataset; verify terms before submission
data/raw/cifake/archive/train/FAKE/4440 (8).jpg,1,cifake,stable_diffusion,train,CIFAKE public Kaggle dataset; verify terms before submission
data/raw/cifake/archive/train/FAKE/1569 (2).jpg,1,cifake,stable_diffusion,train,CIFAKE public Kaggle dataset; verify terms before submission
data/raw/cifake/archive/train/REAL/1088 (10).jpg,0,cifake,cifar10,train,CIFAKE public Kaggle dataset; verify terms before submission
data/raw/cifake/archive/train/FAKE/3031 (7).jpg,1,cifake,stable_diffusion,train,CIFAKE public Kaggle dataset; verify terms before submission
data/raw/cifake/archive/train/REAL/4185 (4).jpg,0,cifake,cifar10,train,CIFAKE public Kaggle dataset; verify terms before submission
data/raw/cifake/archive/train/FAKE/4013 (7).jpg,1,cifake,stable_diffusion,train,CIFAKE public Kaggle dataset; verify terms before submission
data/raw/cifake/archive/train/REAL/2054 (4).jpg,0,cifake,cifar10,train,CIFAKE public Kaggle dataset; verify terms before submission
data/raw/cifake/archive/train/REAL/4200 (10).jpg,0,cifake,cifar10,train,CIFAKE public Kaggle dataset; verify terms before submission
data/raw/cifake/archive/train/FAKE/4635 (6).jpg,1,cifake,stable_diffusion,train,CIFAKE public Kaggle dataset; verify terms before submission
data/raw/cifake/archive/train/FAKE/4837 (9).jpg,1,cifake,stable_diffusion,train,CIFAKE public Kaggle dataset; verify terms before submission
data/raw/cifake/archive/train/FAKE/5944 (6).jpg,1,cifake,stable_diffusion,train,CIFAKE public Kaggle dataset; verify terms before submission
data/raw/cifake/archive/train/REAL/0288 (2).jpg,0,cifake,cifar10,train,CIFAKE public Kaggle dataset; verify terms before submission
data/raw/cifake/archive/train/FAKE/1166 (7).jpg,1,cifake,stable_diffusion,train,CIFAKE public Kaggle dataset; verify terms before submission
data/raw/cifake/archive/train/FAKE/4493 (6).jpg,1,cifake,stable_diffusion,train,CIFAKE public Kaggle dataset; verify terms before submission
data/raw/cifake/archive/train/REAL/3238 (8).jpg,0,cifake,cifar10,train,CIFAKE public Kaggle dataset; verify terms before submission
data/raw/cifake/archive/train/REAL/4614 (2).jpg,0,cifake,cifar10,train,CIFAKE public Kaggle dataset; verify terms before submission
data/raw/cifake/archive/train/FAKE/5529 (4).jpg,1,cifake,stable_diffusion,train,CIFAKE public Kaggle dataset; verify terms before submission
data/raw/cifake/archive/train/FAKE/1850 (3).jpg,1,cifake,stable_diffusion,train,CIFAKE public Kaggle dataset; verify terms before submission
data/raw/cifake/archive/train/FAKE/3927 (2).jpg,1,cifake,stable_diffusion,train,CIFAKE public Kaggle dataset; verify terms before submission
data/raw/cifake/archive/train/FAKE/1984 (2).jpg,1,cifake,stable_diffusion,train,CIFAKE public Kaggle dataset; verify terms before submission
data/raw/cifake/archive/train/FAKE/2489 (6).jpg,1,cifake,stable_diffusion,train,CIFAKE public Kaggle dataset; verify terms before submission
data/raw/cifake/archive/train/REAL/2208 (10).jpg,0,cifake,cifar10,train,CIFAKE public Kaggle dataset; verify terms before submission
data/raw/cifake/archive/train/REAL/2506 (7).jpg,0,cifake,cifar10,train,CIFAKE public Kaggle dataset; verify terms before submission
data/raw/cifake/archive/train/REAL/4792 (9).jpg,0,cifake,cifar10,train,CIFAKE public Kaggle dataset; verify terms before submission
data/raw/cifake/archive/train/REAL/0285 (4).jpg,0,cifake,cifar10,train,CIFAKE public Kaggle dataset; verify terms before submission
data/raw/cifake/archive/train/FAKE/3492.jpg,1,cifake,stable_diffusion,train,CIFAKE public Kaggle dataset; verify terms before submission
data/raw/cifake/archive/train/FAKE/3358 (9).jpg,1,cifake,stable_diffusion,train,CIFAKE public Kaggle dataset; verify terms before submission
data/raw/cifake/archive/train/REAL/4447 (3).jpg,0,cifake,cifar10,train,CIFAKE public Kaggle dataset; verify terms before submission
data/raw/cifake/archive/train/FAKE/4604 (6).jpg,1,cifake,stable_diffusion,train,CIFAKE public Kaggle dataset; verify terms before submission
data/raw/cifake/archive/train/REAL/0507 (8).jpg,0,cifake,cifar10,train,CIFAKE public Kaggle dataset; verify terms before submission
data/raw/cifake/archive/train/FAKE/5737 (2).jpg,1,cifake,stable_diffusion,train,CIFAKE public Kaggle dataset; verify terms before submission
data/raw/cifake/archive/train/REAL/2281 (6).jpg,0,cifake,cifar10,train,CIFAKE public Kaggle dataset; verify terms before submission
data/raw/cifake/archive/train/REAL/2174 (5).jpg,0,cifake,cifar10,train,CIFAKE public Kaggle dataset; verify terms before submission
data/raw/cifake/archive/train/REAL/0042 (6).jpg,0,cifake,cifar10,train,CIFAKE public Kaggle dataset; verify terms before submission
data/raw/cifake/archive/train/REAL/4951 (8).jpg,0,cifake,cifar10,train,CIFAKE public Kaggle dataset; verify terms before submission
data/raw/cifake/archive/train/REAL/3652 (3).jpg,0,cifake,cifar10,train,CIFAKE public Kaggle dataset; verify terms before submission
data/raw/cifake/archive/train/REAL/0322 (5).jpg,0,cifake,cifar10,train,CIFAKE public Kaggle dataset; verify terms before submission
data/raw/cifake/archive/train/REAL/3161.jpg,0,cifake,cifar10,train,CIFAKE public Kaggle dataset; verify terms before submission
data/raw/cifake/archive/train/REAL/1111 (6).jpg,0,cifake,cifar10,train,CIFAKE public Kaggle dataset; verify terms before submission
data/raw/cifake/archive/train/REAL/4914 (7).jpg,0,cifake,cifar10,train,CIFAKE public Kaggle dataset; verify terms before submission
data/raw/cifake/archive/train/FAKE/1757 (7).jpg,1,cifake,stable_diffusion,train,CIFAKE public Kaggle dataset; verify terms before submission
data/raw/cifake/archive/train/FAKE/2429 (2).jpg,1,cifake,stable_diffusion,train,CIFAKE public Kaggle dataset; verify terms before submission
data/raw/cifake/archive/train/REAL/2293 (2).jpg,0,cifake,cifar10,train,CIFAKE public Kaggle dataset; verify terms before submission
data/raw/cifake/archive/train/REAL/3657 (2).jpg,0,cifake,cifar10,train,CIFAKE public Kaggle dataset; verify terms before submission
data/raw/cifake/archive/train/FAKE/5187 (8).jpg,1,cifake,stable_diffusion,train,CIFAKE public Kaggle dataset; verify terms before submission
data/raw/cifake/archive/train/FAKE/4879.jpg,1,cifake,stable_diffusion,train,CIFAKE public Kaggle dataset; verify terms before submission
data/raw/cifake/archive/train/REAL/1243 (9).jpg,0,cifake,cifar10,train,CIFAKE public Kaggle dataset; verify terms before submission
data/raw/cifake/archive/train/FAKE/5176 (10).jpg,1,cifake,stable_diffusion,train,CIFAKE public Kaggle dataset; verify terms before submission
data/raw/cifake/archive/train/REAL/4804.jpg,0,cifake,cifar10,train,CIFAKE public Kaggle dataset; verify terms before submission
data/raw/cifake/archive/train/FAKE/4004 (3).jpg,1,cifake,stable_diffusion,train,CIFAKE public Kaggle dataset; verify terms before submission
data/raw/cifake/archive/train/REAL/3273 (10).jpg,0,cifake,cifar10,train,CIFAKE public Kaggle dataset; verify terms before submission
data/raw/cifake/archive/train/FAKE/1677 (9).jpg,1,cifake,stable_diffusion,train,CIFAKE public Kaggle dataset; verify terms before submission
data/raw/cifake/archive/train/FAKE/3050 (6).jpg,1,cifake,stable_diffusion,train,CIFAKE public Kaggle dataset; verify terms before submission
data/raw/cifake/archive/train/REAL/2688 (3).jpg,0,cifake,cifar10,train,CIFAKE public Kaggle dataset; verify terms before submission
data/raw/cifake/archive/train/REAL/1560 (6).jpg,0,cifake,cifar10,train,CIFAKE public Kaggle dataset; verify terms before submission
data/raw/cifake/archive/train/REAL/0310.jpg,0,cifake,cifar10,train,CIFAKE public Kaggle dataset; verify terms before submission
data/raw/cifake/archive/train/FAKE/2826.jpg,1,cifake,stable_diffusion,train,CIFAKE public Kaggle dataset; verify terms before submission
data/raw/cifake/archive/train/REAL/0071 (4).jpg,0,cifake,cifar10,train,CIFAKE public Kaggle dataset; verify terms before submission
data/raw/cifake/archive/train/FAKE/2318 (7).jpg,1,cifake,stable_diffusion,train,CIFAKE public Kaggle dataset; verify terms before submission
data/raw/cifake/archive/train/REAL/4529 (7).jpg,0,cifake,cifar10,train,CIFAKE public Kaggle dataset; verify terms before submission
data/raw/cifake/archive/train/FAKE/4563 (4).jpg,1,cifake,stable_diffusion,train,CIFAKE public Kaggle dataset; verify terms before submission
data/raw/cifake/archive/train/REAL/0589 (5).jpg,0,cifake,cifar10,train,CIFAKE public Kaggle dataset; verify terms before submission
data/raw/cifake/archive/train/REAL/3288.jpg,0,cifake,cifar10,train,CIFAKE public Kaggle dataset; verify terms before submission
data/raw/cifake/archive/train/REAL/1647 (7).jpg,0,cifake,cifar10,train,CIFAKE public Kaggle dataset; verify terms before submission
data/raw/cifake/archive/train/REAL/1279 (4).jpg,0,cifake,cifar10,train,CIFAKE public Kaggle dataset; verify terms before submission
data/raw/cifake/archive/train/REAL/3030 (2).jpg,0,cifake,cifar10,train,CIFAKE public Kaggle dataset; verify terms before submission
data/raw/cifake/archive/train/FAKE/4658 (2).jpg,1,cifake,stable_diffusion,train,CIFAKE public Kaggle dataset; verify terms before submission
data/raw/cifake/archive/train/FAKE/5204 (10).jpg,1,cifake,stable_diffusion,train,CIFAKE public Kaggle dataset; verify terms before submission
data/raw/cifake/archive/train/FAKE/5212 (10).jpg,1,cifake,stable_diffusion,train,CIFAKE public Kaggle dataset; verify terms before submission
data/raw/cifake/archive/train/REAL/1631 (5).jpg,0,cifake,cifar10,train,CIFAKE public Kaggle dataset; verify terms before submission
data/raw/cifake/archive/train/FAKE/2502 (5).jpg,1,cifake,stable_diffusion,train,CIFAKE public Kaggle dataset; verify terms before submission
data/raw/cifake/archive/train/FAKE/3830 (8).jpg,1,cifake,stable_diffusion,train,CIFAKE public Kaggle dataset; verify terms before submission
data/raw/cifake/archive/train/FAKE/1791 (9).jpg,1,cifake,stable_diffusion,train,CIFAKE public Kaggle dataset; verify terms before submission
data/raw/cifake/archive/train/FAKE/1814 (4).jpg,1,cifake,stable_diffusion,train,CIFAKE public Kaggle dataset; verify terms before submission
data/raw/cifake/archive/train/REAL/0454 (5).jpg,0,cifake,cifar10,train,CIFAKE public Kaggle dataset; verify terms before submission
data/raw/cifake/archive/train/REAL/0435 (4).jpg,0,cifake,cifar10,train,CIFAKE public Kaggle dataset; verify terms before submission
data/raw/cifake/archive/train/REAL/1860 (10).jpg,0,cifake,cifar10,train,CIFAKE public Kaggle dataset; verify terms before submission
data/raw/cifake/archive/train/REAL/0495.jpg,0,cifake,cifar10,train,CIFAKE public Kaggle dataset; verify terms before submission
data/raw/cifake/archive/train/FAKE/2482 (3).jpg,1,cifake,stable_diffusion,train,CIFAKE public Kaggle dataset; verify terms before submission
data/raw/cifake/archive/train/FAKE/2269 (6).jpg,1,cifake,stable_diffusion,train,CIFAKE public Kaggle dataset; verify terms before submission
data/raw/cifake/archive/train/FAKE/1848 (4).jpg,1,cifake,stable_diffusion,train,CIFAKE public Kaggle dataset; verify terms before submission
data/raw/cifake/archive/train/FAKE/2049.jpg,1,cifake,stable_diffusion,train,CIFAKE public Kaggle dataset; verify terms before submission
data/raw/cifake/archive/train/FAKE/5076 (9).jpg,1,cifake,stable_diffusion,train,CIFAKE public Kaggle dataset; verify terms before submission
data/raw/cifake/archive/train/FAKE/2733 (4).jpg,1,cifake,stable_diffusion,train,CIFAKE public Kaggle dataset; verify terms before submission
data/raw/cifake/archive/train/REAL/0820 (6).jpg,0,cifake,cifar10,train,CIFAKE public Kaggle dataset; verify terms before submission
data/raw/cifake/archive/train/FAKE/3304 (4).jpg,1,cifake,stable_diffusion,train,CIFAKE public Kaggle dataset; verify terms before submission
data/raw/cifake/archive/train/REAL/3112 (4).jpg,0,cifake,cifar10,train,CIFAKE public Kaggle dataset; verify terms before submission
data/raw/cifake/archive/train/FAKE/4901 (10).jpg,1,cifake,stable_diffusion,train,CIFAKE public Kaggle dataset; verify terms before submission
data/raw/cifake/archive/train/FAKE/5061.jpg,1,cifake,stable_diffusion,train,CIFAKE public Kaggle dataset; verify terms before submission
data/raw/cifake/archive/train/FAKE/1804 (7).jpg,1,cifake,stable_diffusion,train,CIFAKE public Kaggle dataset; verify terms before submission
data/raw/cifake/archive/train/FAKE/2589.jpg,1,cifake,stable_diffusion,train,CIFAKE public Kaggle dataset; verify terms before submission
data/raw/cifake/archive/train/REAL/3859 (7).jpg,0,cifake,cifar10,train,CIFAKE public Kaggle dataset; verify terms before submission
data/raw/cifake/archive/train/FAKE/2050 (10).jpg,1,cifake,stable_diffusion,train,CIFAKE public Kaggle dataset; verify terms before submission
data/raw/cifake/archive/train/REAL/4814 (9).jpg,0,cifake,cifar10,train,CIFAKE public Kaggle dataset; verify terms before submission
data/raw/cifake/archive/train/REAL/1781.jpg,0,cifake,cifar10,train,CIFAKE public Kaggle dataset; verify terms before submission
data/raw/cifake/archive/train/REAL/4066 (2).jpg,0,cifake,cifar10,train,CIFAKE public Kaggle dataset; verify terms before submission
data/raw/cifake/archive/train/REAL/4910 (5).jpg,0,cifake,cifar10,train,CIFAKE public Kaggle dataset; verify terms before submission
data/raw/cifake/archive/train/REAL/0863 (7).jpg,0,cifake,cifar10,train,CIFAKE public Kaggle dataset; verify terms before submission
data/raw/cifake/archive/train/REAL/2091 (9).jpg,0,cifake,cifar10,train,CIFAKE public Kaggle dataset; verify terms before submission
data/raw/cifake/archive/train/REAL/3685 (8).jpg,0,cifake,cifar10,train,CIFAKE public Kaggle dataset; verify terms before submission
data/raw/cifake/archive/train/REAL/1755 (6).jpg,0,cifake,cifar10,train,CIFAKE public Kaggle dataset; verify terms before submission
data/raw/cifake/archive/train/FAKE/2802 (9).jpg,1,cifake,stable_diffusion,train,CIFAKE public Kaggle dataset; verify terms before submission
data/raw/cifake/archive/train/REAL/2506 (8).jpg,0,cifake,cifar10,train,CIFAKE public Kaggle dataset; verify terms before submission
data/raw/cifake/archive/train/REAL/3481.jpg,0,cifake,cifar10,train,CIFAKE public Kaggle dataset; verify terms before submission
data/raw/cifake/archive/train/REAL/4787 (8).jpg,0,cifake,cifar10,train,CIFAKE public Kaggle dataset; verify terms before submission
data/raw/cifake/archive/train/REAL/3323.jpg,0,cifake,cifar10,train,CIFAKE public Kaggle dataset; verify terms before submission
data/raw/cifake/archive/train/FAKE/4372 (7).jpg,1,cifake,stable_diffusion,train,CIFAKE public Kaggle dataset; verify terms before submission
data/raw/cifake/archive/train/FAKE/3254 (8).jpg,1,cifake,stable_diffusion,train,CIFAKE public Kaggle dataset; verify terms before submission
data/raw/cifake/archive/train/REAL/2275 (4).jpg,0,cifake,cifar10,train,CIFAKE public Kaggle dataset; verify terms before submission
data/raw/cifake/archive/train/REAL/4218 (3).jpg,0,cifake,cifar10,train,CIFAKE public Kaggle dataset; verify terms before submission
data/raw/cifake/archive/train/REAL/3257 (6).jpg,0,cifake,cifar10,train,CIFAKE public Kaggle dataset; verify terms before submission
data/raw/cifake/archive/train/REAL/1719 (6).jpg,0,cifake,cifar10,train,CIFAKE public Kaggle dataset; verify terms before submission
data/raw/cifake/archive/train/FAKE/4418 (10).jpg,1,cifake,stable_diffusion,train,CIFAKE public Kaggle dataset; verify terms before submission
data/raw/cifake/archive/train/REAL/0456 (3).jpg,0,cifake,cifar10,train,CIFAKE public Kaggle dataset; verify terms before submission
data/raw/cifake/archive/train/REAL/1269 (5).jpg,0,cifake,cifar10,train,CIFAKE public Kaggle dataset; verify terms before submission
data/raw/cifake/archive/train/FAKE/2959 (7).jpg,1,cifake,stable_diffusion,train,CIFAKE public Kaggle dataset; verify terms before submission
data/raw/cifake/archive/train/REAL/2410 (4).jpg,0,cifake,cifar10,train,CIFAKE public Kaggle dataset; verify terms before submission
data/raw/cifake/archive/train/REAL/1612 (9).jpg,0,cifake,cifar10,train,CIFAKE public Kaggle dataset; verify terms before submission
data/raw/cifake/archive/train/FAKE/5140 (5).jpg,1,cifake,stable_diffusion,train,CIFAKE public Kaggle dataset; verify terms before submission
data/raw/cifake/archive/train/REAL/3113 (6).jpg,0,cifake,cifar10,train,CIFAKE public Kaggle dataset; verify terms before submission
data/raw/cifake/archive/train/FAKE/2219 (3).jpg,1,cifake,stable_diffusion,train,CIFAKE public Kaggle dataset; verify terms before submission
data/raw/cifake/archive/train/FAKE/5363 (8).jpg,1,cifake,stable_diffusion,train,CIFAKE public Kaggle dataset; verify terms before submission
data/raw/cifake/archive/train/REAL/0576 (4).jpg,0,cifake,cifar10,train,CIFAKE public Kaggle dataset; verify terms before submission
data/raw/cifake/archive/train/REAL/4270 (3).jpg,0,cifake,cifar10,train,CIFAKE public Kaggle dataset; verify terms before submission
data/raw/cifake/archive/train/REAL/3190 (7).jpg,0,cifake,cifar10,train,CIFAKE public Kaggle dataset; verify terms before submission
data/raw/cifake/archive/train/FAKE/1710 (4).jpg,1,cifake,stable_diffusion,train,CIFAKE public Kaggle dataset; verify terms before submission
data/raw/cifake/archive/train/FAKE/5849 (10).jpg,1,cifake,stable_diffusion,train,CIFAKE public Kaggle dataset; verify terms before submission
data/raw/cifake/archive/train/REAL/4202 (7).jpg,0,cifake,cifar10,train,CIFAKE public Kaggle dataset; verify terms before submission
data/raw/cifake/archive/train/FAKE/1123 (9).jpg,1,cifake,stable_diffusion,train,CIFAKE public Kaggle dataset; verify terms before submission
data/raw/cifake/archive/train/FAKE/5755 (5).jpg,1,cifake,stable_diffusion,train,CIFAKE public Kaggle dataset; verify terms before submission
data/raw/cifake/archive/train/REAL/0898 (4).jpg,0,cifake,cifar10,train,CIFAKE public Kaggle dataset; verify terms before submission
data/raw/cifake/archive/train/REAL/1115 (7).jpg,0,cifake,cifar10,train,CIFAKE public Kaggle dataset; verify terms before submission
data/raw/cifake/archive/train/REAL/3263 (9).jpg,0,cifake,cifar10,train,CIFAKE public Kaggle dataset; verify terms before submission
data/raw/cifake/archive/train/REAL/3557 (5).jpg,0,cifake,cifar10,train,CIFAKE public Kaggle dataset; verify terms before submission
data/raw/cifake/archive/train/REAL/0971 (8).jpg,0,cifake,cifar10,train,CIFAKE public Kaggle dataset; verify terms before submission
data/raw/cifake/archive/train/REAL/2404.jpg,0,cifake,cifar10,train,CIFAKE public Kaggle dataset; verify terms before submission
data/raw/cifake/archive/train/FAKE/1189 (10).jpg,1,cifake,stable_diffusion,train,CIFAKE public Kaggle dataset; verify terms before submission
data/raw/cifake/archive/train/REAL/4832 (10).jpg,0,cifake,cifar10,train,CIFAKE public Kaggle dataset; verify terms before submission
data/raw/cifake/archive/train/FAKE/2249 (4).jpg,1,cifake,stable_diffusion,train,CIFAKE public Kaggle dataset; verify terms before submission
data/raw/cifake/archive/train/FAKE/5076 (3).jpg,1,cifake,stable_diffusion,train,CIFAKE public Kaggle dataset; verify terms before submission
data/raw/cifake/archive/train/REAL/1444 (2).jpg,0,cifake,cifar10,train,CIFAKE public Kaggle dataset; verify terms before submission
data/raw/cifake/archive/train/FAKE/3197 (10).jpg,1,cifake,stable_diffusion,train,CIFAKE public Kaggle dataset; verify terms before submission
data/raw/cifake/archive/train/REAL/0180 (9).jpg,0,cifake,cifar10,train,CIFAKE public Kaggle dataset; verify terms before submission
data/raw/cifake/archive/train/FAKE/4150 (6).jpg,1,cifake,stable_diffusion,train,CIFAKE public Kaggle dataset; verify terms before submission
data/raw/cifake/archive/train/REAL/4778 (10).jpg,0,cifake,cifar10,train,CIFAKE public Kaggle dataset; verify terms before submission
data/raw/cifake/archive/train/REAL/0168 (9).jpg,0,cifake,cifar10,train,CIFAKE public Kaggle dataset; verify terms before submission
data/raw/cifake/archive/train/REAL/2700 (4).jpg,0,cifake,cifar10,train,CIFAKE public Kaggle dataset; verify terms before submission
data/raw/cifake/archive/train/REAL/2088 (6).jpg,0,cifake,cifar10,train,CIFAKE public Kaggle dataset; verify terms before submission
data/raw/cifake/archive/train/REAL/4093 (7).jpg,0,cifake,cifar10,train,CIFAKE public Kaggle dataset; verify terms before submission
data/raw/cifake/archive/train/REAL/0965 (9).jpg,0,cifake,cifar10,train,CIFAKE public Kaggle dataset; verify terms before submission
data/raw/cifake/archive/train/REAL/2610 (5).jpg,0,cifake,cifar10,train,CIFAKE public Kaggle dataset; verify terms before submission
data/raw/cifake/archive/train/FAKE/2684 (8).jpg,1,cifake,stable_diffusion,train,CIFAKE public Kaggle dataset; verify terms before submission
data/raw/cifake/archive/train/REAL/1516 (3).jpg,0,cifake,cifar10,train,CIFAKE public Kaggle dataset; verify terms before submission
data/raw/cifake/archive/train/REAL/3530 (9).jpg,0,cifake,cifar10,train,CIFAKE public Kaggle dataset; verify terms before submission
data/raw/cifake/archive/train/REAL/4736 (4).jpg,0,cifake,cifar10,train,CIFAKE public Kaggle dataset; verify terms before submission
data/raw/cifake/archive/train/REAL/1276 (3).jpg,0,cifake,cifar10,train,CIFAKE public Kaggle dataset; verify terms before submission
data/raw/cifake/archive/train/REAL/0244 (9).jpg,0,cifake,cifar10,train,CIFAKE public Kaggle dataset; verify terms before submission
data/raw/cifake/archive/train/REAL/4385 (6).jpg,0,cifake,cifar10,train,CIFAKE public Kaggle dataset; verify terms before submission
data/raw/cifake/archive/train/REAL/3488 (5).jpg,0,cifake,cifar10,train,CIFAKE public Kaggle dataset; verify terms before submission
data/raw/cifake/archive/train/REAL/0550 (7).jpg,0,cifake,cifar10,train,CIFAKE public Kaggle dataset; verify terms before submission
data/raw/cifake/archive/train/FAKE/2753 (2).jpg,1,cifake,stable_diffusion,train,CIFAKE public Kaggle dataset; verify terms before submission
data/raw/cifake/archive/train/REAL/4483 (3).jpg,0,cifake,cifar10,train,CIFAKE public Kaggle dataset; verify terms before submission
data/raw/cifake/archive/train/FAKE/1821 (7).jpg,1,cifake,stable_diffusion,train,CIFAKE public Kaggle dataset; verify terms before submission
data/raw/cifake/archive/train/FAKE/5706.jpg,1,cifake,stable_diffusion,train,CIFAKE public Kaggle dataset; verify terms before submission
data/raw/cifake/archive/train/REAL/4062.jpg,0,cifake,cifar10,train,CIFAKE public Kaggle dataset; verify terms before submission
data/raw/cifake/archive/train/REAL/2820 (8).jpg,0,cifake,cifar10,train,CIFAKE public Kaggle dataset; verify terms before submission
data/raw/cifake/archive/train/REAL/2402 (9).jpg,0,cifake,cifar10,train,CIFAKE public Kaggle dataset; verify terms before submission
data/raw/cifake/archive/train/REAL/4137 (2).jpg,0,cifake,cifar10,train,CIFAKE public Kaggle dataset; verify terms before submission
data/raw/cifake/archive/train/REAL/3315 (2).jpg,0,cifake,cifar10,train,CIFAKE public Kaggle dataset; verify terms before submission
data/raw/cifake/archive/train/REAL/2655 (7).jpg,0,cifake,cifar10,train,CIFAKE public Kaggle dataset; verify terms before submission
data/raw/cifake/archive/train/REAL/1030 (10).jpg,0,cifake,cifar10,train,CIFAKE public Kaggle dataset; verify terms before submission
data/raw/cifake/archive/train/REAL/1517 (6).jpg,0,cifake,cifar10,train,CIFAKE public Kaggle dataset; verify terms before submission
data/raw/cifake/archive/train/FAKE/5810 (7).jpg,1,cifake,stable_diffusion,train,CIFAKE public Kaggle dataset; verify terms before submission
data/raw/cifake/archive/train/REAL/3817 (5).jpg,0,cifake,cifar10,train,CIFAKE public Kaggle dataset; verify terms before submission
data/raw/cifake/archive/train/FAKE/3139 (2).jpg,1,cifake,stable_diffusion,train,CIFAKE public Kaggle dataset; verify terms before submission
data/raw/cifake/archive/train/FAKE/4091.jpg,1,cifake,stable_diffusion,train,CIFAKE public Kaggle dataset; verify terms before submission
data/raw/cifake/archive/train/FAKE/4264 (9).jpg,1,cifake,stable_diffusion,train,CIFAKE public Kaggle dataset; verify terms before submission
data/raw/cifake/archive/train/REAL/0308.jpg,0,cifake,cifar10,train,CIFAKE public Kaggle dataset; verify terms before submission
data/raw/cifake/archive/train/FAKE/2948 (4).jpg,1,cifake,stable_diffusion,train,CIFAKE public Kaggle dataset; verify terms before submission
data/raw/cifake/archive/train/REAL/0613 (4).jpg,0,cifake,cifar10,train,CIFAKE public Kaggle dataset; verify terms before submission
data/raw/cifake/archive/train/FAKE/4323.jpg,1,cifake,stable_diffusion,train,CIFAKE public Kaggle dataset; verify terms before submission
data/raw/cifake/archive/train/REAL/3667 (6).jpg,0,cifake,cifar10,train,CIFAKE public Kaggle dataset; verify terms before submission
data/raw/cifake/archive/train/REAL/2703 (4).jpg,0,cifake,cifar10,train,CIFAKE public Kaggle dataset; verify terms before submission
data/raw/cifake/archive/train/REAL/2421 (3).jpg,0,cifake,cifar10,train,CIFAKE public Kaggle dataset; verify terms before submission
data/raw/cifake/archive/train/REAL/3495 (9).jpg,0,cifake,cifar10,train,CIFAKE public Kaggle dataset; verify terms before submission
data/raw/cifake/archive/train/REAL/4545 (7).jpg,0,cifake,cifar10,train,CIFAKE public Kaggle dataset; verify terms before submission
data/raw/cifake/archive/train/FAKE/5698 (9).jpg,1,cifake,stable_diffusion,train,CIFAKE public Kaggle dataset; verify terms before submission
data/raw/cifake/archive/train/REAL/3839 (8).jpg,0,cifake,cifar10,train,CIFAKE public Kaggle dataset; verify terms before submission
data/raw/cifake/archive/train/REAL/4423 (5).jpg,0,cifake,cifar10,train,CIFAKE public Kaggle dataset; verify terms before submission
data/raw/cifake/archive/train/FAKE/5817.jpg,1,cifake,stable_diffusion,train,CIFAKE public Kaggle dataset; verify terms before submission
data/raw/cifake/archive/train/REAL/2545 (7).jpg,0,cifake,cifar10,train,CIFAKE public Kaggle dataset; verify terms before submission
data/raw/cifake/archive/train/REAL/0454 (8).jpg,0,cifake,cifar10,train,CIFAKE public Kaggle dataset; verify terms before submission
data/raw/cifake/archive/train/REAL/1989 (2).jpg,0,cifake,cifar10,train,CIFAKE public Kaggle dataset; verify terms before submission
data/raw/cifake/archive/train/REAL/2409 (9).jpg,0,cifake,cifar10,train,CIFAKE public Kaggle dataset; verify terms before submission
data/raw/cifake/archive/train/REAL/0881.jpg,0,cifake,cifar10,train,CIFAKE public Kaggle dataset; verify terms before submission
data/raw/cifake/archive/train/REAL/1022.jpg,0,cifake,cifar10,train,CIFAKE public Kaggle dataset; verify terms before submission
data/raw/cifake/archive/train/FAKE/5902 (2).jpg,1,cifake,stable_diffusion,train,CIFAKE public Kaggle dataset; verify terms before submission
data/raw/cifake/archive/train/REAL/1414 (4).jpg,0,cifake,cifar10,train,CIFAKE public Kaggle dataset; verify terms before submission
data/raw/cifake/archive/train/FAKE/2138 (2).jpg,1,cifake,stable_diffusion,train,CIFAKE public Kaggle dataset; verify terms before submission
data/raw/cifake/archive/train/FAKE/4158 (5).jpg,1,cifake,stable_diffusion,train,CIFAKE public Kaggle dataset; verify terms before submission
data/raw/cifake/archive/train/FAKE/5634 (9).jpg,1,cifake,stable_diffusion,train,CIFAKE public Kaggle dataset; verify terms before submission
data/raw/cifake/archive/train/FAKE/2689 (2).jpg,1,cifake,stable_diffusion,train,CIFAKE public Kaggle dataset; verify terms before submission
data/raw/cifake/archive/train/FAKE/1378 (2).jpg,1,cifake,stable_diffusion,train,CIFAKE public Kaggle dataset; verify terms before submission
data/raw/cifake/archive/train/REAL/4662 (2).jpg,0,cifake,cifar10,train,CIFAKE public Kaggle dataset; verify terms before submission
data/raw/cifake/archive/train/FAKE/1264 (9).jpg,1,cifake,stable_diffusion,train,CIFAKE public Kaggle dataset; verify terms before submission
data/raw/cifake/archive/train/REAL/3940 (3).jpg,0,cifake,cifar10,train,CIFAKE public Kaggle dataset; verify terms before submission
data/raw/cifake/archive/train/REAL/3981 (9).jpg,0,cifake,cifar10,train,CIFAKE public Kaggle dataset; verify terms before submission
data/raw/cifake/archive/train/REAL/1220 (4).jpg,0,cifake,cifar10,train,CIFAKE public Kaggle dataset; verify terms before submission
data/raw/cifake/archive/train/REAL/0534 (6).jpg,0,cifake,cifar10,train,CIFAKE public Kaggle dataset; verify terms before submission
data/raw/cifake/archive/train/REAL/2859 (5).jpg,0,cifake,cifar10,train,CIFAKE public Kaggle dataset; verify terms before submission
data/raw/cifake/archive/train/FAKE/2216 (8).jpg,1,cifake,stable_diffusion,train,CIFAKE public Kaggle dataset; verify terms before submission
data/raw/cifake/archive/train/FAKE/2620 (9).jpg,1,cifake,stable_diffusion,train,CIFAKE public Kaggle dataset; verify terms before submission
data/raw/cifake/archive/train/FAKE/2207 (7).jpg,1,cifake,stable_diffusion,train,CIFAKE public Kaggle dataset; verify terms before submission
data/raw/cifake/archive/train/REAL/1960 (10).jpg,0,cifake,cifar10,train,CIFAKE public Kaggle dataset; verify terms before submission
data/raw/cifake/archive/train/FAKE/5088 (4).jpg,1,cifake,stable_diffusion,train,CIFAKE public Kaggle dataset; verify terms before submission
data/raw/cifake/archive/train/REAL/1738 (7).jpg,0,cifake,cifar10,train,CIFAKE public Kaggle dataset; verify terms before submission
data/raw/cifake/archive/train/REAL/2542 (7).jpg,0,cifake,cifar10,train,CIFAKE public Kaggle dataset; verify terms before submission
data/raw/cifake/archive/train/FAKE/2629 (6).jpg,1,cifake,stable_diffusion,train,CIFAKE public Kaggle dataset; verify terms before submission
data/raw/cifake/archive/train/FAKE/1877.jpg,1,cifake,stable_diffusion,train,CIFAKE public Kaggle dataset; verify terms before submission
data/raw/cifake/archive/train/REAL/2874 (8).jpg,0,cifake,cifar10,train,CIFAKE public Kaggle dataset; verify terms before submission
data/raw/cifake/archive/train/REAL/4946.jpg,0,cifake,cifar10,train,CIFAKE public Kaggle dataset; verify terms before submission
data/raw/cifake/archive/train/FAKE/3663 (4).jpg,1,cifake,stable_diffusion,train,CIFAKE public Kaggle dataset; verify terms before submission
data/raw/cifake/archive/train/REAL/4286 (4).jpg,0,cifake,cifar10,train,CIFAKE public Kaggle dataset; verify terms before submission
data/raw/cifake/archive/train/REAL/0455 (10).jpg,0,cifake,cifar10,train,CIFAKE public Kaggle dataset; verify terms before submission
data/raw/cifake/archive/train/FAKE/4936 (6).jpg,1,cifake,stable_diffusion,train,CIFAKE public Kaggle dataset; verify terms before submission
data/raw/cifake/archive/train/FAKE/4116 (3).jpg,1,cifake,stable_diffusion,train,CIFAKE public Kaggle dataset; verify terms before submission
data/raw/cifake/archive/train/REAL/2279 (2).jpg,0,cifake,cifar10,train,CIFAKE public Kaggle dataset; verify terms before submission
data/raw/cifake/archive/train/REAL/3925 (2).jpg,0,cifake,cifar10,train,CIFAKE public Kaggle dataset; verify terms before submission
data/raw/cifake/archive/train/FAKE/3561 (7).jpg,1,cifake,stable_diffusion,train,CIFAKE public Kaggle dataset; verify terms before submission
data/raw/cifake/archive/train/REAL/4627.jpg,0,cifake,cifar10,train,CIFAKE public Kaggle dataset; verify terms before submission
data/raw/cifake/archive/train/FAKE/4199 (4).jpg,1,cifake,stable_diffusion,train,CIFAKE public Kaggle dataset; verify terms before submission
data/raw/cifake/archive/train/FAKE/4547 (7).jpg,1,cifake,stable_diffusion,train,CIFAKE public Kaggle dataset; verify terms before submission
data/raw/cifake/archive/train/FAKE/3351 (6).jpg,1,cifake,stable_diffusion,train,CIFAKE public Kaggle dataset; verify terms before submission
data/raw/cifake/archive/train/REAL/4342 (9).jpg,0,cifake,cifar10,train,CIFAKE public Kaggle dataset; verify terms before submission
data/raw/cifake/archive/train/FAKE/1163 (3).jpg,1,cifake,stable_diffusion,train,CIFAKE public Kaggle dataset; verify terms before submission
data/raw/cifake/archive/train/FAKE/2093 (5).jpg,1,cifake,stable_diffusion,train,CIFAKE public Kaggle dataset; verify terms before submission
data/raw/cifake/archive/train/REAL/0566 (2).jpg,0,cifake,cifar10,train,CIFAKE public Kaggle dataset; verify terms before submission
data/raw/cifake/archive/train/FAKE/4352 (3).jpg,1,cifake,stable_diffusion,train,CIFAKE public Kaggle dataset; verify terms before submission
data/raw/cifake/archive/train/FAKE/4003 (7).jpg,1,cifake,stable_diffusion,train,CIFAKE public Kaggle dataset; verify terms before submission
data/raw/cifake/archive/train/REAL/1321 (8).jpg,0,cifake,cifar10,train,CIFAKE public Kaggle dataset; verify terms before submission
data/raw/cifake/archive/train/FAKE/1845 (10).jpg,1,cifake,stable_diffusion,train,CIFAKE public Kaggle dataset; verify terms before submission
data/raw/cifake/archive/train/REAL/3036.jpg,0,cifake,cifar10,train,CIFAKE public Kaggle dataset; verify terms before submission
data/raw/cifake/archive/train/FAKE/4166 (8).jpg,1,cifake,stable_diffusion,train,CIFAKE public Kaggle dataset; verify terms before submission
data/raw/cifake/archive/train/REAL/1053 (6).jpg,0,cifake,cifar10,train,CIFAKE public Kaggle dataset; verify terms before submission
data/raw/cifake/archive/train/FAKE/4315 (3).jpg,1,cifake,stable_diffusion,train,CIFAKE public Kaggle dataset; verify terms before submission
data/raw/cifake/archive/train/FAKE/5479.jpg,1,cifake,stable_diffusion,train,CIFAKE public Kaggle dataset; verify terms before submission
data/raw/cifake/archive/train/REAL/1893 (2).jpg,0,cifake,cifar10,train,CIFAKE public Kaggle dataset; verify terms before submission
data/raw/cifake/archive/train/REAL/1552 (3).jpg,0,cifake,cifar10,train,CIFAKE public Kaggle dataset; verify terms before submission
data/raw/cifake/archive/train/FAKE/5492 (7).jpg,1,cifake,stable_diffusion,train,CIFAKE public Kaggle dataset; verify terms before submission
data/raw/cifake/archive/train/REAL/1221 (10).jpg,0,cifake,cifar10,train,CIFAKE public Kaggle dataset; verify terms before submission
data/raw/cifake/archive/train/REAL/4668 (6).jpg,0,cifake,cifar10,train,CIFAKE public Kaggle dataset; verify terms before submission
data/raw/cifake/archive/train/REAL/0134 (7).jpg,0,cifake,cifar10,train,CIFAKE public Kaggle dataset; verify terms before submission
data/raw/cifake/archive/train/REAL/0638 (2).jpg,0,cifake,cifar10,train,CIFAKE public Kaggle dataset; verify terms before submission
data/raw/cifake/archive/train/REAL/3202 (8).jpg,0,cifake,cifar10,train,CIFAKE public Kaggle dataset; verify terms before submission
data/raw/cifake/archive/train/REAL/3546 (2).jpg,0,cifake,cifar10,train,CIFAKE public Kaggle dataset; verify terms before submission
data/raw/cifake/archive/train/REAL/4990 (3).jpg,0,cifake,cifar10,train,CIFAKE public Kaggle dataset; verify terms before submission
data/raw/cifake/archive/train/FAKE/3371 (2).jpg,1,cifake,stable_diffusion,train,CIFAKE public Kaggle dataset; verify terms before submission
data/raw/cifake/archive/train/FAKE/5343.jpg,1,cifake,stable_diffusion,train,CIFAKE public Kaggle dataset; verify terms before submission
data/raw/cifake/archive/train/FAKE/1461 (3).jpg,1,cifake,stable_diffusion,train,CIFAKE public Kaggle dataset; verify terms before submission
data/raw/cifake/archive/train/FAKE/3681 (8).jpg,1,cifake,stable_diffusion,train,CIFAKE public Kaggle dataset; verify terms before submission
data/raw/cifake/archive/train/FAKE/4131 (5).jpg,1,cifake,stable_diffusion,train,CIFAKE public Kaggle dataset; verify terms before submission
data/raw/cifake/archive/train/FAKE/2926 (9).jpg,1,cifake,stable_diffusion,train,CIFAKE public Kaggle dataset; verify terms before submission
data/raw/cifake/archive/train/REAL/2338 (4).jpg,0,cifake,cifar10,train,CIFAKE public Kaggle dataset; verify terms before submission
data/raw/cifake/archive/train/FAKE/4843 (2).jpg,1,cifake,stable_diffusion,train,CIFAKE public Kaggle dataset; verify terms before submission
data/raw/cifake/archive/train/REAL/2940 (8).jpg,0,cifake,cifar10,train,CIFAKE public Kaggle dataset; verify terms before submission
data/raw/cifake/archive/train/FAKE/3011 (5).jpg,1,cifake,stable_diffusion,train,CIFAKE public Kaggle dataset; verify terms before submission
data/raw/cifake/archive/train/FAKE/2904.jpg,1,cifake,stable_diffusion,train,CIFAKE public Kaggle dataset; verify terms before submission
data/raw/cifake/archive/train/FAKE/3514 (4).jpg,1,cifake,stable_diffusion,train,CIFAKE public Kaggle dataset; verify terms before submission
data/raw/cifake/archive/train/REAL/2374 (8).jpg,0,cifake,cifar10,train,CIFAKE public Kaggle dataset; verify terms before submission
data/raw/cifake/archive/train/REAL/4736 (8).jpg,0,cifake,cifar10,train,CIFAKE public Kaggle dataset; verify terms before submission
data/raw/cifake/archive/train/REAL/1846 (10).jpg,0,cifake,cifar10,train,CIFAKE public Kaggle dataset; verify terms before submission
data/raw/cifake/archive/train/REAL/3339 (9).jpg,0,cifake,cifar10,train,CIFAKE public Kaggle dataset; verify terms before submission
data/raw/cifake/archive/train/FAKE/5052.jpg,1,cifake,stable_diffusion,train,CIFAKE public Kaggle dataset; verify terms before submission
data/raw/cifake/archive/train/FAKE/5354 (3).jpg,1,cifake,stable_diffusion,train,CIFAKE public Kaggle dataset; verify terms before submission
data/raw/cifake/archive/train/FAKE/5291 (3).jpg,1,cifake,stable_diffusion,train,CIFAKE public Kaggle dataset; verify terms before submission
data/raw/cifake/archive/train/REAL/1981 (2).jpg,0,cifake,cifar10,train,CIFAKE public Kaggle dataset; verify terms before submission
data/raw/cifake/archive/train/REAL/4133 (6).jpg,0,cifake,cifar10,train,CIFAKE public Kaggle dataset; verify terms before submission
data/raw/cifake/archive/train/FAKE/1403 (5).jpg,1,cifake,stable_diffusion,train,CIFAKE public Kaggle dataset; verify terms before submission
data/raw/cifake/archive/train/FAKE/3960 (10).jpg,1,cifake,stable_diffusion,train,CIFAKE public Kaggle dataset; verify terms before submission
data/raw/cifake/archive/train/FAKE/3037 (10).jpg,1,cifake,stable_diffusion,train,CIFAKE public Kaggle dataset; verify terms before submission
data/raw/cifake/archive/train/REAL/3043 (8).jpg,0,cifake,cifar10,train,CIFAKE public Kaggle dataset; verify terms before submission
data/raw/cifake/archive/train/REAL/2063.jpg,0,cifake,cifar10,train,CIFAKE public Kaggle dataset; verify terms before submission
data/raw/cifake/archive/train/FAKE/5540 (4).jpg,1,cifake,stable_diffusion,train,CIFAKE public Kaggle dataset; verify terms before submission
data/raw/cifake/archive/train/REAL/0066 (5).jpg,0,cifake,cifar10,train,CIFAKE public Kaggle dataset; verify terms before submission
data/raw/cifake/archive/train/REAL/2704 (4).jpg,0,cifake,cifar10,train,CIFAKE public Kaggle dataset; verify terms before submission
data/raw/cifake/archive/train/FAKE/3947 (10).jpg,1,cifake,stable_diffusion,train,CIFAKE public Kaggle dataset; verify terms before submission
data/raw/cifake/archive/train/FAKE/2094 (5).jpg,1,cifake,stable_diffusion,train,CIFAKE public Kaggle dataset; verify terms before submission
data/raw/cifake/archive/train/FAKE/3027 (10).jpg,1,cifake,stable_diffusion,train,CIFAKE public Kaggle dataset; verify terms before submission
data/raw/cifake/archive/train/FAKE/2551 (5).jpg,1,cifake,stable_diffusion,train,CIFAKE public Kaggle dataset; verify terms before submission
data/raw/cifake/archive/train/FAKE/5431 (2).jpg,1,cifake,stable_diffusion,train,CIFAKE public Kaggle dataset; verify terms before submission
data/raw/cifake/archive/train/FAKE/1669 (2).jpg,1,cifake,stable_diffusion,train,CIFAKE public Kaggle dataset; verify terms before submission
data/raw/cifake/archive/train/FAKE/1487.jpg,1,cifake,stable_diffusion,train,CIFAKE public Kaggle dataset; verify terms before submission
data/raw/cifake/archive/train/FAKE/4300 (7).jpg,1,cifake,stable_diffusion,train,CIFAKE public Kaggle dataset; verify terms before submission
data/raw/cifake/archive/train/REAL/0671 (3).jpg,0,cifake,cifar10,train,CIFAKE public Kaggle dataset; verify terms before submission
data/raw/cifake/archive/train/FAKE/2978 (6).jpg,1,cifake,stable_diffusion,train,CIFAKE public Kaggle dataset; verify terms before submission
data/raw/cifake/archive/train/REAL/4802 (9).jpg,0,cifake,cifar10,train,CIFAKE public Kaggle dataset; verify terms before submission
data/raw/cifake/archive/train/REAL/3610 (2).jpg,0,cifake,cifar10,train,CIFAKE public Kaggle dataset; verify terms before submission
data/raw/cifake/archive/train/REAL/0637 (9).jpg,0,cifake,cifar10,train,CIFAKE public Kaggle dataset; verify terms before submission
data/raw/cifake/archive/train/REAL/2920 (8).jpg,0,cifake,cifar10,train,CIFAKE public Kaggle dataset; verify terms before submission
data/raw/cifake/archive/train/REAL/3964 (9).jpg,0,cifake,cifar10,train,CIFAKE public Kaggle dataset; verify terms before submission
data/raw/cifake/archive/train/REAL/3209 (9).jpg,0,cifake,cifar10,train,CIFAKE public Kaggle dataset; verify terms before submission
data/raw/cifake/archive/train/REAL/3816 (9).jpg,0,cifake,cifar10,train,CIFAKE public Kaggle dataset; verify terms before submission
data/raw/cifake/archive/train/REAL/1870.jpg,0,cifake,cifar10,train,CIFAKE public Kaggle dataset; verify terms before submission
data/raw/cifake/archive/train/FAKE/2798 (4).jpg,1,cifake,stable_diffusion,train,CIFAKE public Kaggle dataset; verify terms before submission
data/raw/cifake/archive/train/FAKE/1023 (10).jpg,1,cifake,stable_diffusion,train,CIFAKE public Kaggle dataset; verify terms before submission
data/raw/cifake/archive/train/REAL/3796 (9).jpg,0,cifake,cifar10,train,CIFAKE public Kaggle dataset; verify terms before submission
data/raw/cifake/archive/train/FAKE/5712 (5).jpg,1,cifake,stable_diffusion,train,CIFAKE public Kaggle dataset; verify terms before submission
data/raw/cifake/archive/train/FAKE/5003.jpg,1,cifake,stable_diffusion,train,CIFAKE public Kaggle dataset; verify terms before submission
data/raw/cifake/archive/train/FAKE/3005.jpg,1,cifake,stable_diffusion,train,CIFAKE public Kaggle dataset; verify terms before submission
data/raw/cifake/archive/train/REAL/1901 (7).jpg,0,cifake,cifar10,train,CIFAKE public Kaggle dataset; verify terms before submission
data/raw/cifake/archive/train/FAKE/3548 (7).jpg,1,cifake,stable_diffusion,train,CIFAKE public Kaggle dataset; verify terms before submission
data/raw/cifake/archive/train/REAL/3560 (5).jpg,0,cifake,cifar10,train,CIFAKE public Kaggle dataset; verify terms before submission
data/raw/cifake/archive/train/REAL/4866 (6).jpg,0,cifake,cifar10,train,CIFAKE public Kaggle dataset; verify terms before submission
data/raw/cifake/archive/train/FAKE/2503 (9).jpg,1,cifake,stable_diffusion,train,CIFAKE public Kaggle dataset; verify terms before submission
data/raw/cifake/archive/train/FAKE/1301 (6).jpg,1,cifake,stable_diffusion,train,CIFAKE public Kaggle dataset; verify terms before submission
data/raw/cifake/archive/train/REAL/1729.jpg,0,cifake,cifar10,train,CIFAKE public Kaggle dataset; verify terms before submission
data/raw/cifake/archive/train/FAKE/2771.jpg,1,cifake,stable_diffusion,train,CIFAKE public Kaggle dataset; verify terms before submission
data/raw/cifake/archive/train/REAL/4341 (4).jpg,0,cifake,cifar10,train,CIFAKE public Kaggle dataset; verify terms before submission
data/raw/cifake/archive/train/REAL/2455.jpg,0,cifake,cifar10,train,CIFAKE public Kaggle dataset; verify terms before submission
data/raw/cifake/archive/train/FAKE/1505 (3).jpg,1,cifake,stable_diffusion,train,CIFAKE public Kaggle dataset; verify terms before submission
data/raw/cifake/archive/train/REAL/1823 (2).jpg,0,cifake,cifar10,train,CIFAKE public Kaggle dataset; verify terms before submission
data/raw/cifake/archive/train/REAL/0332 (5).jpg,0,cifake,cifar10,train,CIFAKE public Kaggle dataset; verify terms before submission
data/raw/cifake/archive/train/REAL/3303 (3).jpg,0,cifake,cifar10,train,CIFAKE public Kaggle dataset; verify terms before submission
data/raw/cifake/archive/train/REAL/4668 (8).jpg,0,cifake,cifar10,train,CIFAKE public Kaggle dataset; verify terms before submission
data/raw/cifake/archive/train/FAKE/2097 (8).jpg,1,cifake,stable_diffusion,train,CIFAKE public Kaggle dataset; verify terms before submission
data/raw/cifake/archive/train/FAKE/2187 (8).jpg,1,cifake,stable_diffusion,train,CIFAKE public Kaggle dataset; verify terms before submission
data/raw/cifake/archive/train/FAKE/1647 (3).jpg,1,cifake,stable_diffusion,train,CIFAKE public Kaggle dataset; verify terms before submission
data/raw/cifake/archive/train/REAL/1318 (6).jpg,0,cifake,cifar10,train,CIFAKE public Kaggle dataset; verify terms before submission
data/raw/cifake/archive/train/FAKE/3959 (7).jpg,1,cifake,stable_diffusion,train,CIFAKE public Kaggle dataset; verify terms before submission
data/raw/cifake/archive/train/REAL/0111 (6).jpg,0,cifake,cifar10,train,CIFAKE public Kaggle dataset; verify terms before submission
data/raw/cifake/archive/train/REAL/4972 (3).jpg,0,cifake,cifar10,train,CIFAKE public Kaggle dataset; verify terms before submission
data/raw/cifake/archive/train/REAL/0009 (5).jpg,0,cifake,cifar10,train,CIFAKE public Kaggle dataset; verify terms before submission
data/raw/cifake/archive/train/FAKE/4870 (3).jpg,1,cifake,stable_diffusion,train,CIFAKE public Kaggle dataset; verify terms before submission
data/raw/cifake/archive/train/REAL/1518 (3).jpg,0,cifake,cifar10,train,CIFAKE public Kaggle dataset; verify terms before submission
data/raw/cifake/archive/train/FAKE/5263.jpg,1,cifake,stable_diffusion,train,CIFAKE public Kaggle dataset; verify terms before submission
data/raw/cifake/archive/train/REAL/0724 (9).jpg,0,cifake,cifar10,train,CIFAKE public Kaggle dataset; verify terms before submission
data/raw/cifake/archive/train/REAL/0169 (10).jpg,0,cifake,cifar10,train,CIFAKE public Kaggle dataset; verify terms before submission
data/raw/cifake/archive/train/FAKE/3374 (3).jpg,1,cifake,stable_diffusion,train,CIFAKE public Kaggle dataset; verify terms before submission
data/raw/cifake/archive/train/REAL/0043 (2).jpg,0,cifake,cifar10,train,CIFAKE public Kaggle dataset; verify terms before submission
data/raw/cifake/archive/train/REAL/1812 (5).jpg,0,cifake,cifar10,train,CIFAKE public Kaggle dataset; verify terms before submission
data/raw/cifake/archive/train/FAKE/3813 (5).jpg,1,cifake,stable_diffusion,train,CIFAKE public Kaggle dataset; verify terms before submission
data/raw/cifake/archive/train/REAL/1267.jpg,0,cifake,cifar10,train,CIFAKE public Kaggle dataset; verify terms before submission
data/raw/cifake/archive/train/REAL/0065 (2).jpg,0,cifake,cifar10,train,CIFAKE public Kaggle dataset; verify terms before submission
data/raw/cifake/archive/train/FAKE/4672 (4).jpg,1,cifake,stable_diffusion,train,CIFAKE public Kaggle dataset; verify terms before submission
data/raw/cifake/archive/train/REAL/0294 (5).jpg,0,cifake,cifar10,train,CIFAKE public Kaggle dataset; verify terms before submission
data/raw/cifake/archive/train/FAKE/1090 (7).jpg,1,cifake,stable_diffusion,train,CIFAKE public Kaggle dataset; verify terms before submission
data/raw/cifake/archive/train/REAL/2785.jpg,0,cifake,cifar10,train,CIFAKE public Kaggle dataset; verify terms before submission
data/raw/cifake/archive/train/REAL/2739 (2).jpg,0,cifake,cifar10,train,CIFAKE public Kaggle dataset; verify terms before submission
data/raw/cifake/archive/train/REAL/3689 (2).jpg,0,cifake,cifar10,train,CIFAKE public Kaggle dataset; verify terms before submission
data/raw/cifake/archive/train/FAKE/4671 (4).jpg,1,cifake,stable_diffusion,train,CIFAKE public Kaggle dataset; verify terms before submission
data/raw/cifake/archive/train/FAKE/2854 (8).jpg,1,cifake,stable_diffusion,train,CIFAKE public Kaggle dataset; verify terms before submission
data/raw/cifake/archive/train/REAL/0524 (4).jpg,0,cifake,cifar10,train,CIFAKE public Kaggle dataset; verify terms before submission
data/raw/cifake/archive/train/REAL/3950.jpg,0,cifake,cifar10,train,CIFAKE public Kaggle dataset; verify terms before submission
data/raw/cifake/archive/train/REAL/0951 (3).jpg,0,cifake,cifar10,train,CIFAKE public Kaggle dataset; verify terms before submission
data/raw/cifake/archive/train/REAL/4820 (10).jpg,0,cifake,cifar10,train,CIFAKE public Kaggle dataset; verify terms before submission
data/raw/cifake/archive/train/FAKE/5848 (10).jpg,1,cifake,stable_diffusion,train,CIFAKE public Kaggle dataset; verify terms before submission
data/raw/cifake/archive/train/FAKE/2757 (5).jpg,1,cifake,stable_diffusion,train,CIFAKE public Kaggle dataset; verify terms before submission
data/raw/cifake/archive/train/FAKE/4734 (9).jpg,1,cifake,stable_diffusion,train,CIFAKE public Kaggle dataset; verify terms before submission
data/raw/cifake/archive/train/FAKE/2251 (6).jpg,1,cifake,stable_diffusion,train,CIFAKE public Kaggle dataset; verify terms before submission
data/raw/cifake/archive/train/FAKE/5754 (4).jpg,1,cifake,stable_diffusion,train,CIFAKE public Kaggle dataset; verify terms before submission
data/raw/cifake/archive/train/FAKE/4529 (6).jpg,1,cifake,stable_diffusion,train,CIFAKE public Kaggle dataset; verify terms before submission
data/raw/cifake/archive/train/REAL/2373 (3).jpg,0,cifake,cifar10,train,CIFAKE public Kaggle dataset; verify terms before submission
data/raw/cifake/archive/train/FAKE/2943 (7).jpg,1,cifake,stable_diffusion,train,CIFAKE public Kaggle dataset; verify terms before submission
data/raw/cifake/archive/train/REAL/0965 (4).jpg,0,cifake,cifar10,train,CIFAKE public Kaggle dataset; verify terms before submission
data/raw/cifake/archive/train/REAL/0628 (9).jpg,0,cifake,cifar10,train,CIFAKE public Kaggle dataset; verify terms before submission
data/raw/cifake/archive/train/FAKE/1114.jpg,1,cifake,stable_diffusion,train,CIFAKE public Kaggle dataset; verify terms before submission
data/raw/cifake/archive/train/REAL/1989 (8).jpg,0,cifake,cifar10,train,CIFAKE public Kaggle dataset; verify terms before submission
data/raw/cifake/archive/train/REAL/1210 (4).jpg,0,cifake,cifar10,train,CIFAKE public Kaggle dataset; verify terms before submission
data/raw/cifake/archive/train/REAL/2887 (9).jpg,0,cifake,cifar10,train,CIFAKE public Kaggle dataset; verify terms before submission
data/raw/cifake/archive/train/REAL/4440 (10).jpg,0,cifake,cifar10,train,CIFAKE public Kaggle dataset; verify terms before submission
data/raw/cifake/archive/train/FAKE/3758 (3).jpg,1,cifake,stable_diffusion,train,CIFAKE public Kaggle dataset; verify terms before submission
data/raw/cifake/archive/train/REAL/2690 (2).jpg,0,cifake,cifar10,train,CIFAKE public Kaggle dataset; verify terms before submission
data/raw/cifake/archive/train/REAL/4511 (6).jpg,0,cifake,cifar10,train,CIFAKE public Kaggle dataset; verify terms before submission
data/raw/cifake/archive/train/FAKE/5016 (2).jpg,1,cifake,stable_diffusion,train,CIFAKE public Kaggle dataset; verify terms before submission
data/raw/cifake/archive/train/REAL/3737 (9).jpg,0,cifake,cifar10,train,CIFAKE public Kaggle dataset; verify terms before submission
data/raw/cifake/archive/train/REAL/3327 (7).jpg,0,cifake,cifar10,train,CIFAKE public Kaggle dataset; verify terms before submission
data/raw/cifake/archive/train/FAKE/3849 (7).jpg,1,cifake,stable_diffusion,train,CIFAKE public Kaggle dataset; verify terms before submission
data/raw/cifake/archive/train/FAKE/5945 (8).jpg,1,cifake,stable_diffusion,train,CIFAKE public Kaggle dataset; verify terms before submission
data/raw/cifake/archive/train/REAL/2434 (8).jpg,0,cifake,cifar10,train,CIFAKE public Kaggle dataset; verify terms before submission
data/raw/cifake/archive/train/FAKE/5753 (6).jpg,1,cifake,stable_diffusion,train,CIFAKE public Kaggle dataset; verify terms before submission
data/raw/cifake/archive/train/FAKE/1071 (3).jpg,1,cifake,stable_diffusion,train,CIFAKE public Kaggle dataset; verify terms before submission
data/raw/cifake/archive/train/FAKE/2300 (7).jpg,1,cifake,stable_diffusion,train,CIFAKE public Kaggle dataset; verify terms before submission
data/raw/cifake/archive/train/REAL/1418 (5).jpg,0,cifake,cifar10,train,CIFAKE public Kaggle dataset; verify terms before submission
data/raw/cifake/archive/train/FAKE/2383 (4).jpg,1,cifake,stable_diffusion,train,CIFAKE public Kaggle dataset; verify terms before submission
data/raw/cifake/archive/train/REAL/3538 (3).jpg,0,cifake,cifar10,train,CIFAKE public Kaggle dataset; verify terms before submission
data/raw/cifake/archive/train/FAKE/3884 (9).jpg,1,cifake,stable_diffusion,train,CIFAKE public Kaggle dataset; verify terms before submission
data/raw/cifake/archive/train/REAL/2253.jpg,0,cifake,cifar10,train,CIFAKE public Kaggle dataset; verify terms before submission
data/raw/cifake/archive/train/REAL/1355 (8).jpg,0,cifake,cifar10,train,CIFAKE public Kaggle dataset; verify terms before submission
data/raw/cifake/archive/train/FAKE/2921 (4).jpg,1,cifake,stable_diffusion,train,CIFAKE public Kaggle dataset; verify terms before submission
data/raw/cifake/archive/train/FAKE/1993 (9).jpg,1,cifake,stable_diffusion,train,CIFAKE public Kaggle dataset; verify terms before submission
data/raw/cifake/archive/train/FAKE/1402 (5).jpg,1,cifake,stable_diffusion,train,CIFAKE public Kaggle dataset; verify terms before submission
data/raw/cifake/archive/train/FAKE/4330.jpg,1,cifake,stable_diffusion,train,CIFAKE public Kaggle dataset; verify terms before submission
data/raw/cifake/archive/train/REAL/2717 (6).jpg,0,cifake,cifar10,train,CIFAKE public Kaggle dataset; verify terms before submission
data/raw/cifake/archive/train/FAKE/1871.jpg,1,cifake,stable_diffusion,train,CIFAKE public Kaggle dataset; verify terms before submission
data/raw/cifake/archive/train/REAL/3134 (3).jpg,0,cifake,cifar10,train,CIFAKE public Kaggle dataset; verify terms before submission
data/raw/cifake/archive/train/REAL/0945 (7).jpg,0,cifake,cifar10,train,CIFAKE public Kaggle dataset; verify terms before submission
data/raw/cifake/archive/train/FAKE/4933 (9).jpg,1,cifake,stable_diffusion,train,CIFAKE public Kaggle dataset; verify terms before submission
data/raw/cifake/archive/train/REAL/1227 (2).jpg,0,cifake,cifar10,train,CIFAKE public Kaggle dataset; verify terms before submission
data/raw/cifake/archive/train/REAL/1187 (2).jpg,0,cifake,cifar10,train,CIFAKE public Kaggle dataset; verify terms before submission
data/raw/cifake/archive/train/FAKE/5154 (10).jpg,1,cifake,stable_diffusion,train,CIFAKE public Kaggle dataset; verify terms before submission
data/raw/cifake/archive/train/FAKE/1835 (5).jpg,1,cifake,stable_diffusion,train,CIFAKE public Kaggle dataset; verify terms before submission
data/raw/cifake/archive/train/REAL/0164 (6).jpg,0,cifake,cifar10,train,CIFAKE public Kaggle dataset; verify terms before submission
data/raw/cifake/archive/train/REAL/3275 (8).jpg,0,cifake,cifar10,train,CIFAKE public Kaggle dataset; verify terms before submission
data/raw/cifake/archive/train/FAKE/1888 (2).jpg,1,cifake,stable_diffusion,train,CIFAKE public Kaggle dataset; verify terms before submission
data/raw/cifake/archive/train/FAKE/1237 (7).jpg,1,cifake,stable_diffusion,train,CIFAKE public Kaggle dataset; verify terms before submission
data/raw/cifake/archive/train/REAL/0023 (6).jpg,0,cifake,cifar10,train,CIFAKE public Kaggle dataset; verify terms before submission
data/raw/cifake/archive/train/FAKE/5074 (3).jpg,1,cifake,stable_diffusion,train,CIFAKE public Kaggle dataset; verify terms before submission
data/raw/cifake/archive/train/FAKE/1797 (6).jpg,1,cifake,stable_diffusion,train,CIFAKE public Kaggle dataset; verify terms before submission
data/raw/cifake/archive/train/FAKE/4196 (3).jpg,1,cifake,stable_diffusion,train,CIFAKE public Kaggle dataset; verify terms before submission
data/raw/cifake/archive/train/REAL/4873 (10).jpg,0,cifake,cifar10,train,CIFAKE public Kaggle dataset; verify terms before submission
data/raw/cifake/archive/train/REAL/3532 (9).jpg,0,cifake,cifar10,train,CIFAKE public Kaggle dataset; verify terms before submission
data/raw/cifake/archive/train/REAL/1496 (9).jpg,0,cifake,cifar10,train,CIFAKE public Kaggle dataset; verify terms before submission
data/raw/cifake/archive/train/FAKE/3409.jpg,1,cifake,stable_diffusion,train,CIFAKE public Kaggle dataset; verify terms before submission
data/raw/cifake/archive/train/FAKE/4187 (9).jpg,1,cifake,stable_diffusion,train,CIFAKE public Kaggle dataset; verify terms before submission
data/raw/cifake/archive/train/FAKE/2544.jpg,1,cifake,stable_diffusion,train,CIFAKE public Kaggle dataset; verify terms before submission
data/raw/cifake/archive/train/REAL/0132 (7).jpg,0,cifake,cifar10,train,CIFAKE public Kaggle dataset; verify terms before submission
data/raw/cifake/archive/train/REAL/2973 (5).jpg,0,cifake,cifar10,train,CIFAKE public Kaggle dataset; verify terms before submission
data/raw/cifake/archive/train/FAKE/1200 (4).jpg,1,cifake,stable_diffusion,train,CIFAKE public Kaggle dataset; verify terms before submission
data/raw/cifake/archive/train/FAKE/5732 (3).jpg,1,cifake,stable_diffusion,train,CIFAKE public Kaggle dataset; verify terms before submission
data/raw/cifake/archive/train/REAL/3190 (5).jpg,0,cifake,cifar10,train,CIFAKE public Kaggle dataset; verify terms before submission
data/raw/cifake/archive/train/FAKE/3762.jpg,1,cifake,stable_diffusion,train,CIFAKE public Kaggle dataset; verify terms before submission
data/raw/cifake/archive/train/FAKE/2474 (10).jpg,1,cifake,stable_diffusion,train,CIFAKE public Kaggle dataset; verify terms before submission
data/raw/cifake/archive/train/FAKE/5123 (9).jpg,1,cifake,stable_diffusion,train,CIFAKE public Kaggle dataset; verify terms before submission
data/raw/cifake/archive/train/REAL/4897 (3).jpg,0,cifake,cifar10,train,CIFAKE public Kaggle dataset; verify terms before submission
data/raw/cifake/archive/train/FAKE/2496 (9).jpg,1,cifake,stable_diffusion,train,CIFAKE public Kaggle dataset; verify terms before submission
data/raw/cifake/archive/train/REAL/2066 (2).jpg,0,cifake,cifar10,train,CIFAKE public Kaggle dataset; verify terms before submission
data/raw/cifake/archive/train/FAKE/4176 (3).jpg,1,cifake,stable_diffusion,train,CIFAKE public Kaggle dataset; verify terms before submission
data/raw/cifake/archive/train/FAKE/2698 (6).jpg,1,cifake,stable_diffusion,train,CIFAKE public Kaggle dataset; verify terms before submission
data/raw/cifake/archive/train/REAL/2406 (3).jpg,0,cifake,cifar10,train,CIFAKE public Kaggle dataset; verify terms before submission
data/raw/cifake/archive/train/FAKE/4659 (7).jpg,1,cifake,stable_diffusion,train,CIFAKE public Kaggle dataset; verify terms before submission
data/raw/cifake/archive/train/REAL/2941 (5).jpg,0,cifake,cifar10,train,CIFAKE public Kaggle dataset; verify terms before submission
data/raw/cifake/archive/train/FAKE/2242 (4).jpg,1,cifake,stable_diffusion,train,CIFAKE public Kaggle dataset; verify terms before submission
data/raw/cifake/archive/train/REAL/0494 (8).jpg,0,cifake,cifar10,train,CIFAKE public Kaggle dataset; verify terms before submission
data/raw/cifake/archive/train/FAKE/3024 (2).jpg,1,cifake,stable_diffusion,train,CIFAKE public Kaggle dataset; verify terms before submission
data/raw/cifake/archive/train/REAL/3660 (4).jpg,0,cifake,cifar10,train,CIFAKE public Kaggle dataset; verify terms before submission
data/raw/cifake/archive/train/FAKE/5856 (9).jpg,1,cifake,stable_diffusion,train,CIFAKE public Kaggle dataset; verify terms before submission
data/raw/cifake/archive/train/FAKE/1990 (4).jpg,1,cifake,stable_diffusion,train,CIFAKE public Kaggle dataset; verify terms before submission
data/raw/cifake/archive/train/REAL/4279 (6).jpg,0,cifake,cifar10,train,CIFAKE public Kaggle dataset; verify terms before submission
data/raw/cifake/archive/train/REAL/3352 (4).jpg,0,cifake,cifar10,train,CIFAKE public Kaggle dataset; verify terms before submission
data/raw/cifake/archive/train/FAKE/5155 (4).jpg,1,cifake,stable_diffusion,train,CIFAKE public Kaggle dataset; verify terms before submission
data/raw/cifake/archive/train/FAKE/3457 (4).jpg,1,cifake,stable_diffusion,train,CIFAKE public Kaggle dataset; verify terms before submission
data/raw/cifake/archive/train/FAKE/2602 (8).jpg,1,cifake,stable_diffusion,train,CIFAKE public Kaggle dataset; verify terms before submission
data/raw/cifake/archive/train/FAKE/1618 (8).jpg,1,cifake,stable_diffusion,train,CIFAKE public Kaggle dataset; verify terms before submission
data/raw/cifake/archive/train/REAL/4651 (8).jpg,0,cifake,cifar10,train,CIFAKE public Kaggle dataset; verify terms before submission
data/raw/cifake/archive/train/REAL/0766 (2).jpg,0,cifake,cifar10,train,CIFAKE public Kaggle dataset; verify terms before submission
data/raw/cifake/archive/train/FAKE/1294 (2).jpg,1,cifake,stable_diffusion,train,CIFAKE public Kaggle dataset; verify terms before submission
data/raw/cifake/archive/train/FAKE/1201 (3).jpg,1,cifake,stable_diffusion,train,CIFAKE public Kaggle dataset; verify terms before submission
data/raw/cifake/archive/train/REAL/1783 (10).jpg,0,cifake,cifar10,train,CIFAKE public Kaggle dataset; verify terms before submission
data/raw/cifake/archive/train/FAKE/1247 (8).jpg,1,cifake,stable_diffusion,train,CIFAKE public Kaggle dataset; verify terms before submission
data/raw/cifake/archive/train/FAKE/2633 (7).jpg,1,cifake,stable_diffusion,train,CIFAKE public Kaggle dataset; verify terms before submission
data/raw/cifake/archive/train/FAKE/4774 (9).jpg,1,cifake,stable_diffusion,train,CIFAKE public Kaggle dataset; verify terms before submission
data/raw/cifake/archive/train/REAL/3254 (2).jpg,0,cifake,cifar10,train,CIFAKE public Kaggle dataset; verify terms before submission
data/raw/cifake/archive/train/REAL/0019 (4).jpg,0,cifake,cifar10,train,CIFAKE public Kaggle dataset; verify terms before submission
data/raw/cifake/archive/train/REAL/1112 (8).jpg,0,cifake,cifar10,train,CIFAKE public Kaggle dataset; verify terms before submission
data/raw/cifake/archive/train/FAKE/5382 (3).jpg,1,cifake,stable_diffusion,train,CIFAKE public Kaggle dataset; verify terms before submission
data/raw/cifake/archive/train/REAL/1853 (7).jpg,0,cifake,cifar10,train,CIFAKE public Kaggle dataset; verify terms before submission
data/raw/cifake/archive/train/FAKE/4799 (9).jpg,1,cifake,stable_diffusion,train,CIFAKE public Kaggle dataset; verify terms before submission
data/raw/cifake/archive/train/REAL/2493 (6).jpg,0,cifake,cifar10,train,CIFAKE public Kaggle dataset; verify terms before submission
data/raw/cifake/archive/train/REAL/3717 (2).jpg,0,cifake,cifar10,train,CIFAKE public Kaggle dataset; verify terms before submission
data/raw/cifake/archive/train/REAL/3477 (9).jpg,0,cifake,cifar10,train,CIFAKE public Kaggle dataset; verify terms before submission
data/raw/cifake/archive/train/REAL/1936.jpg,0,cifake,cifar10,train,CIFAKE public Kaggle dataset; verify terms before submission
data/raw/cifake/archive/train/REAL/4719 (6).jpg,0,cifake,cifar10,train,CIFAKE public Kaggle dataset; verify terms before submission
data/raw/cifake/archive/train/REAL/2873.jpg,0,cifake,cifar10,train,CIFAKE public Kaggle dataset; verify terms before submission
data/raw/cifake/archive/train/REAL/2804 (10).jpg,0,cifake,cifar10,train,CIFAKE public Kaggle dataset; verify terms before submission
data/raw/cifake/archive/train/REAL/1348 (7).jpg,0,cifake,cifar10,train,CIFAKE public Kaggle dataset; verify terms before submission
data/raw/cifake/archive/train/FAKE/5313 (5).jpg,1,cifake,stable_diffusion,train,CIFAKE public Kaggle dataset; verify terms before submission
data/raw/cifake/archive/train/REAL/4126 (2).jpg,0,cifake,cifar10,train,CIFAKE public Kaggle dataset; verify terms before submission
data/raw/cifake/archive/train/REAL/1455 (6).jpg,0,cifake,cifar10,train,CIFAKE public Kaggle dataset; verify terms before submission
data/raw/cifake/archive/train/REAL/1574 (7).jpg,0,cifake,cifar10,train,CIFAKE public Kaggle dataset; verify terms before submission
data/raw/cifake/archive/train/FAKE/4227 (5).jpg,1,cifake,stable_diffusion,train,CIFAKE public Kaggle dataset; verify terms before submission
data/raw/cifake/archive/train/FAKE/2433.jpg,1,cifake,stable_diffusion,train,CIFAKE public Kaggle dataset; verify terms before submission
data/raw/cifake/archive/train/REAL/4096 (2).jpg,0,cifake,cifar10,train,CIFAKE public Kaggle dataset; verify terms before submission
data/raw/cifake/archive/train/FAKE/3023 (6).jpg,1,cifake,stable_diffusion,train,CIFAKE public Kaggle dataset; verify terms before submission
data/raw/cifake/archive/train/FAKE/2691.jpg,1,cifake,stable_diffusion,train,CIFAKE public Kaggle dataset; verify terms before submission
data/raw/cifake/archive/train/FAKE/2847.jpg,1,cifake,stable_diffusion,train,CIFAKE public Kaggle dataset; verify terms before submission
data/raw/cifake/archive/train/FAKE/3849 (2).jpg,1,cifake,stable_diffusion,train,CIFAKE public Kaggle dataset; verify terms before submission
data/raw/cifake/archive/train/FAKE/4517 (2).jpg,1,cifake,stable_diffusion,train,CIFAKE public Kaggle dataset; verify terms before submission
data/raw/cifake/archive/train/REAL/1772.jpg,0,cifake,cifar10,train,CIFAKE public Kaggle dataset; verify terms before submission
data/raw/cifake/archive/train/REAL/4825 (9).jpg,0,cifake,cifar10,train,CIFAKE public Kaggle dataset; verify terms before submission
data/raw/cifake/archive/train/REAL/4096 (4).jpg,0,cifake,cifar10,train,CIFAKE public Kaggle dataset; verify terms before submission
data/raw/cifake/archive/train/FAKE/3210 (8).jpg,1,cifake,stable_diffusion,train,CIFAKE public Kaggle dataset; verify terms before submission
data/raw/cifake/archive/train/FAKE/1602 (8).jpg,1,cifake,stable_diffusion,train,CIFAKE public Kaggle dataset; verify terms before submission
data/raw/cifake/archive/train/REAL/0403 (3).jpg,0,cifake,cifar10,train,CIFAKE public Kaggle dataset; verify terms before submission
data/raw/cifake/archive/train/FAKE/4834 (10).jpg,1,cifake,stable_diffusion,train,CIFAKE public Kaggle dataset; verify terms before submission
data/raw/cifake/archive/train/REAL/3271 (10).jpg,0,cifake,cifar10,train,CIFAKE public Kaggle dataset; verify terms before submission
data/raw/cifake/archive/train/REAL/3416 (10).jpg,0,cifake,cifar10,train,CIFAKE public Kaggle dataset; verify terms before submission
data/raw/cifake/archive/train/REAL/4074 (3).jpg,0,cifake,cifar10,train,CIFAKE public Kaggle dataset; verify terms before submission
data/raw/cifake/archive/train/FAKE/1621 (5).jpg,1,cifake,stable_diffusion,train,CIFAKE public Kaggle dataset; verify terms before submission
data/raw/cifake/archive/train/FAKE/2256 (5).jpg,1,cifake,stable_diffusion,train,CIFAKE public Kaggle dataset; verify terms before submission
data/raw/cifake/archive/train/REAL/2827 (6).jpg,0,cifake,cifar10,train,CIFAKE public Kaggle dataset; verify terms before submission
data/raw/cifake/archive/train/FAKE/4496 (6).jpg,1,cifake,stable_diffusion,train,CIFAKE public Kaggle dataset; verify terms before submission
data/raw/cifake/archive/train/FAKE/2240 (4).jpg,1,cifake,stable_diffusion,train,CIFAKE public Kaggle dataset; verify terms before submission
data/raw/cifake/archive/train/REAL/0417 (5).jpg,0,cifake,cifar10,train,CIFAKE public Kaggle dataset; verify terms before submission
data/raw/cifake/archive/train/REAL/1171 (9).jpg,0,cifake,cifar10,train,CIFAKE public Kaggle dataset; verify terms before submission
data/raw/cifake/archive/train/FAKE/3355 (10).jpg,1,cifake,stable_diffusion,train,CIFAKE public Kaggle dataset; verify terms before submission
data/raw/cifake/archive/train/FAKE/4753 (5).jpg,1,cifake,stable_diffusion,train,CIFAKE public Kaggle dataset; verify terms before submission
data/raw/cifake/archive/train/REAL/1959 (4).jpg,0,cifake,cifar10,train,CIFAKE public Kaggle dataset; verify terms before submission
data/raw/cifake/archive/train/FAKE/1902 (8).jpg,1,cifake,stable_diffusion,train,CIFAKE public Kaggle dataset; verify terms before submission
data/raw/cifake/archive/train/REAL/1397 (10).jpg,0,cifake,cifar10,train,CIFAKE public Kaggle dataset; verify terms before submission
data/raw/cifake/archive/train/FAKE/1258 (6).jpg,1,cifake,stable_diffusion,train,CIFAKE public Kaggle dataset; verify terms before submission
data/raw/cifake/archive/train/FAKE/2816 (7).jpg,1,cifake,stable_diffusion,train,CIFAKE public Kaggle dataset; verify terms before submission
data/raw/cifake/archive/train/FAKE/4552 (8).jpg,1,cifake,stable_diffusion,train,CIFAKE public Kaggle dataset; verify terms before submission
data/raw/cifake/archive/train/FAKE/3786 (10).jpg,1,cifake,stable_diffusion,train,CIFAKE public Kaggle dataset; verify terms before submission
data/raw/cifake/archive/train/REAL/4858 (4).jpg,0,cifake,cifar10,train,CIFAKE public Kaggle dataset; verify terms before submission
data/raw/cifake/archive/train/FAKE/3012 (6).jpg,1,cifake,stable_diffusion,train,CIFAKE public Kaggle dataset; verify terms before submission
data/raw/cifake/archive/train/FAKE/5137 (5).jpg,1,cifake,stable_diffusion,train,CIFAKE public Kaggle dataset; verify terms before submission
data/raw/cifake/archive/train/FAKE/1821 (4).jpg,1,cifake,stable_diffusion,train,CIFAKE public Kaggle dataset; verify terms before submission
data/raw/cifake/archive/train/FAKE/5095 (9).jpg,1,cifake,stable_diffusion,train,CIFAKE public Kaggle dataset; verify terms before submission
data/raw/cifake/archive/train/FAKE/2780 (3).jpg,1,cifake,stable_diffusion,train,CIFAKE public Kaggle dataset; verify terms before submission
data/raw/cifake/archive/train/REAL/0095 (8).jpg,0,cifake,cifar10,train,CIFAKE public Kaggle dataset; verify terms before submission
data/raw/cifake/archive/train/FAKE/4035 (10).jpg,1,cifake,stable_diffusion,train,CIFAKE public Kaggle dataset; verify terms before submission
data/raw/cifake/archive/train/FAKE/4493 (9).jpg,1,cifake,stable_diffusion,train,CIFAKE public Kaggle dataset; verify terms before submission
data/raw/cifake/archive/train/REAL/1766 (9).jpg,0,cifake,cifar10,train,CIFAKE public Kaggle dataset; verify terms before submission
data/raw/cifake/archive/train/REAL/2633 (6).jpg,0,cifake,cifar10,train,CIFAKE public Kaggle dataset; verify terms before submission
data/raw/cifake/archive/train/REAL/0113 (3).jpg,0,cifake,cifar10,train,CIFAKE public Kaggle dataset; verify terms before submission
data/raw/cifake/archive/train/REAL/1376 (10).jpg,0,cifake,cifar10,train,CIFAKE public Kaggle dataset; verify terms before submission
data/raw/cifake/archive/train/REAL/4212.jpg,0,cifake,cifar10,train,CIFAKE public Kaggle dataset; verify terms before submission
data/raw/cifake/archive/train/REAL/4609 (6).jpg,0,cifake,cifar10,train,CIFAKE public Kaggle dataset; verify terms before submission
data/raw/cifake/archive/train/REAL/1752 (5).jpg,0,cifake,cifar10,train,CIFAKE public Kaggle dataset; verify terms before submission
data/raw/cifake/archive/train/REAL/1509 (7).jpg,0,cifake,cifar10,train,CIFAKE public Kaggle dataset; verify terms before submission
data/raw/cifake/archive/train/REAL/3484 (6).jpg,0,cifake,cifar10,train,CIFAKE public Kaggle dataset; verify terms before submission
data/raw/cifake/archive/train/REAL/1943 (4).jpg,0,cifake,cifar10,train,CIFAKE public Kaggle dataset; verify terms before submission
data/raw/cifake/archive/train/FAKE/1955 (9).jpg,1,cifake,stable_diffusion,train,CIFAKE public Kaggle dataset; verify terms before submission
data/raw/cifake/archive/train/FAKE/4417 (7).jpg,1,cifake,stable_diffusion,train,CIFAKE public Kaggle dataset; verify terms before submission
data/raw/cifake/archive/train/FAKE/5732 (7).jpg,1,cifake,stable_diffusion,train,CIFAKE public Kaggle dataset; verify terms before submission
data/raw/cifake/archive/train/REAL/0300 (7).jpg,0,cifake,cifar10,train,CIFAKE public Kaggle dataset; verify terms before submission
data/raw/cifake/archive/train/REAL/2425 (6).jpg,0,cifake,cifar10,train,CIFAKE public Kaggle dataset; verify terms before submission
data/raw/cifake/archive/train/REAL/0144 (8).jpg,0,cifake,cifar10,train,CIFAKE public Kaggle dataset; verify terms before submission
data/raw/cifake/archive/train/FAKE/1317.jpg,1,cifake,stable_diffusion,train,CIFAKE public Kaggle dataset; verify terms before submission
data/raw/cifake/archive/train/FAKE/2761 (3).jpg,1,cifake,stable_diffusion,train,CIFAKE public Kaggle dataset; verify terms before submission
data/raw/cifake/archive/train/REAL/2368 (5).jpg,0,cifake,cifar10,train,CIFAKE public Kaggle dataset; verify terms before submission
data/raw/cifake/archive/train/FAKE/1619 (6).jpg,1,cifake,stable_diffusion,train,CIFAKE public Kaggle dataset; verify terms before submission
data/raw/cifake/archive/train/REAL/1373 (4).jpg,0,cifake,cifar10,train,CIFAKE public Kaggle dataset; verify terms before submission
data/raw/cifake/archive/train/REAL/2589 (6).jpg,0,cifake,cifar10,train,CIFAKE public Kaggle dataset; verify terms before submission
data/raw/cifake/archive/train/REAL/1305 (6).jpg,0,cifake,cifar10,train,CIFAKE public Kaggle dataset; verify terms before submission
data/raw/cifake/archive/train/REAL/2356 (9).jpg,0,cifake,cifar10,train,CIFAKE public Kaggle dataset; verify terms before submission
data/raw/cifake/archive/train/REAL/0530 (2).jpg,0,cifake,cifar10,train,CIFAKE public Kaggle dataset; verify terms before submission
data/raw/cifake/archive/train/FAKE/5052 (6).jpg,1,cifake,stable_diffusion,train,CIFAKE public Kaggle dataset; verify terms before submission
data/raw/cifake/archive/train/REAL/1107 (8).jpg,0,cifake,cifar10,train,CIFAKE public Kaggle dataset; verify terms before submission
data/raw/cifake/archive/train/FAKE/3669 (9).jpg,1,cifake,stable_diffusion,train,CIFAKE public Kaggle dataset; verify terms before submission
data/raw/cifake/archive/train/REAL/0065 (4).jpg,0,cifake,cifar10,train,CIFAKE public Kaggle dataset; verify terms before submission
data/raw/cifake/archive/train/REAL/3982 (9).jpg,0,cifake,cifar10,train,CIFAKE public Kaggle dataset; verify terms before submission
data/raw/cifake/archive/train/FAKE/1133 (3).jpg,1,cifake,stable_diffusion,train,CIFAKE public Kaggle dataset; verify terms before submission
data/raw/cifake/archive/train/FAKE/1355 (5).jpg,1,cifake,stable_diffusion,train,CIFAKE public Kaggle dataset; verify terms before submission
data/raw/cifake/archive/train/REAL/0109 (8).jpg,0,cifake,cifar10,train,CIFAKE public Kaggle dataset; verify terms before submission
data/raw/cifake/archive/train/FAKE/4222 (2).jpg,1,cifake,stable_diffusion,train,CIFAKE public Kaggle dataset; verify terms before submission
data/raw/cifake/archive/train/REAL/1259 (2).jpg,0,cifake,cifar10,train,CIFAKE public Kaggle dataset; verify terms before submission
data/raw/cifake/archive/train/FAKE/3216 (8).jpg,1,cifake,stable_diffusion,train,CIFAKE public Kaggle dataset; verify terms before submission
data/raw/cifake/archive/train/FAKE/1751 (9).jpg,1,cifake,stable_diffusion,train,CIFAKE public Kaggle dataset; verify terms before submission
data/raw/cifake/archive/train/REAL/4750 (9).jpg,0,cifake,cifar10,train,CIFAKE public Kaggle dataset; verify terms before submission
data/raw/cifake/archive/train/REAL/2901 (9).jpg,0,cifake,cifar10,train,CIFAKE public Kaggle dataset; verify terms before submission
data/raw/cifake/archive/train/REAL/4580.jpg,0,cifake,cifar10,train,CIFAKE public Kaggle dataset; verify terms before submission
data/raw/cifake/archive/train/REAL/2656 (8).jpg,0,cifake,cifar10,train,CIFAKE public Kaggle dataset; verify terms before submission
data/raw/cifake/archive/train/REAL/4533 (6).jpg,0,cifake,cifar10,train,CIFAKE public Kaggle dataset; verify terms before submission
data/raw/cifake/archive/train/FAKE/3739 (10).jpg,1,cifake,stable_diffusion,train,CIFAKE public Kaggle dataset; verify terms before submission
data/raw/cifake/archive/train/FAKE/4617 (9).jpg,1,cifake,stable_diffusion,train,CIFAKE public Kaggle dataset; verify terms before submission
data/raw/cifake/archive/train/REAL/0769 (6).jpg,0,cifake,cifar10,train,CIFAKE public Kaggle dataset; verify terms before submission
data/raw/cifake/archive/train/FAKE/3228 (7).jpg,1,cifake,stable_diffusion,train,CIFAKE public Kaggle dataset; verify terms before submission
data/raw/cifake/archive/train/REAL/2136 (8).jpg,0,cifake,cifar10,train,CIFAKE public Kaggle dataset; verify terms before submission
data/raw/cifake/archive/train/REAL/3710 (4).jpg,0,cifake,cifar10,train,CIFAKE public Kaggle dataset; verify terms before submission
data/raw/cifake/archive/train/REAL/1295 (9).jpg,0,cifake,cifar10,train,CIFAKE public Kaggle dataset; verify terms before submission
data/raw/cifake/archive/train/FAKE/3736 (3).jpg,1,cifake,stable_diffusion,train,CIFAKE public Kaggle dataset; verify terms before submission
data/raw/cifake/archive/train/FAKE/4952 (7).jpg,1,cifake,stable_diffusion,train,CIFAKE public Kaggle dataset; verify terms before submission
data/raw/cifake/archive/train/FAKE/3073 (10).jpg,1,cifake,stable_diffusion,train,CIFAKE public Kaggle dataset; verify terms before submission
data/raw/cifake/archive/train/REAL/0222 (9).jpg,0,cifake,cifar10,train,CIFAKE public Kaggle dataset; verify terms before submission
data/raw/cifake/archive/train/FAKE/4456 (6).jpg,1,cifake,stable_diffusion,train,CIFAKE public Kaggle dataset; verify terms before submission
data/raw/cifake/archive/train/REAL/1360 (10).jpg,0,cifake,cifar10,train,CIFAKE public Kaggle dataset; verify terms before submission
data/raw/cifake/archive/train/REAL/2678.jpg,0,cifake,cifar10,train,CIFAKE public Kaggle dataset; verify terms before submission
data/raw/cifake/archive/train/REAL/4819 (3).jpg,0,cifake,cifar10,train,CIFAKE public Kaggle dataset; verify terms before submission
data/raw/cifake/archive/train/FAKE/1368 (5).jpg,1,cifake,stable_diffusion,train,CIFAKE public Kaggle dataset; verify terms before submission
data/raw/cifake/archive/train/FAKE/4501 (8).jpg,1,cifake,stable_diffusion,train,CIFAKE public Kaggle dataset; verify terms before submission
data/raw/cifake/archive/train/REAL/4880 (8).jpg,0,cifake,cifar10,train,CIFAKE public Kaggle dataset; verify terms before submission
data/raw/cifake/archive/train/REAL/2336 (4).jpg,0,cifake,cifar10,train,CIFAKE public Kaggle dataset; verify terms before submission
data/raw/cifake/archive/train/FAKE/5434 (2).jpg,1,cifake,stable_diffusion,train,CIFAKE public Kaggle dataset; verify terms before submission
data/raw/cifake/archive/train/FAKE/4902 (10).jpg,1,cifake,stable_diffusion,train,CIFAKE public Kaggle dataset; verify terms before submission
data/raw/cifake/archive/train/REAL/3660 (10).jpg,0,cifake,cifar10,train,CIFAKE public Kaggle dataset; verify terms before submission
data/raw/cifake/archive/train/REAL/3651 (6).jpg,0,cifake,cifar10,train,CIFAKE public Kaggle dataset; verify terms before submission
data/raw/cifake/archive/train/FAKE/2514 (5).jpg,1,cifake,stable_diffusion,train,CIFAKE public Kaggle dataset; verify terms before submission
data/raw/cifake/archive/train/REAL/1018 (8).jpg,0,cifake,cifar10,train,CIFAKE public Kaggle dataset; verify terms before submission
data/raw/cifake/archive/train/FAKE/3121 (8).jpg,1,cifake,stable_diffusion,train,CIFAKE public Kaggle dataset; verify terms before submission
data/raw/cifake/archive/train/REAL/2788 (2).jpg,0,cifake,cifar10,train,CIFAKE public Kaggle dataset; verify terms before submission
data/raw/cifake/archive/train/REAL/0935 (2).jpg,0,cifake,cifar10,train,CIFAKE public Kaggle dataset; verify terms before submission
data/raw/cifake/archive/train/REAL/4157 (7).jpg,0,cifake,cifar10,train,CIFAKE public Kaggle dataset; verify terms before submission
data/raw/cifake/archive/train/FAKE/4651 (3).jpg,1,cifake,stable_diffusion,train,CIFAKE public Kaggle dataset; verify terms before submission
data/raw/cifake/archive/train/REAL/2897 (9).jpg,0,cifake,cifar10,train,CIFAKE public Kaggle dataset; verify terms before submission
data/raw/cifake/archive/train/FAKE/1596 (4).jpg,1,cifake,stable_diffusion,train,CIFAKE public Kaggle dataset; verify terms before submission
data/raw/cifake/archive/train/REAL/0289.jpg,0,cifake,cifar10,train,CIFAKE public Kaggle dataset; verify terms before submission
data/raw/cifake/archive/train/FAKE/1675.jpg,1,cifake,stable_diffusion,train,CIFAKE public Kaggle dataset; verify terms before submission
data/raw/cifake/archive/train/REAL/2770 (3).jpg,0,cifake,cifar10,train,CIFAKE public Kaggle dataset; verify terms before submission
data/raw/cifake/archive/train/FAKE/5363 (7).jpg,1,cifake,stable_diffusion,train,CIFAKE public Kaggle dataset; verify terms before submission
data/raw/cifake/archive/train/REAL/3131 (9).jpg,0,cifake,cifar10,train,CIFAKE public Kaggle dataset; verify terms before submission
data/raw/cifake/archive/train/FAKE/4482 (5).jpg,1,cifake,stable_diffusion,train,CIFAKE public Kaggle dataset; verify terms before submission
data/raw/cifake/archive/train/REAL/3318 (10).jpg,0,cifake,cifar10,train,CIFAKE public Kaggle dataset; verify terms before submission
data/raw/cifake/archive/train/FAKE/5857 (7).jpg,1,cifake,stable_diffusion,train,CIFAKE public Kaggle dataset; verify terms before submission
data/raw/cifake/archive/train/REAL/3998 (6).jpg,0,cifake,cifar10,train,CIFAKE public Kaggle dataset; verify terms before submission
data/raw/cifake/archive/train/REAL/1558 (6).jpg,0,cifake,cifar10,train,CIFAKE public Kaggle dataset; verify terms before submission
data/raw/cifake/archive/train/FAKE/1364 (3).jpg,1,cifake,stable_diffusion,train,CIFAKE public Kaggle dataset; verify terms before submission
data/raw/cifake/archive/train/FAKE/1420.jpg,1,cifake,stable_diffusion,train,CIFAKE public Kaggle dataset; verify terms before submission
data/raw/cifake/archive/train/FAKE/2424 (6).jpg,1,cifake,stable_diffusion,train,CIFAKE public Kaggle dataset; verify terms before submission
data/raw/cifake/archive/train/FAKE/2273 (2).jpg,1,cifake,stable_diffusion,train,CIFAKE public Kaggle dataset; verify terms before submission
data/raw/cifake/archive/train/FAKE/5496 (8).jpg,1,cifake,stable_diffusion,train,CIFAKE public Kaggle dataset; verify terms before submission
data/raw/cifake/archive/train/FAKE/5941 (5).jpg,1,cifake,stable_diffusion,train,CIFAKE public Kaggle dataset; verify terms before submission
data/raw/cifake/archive/train/REAL/4534 (7).jpg,0,cifake,cifar10,train,CIFAKE public Kaggle dataset; verify terms before submission
data/raw/cifake/archive/train/FAKE/2888 (7).jpg,1,cifake,stable_diffusion,train,CIFAKE public Kaggle dataset; verify terms before submission
data/raw/cifake/archive/train/REAL/2939 (10).jpg,0,cifake,cifar10,train,CIFAKE public Kaggle dataset; verify terms before submission
data/raw/cifake/archive/train/FAKE/2650 (8).jpg,1,cifake,stable_diffusion,train,CIFAKE public Kaggle dataset; verify terms before submission
data/raw/cifake/archive/train/FAKE/4851 (9).jpg,1,cifake,stable_diffusion,train,CIFAKE public Kaggle dataset; verify terms before submission
data/raw/cifake/archive/train/FAKE/4100 (10).jpg,1,cifake,stable_diffusion,train,CIFAKE public Kaggle dataset; verify terms before submission
data/raw/cifake/archive/train/FAKE/4875 (3).jpg,1,cifake,stable_diffusion,train,CIFAKE public Kaggle dataset; verify terms before submission
data/raw/cifake/archive/train/REAL/4574 (3).jpg,0,cifake,cifar10,train,CIFAKE public Kaggle dataset; verify terms before submission
data/raw/cifake/archive/train/FAKE/1528 (9).jpg,1,cifake,stable_diffusion,train,CIFAKE public Kaggle dataset; verify terms before submission
data/raw/cifake/archive/train/REAL/4396 (7).jpg,0,cifake,cifar10,train,CIFAKE public Kaggle dataset; verify terms before submission
data/raw/cifake/archive/train/FAKE/4928 (7).jpg,1,cifake,stable_diffusion,train,CIFAKE public Kaggle dataset; verify terms before submission
data/raw/cifake/archive/train/REAL/0745 (3).jpg,0,cifake,cifar10,train,CIFAKE public Kaggle dataset; verify terms before submission
data/raw/cifake/archive/train/REAL/2631 (6).jpg,0,cifake,cifar10,train,CIFAKE public Kaggle dataset; verify terms before submission
data/raw/cifake/archive/train/REAL/2145.jpg,0,cifake,cifar10,train,CIFAKE public Kaggle dataset; verify terms before submission
data/raw/cifake/archive/train/FAKE/4389 (4).jpg,1,cifake,stable_diffusion,train,CIFAKE public Kaggle dataset; verify terms before submission
data/raw/cifake/archive/train/FAKE/3284 (5).jpg,1,cifake,stable_diffusion,train,CIFAKE public Kaggle dataset; verify terms before submission
data/raw/cifake/archive/train/REAL/3710 (8).jpg,0,cifake,cifar10,train,CIFAKE public Kaggle dataset; verify terms before submission
data/raw/cifake/archive/train/REAL/3701 (10).jpg,0,cifake,cifar10,train,CIFAKE public Kaggle dataset; verify terms before submission
data/raw/cifake/archive/train/REAL/2959 (2).jpg,0,cifake,cifar10,train,CIFAKE public Kaggle dataset; verify terms before submission
data/raw/cifake/archive/train/FAKE/1360 (3).jpg,1,cifake,stable_diffusion,train,CIFAKE public Kaggle dataset; verify terms before submission
data/raw/cifake/archive/train/FAKE/5170 (4).jpg,1,cifake,stable_diffusion,train,CIFAKE public Kaggle dataset; verify terms before submission
data/raw/cifake/archive/train/FAKE/2757 (9).jpg,1,cifake,stable_diffusion,train,CIFAKE public Kaggle dataset; verify terms before submission
data/raw/cifake/archive/train/REAL/4877 (6).jpg,0,cifake,cifar10,train,CIFAKE public Kaggle dataset; verify terms before submission
data/raw/cifake/archive/train/REAL/4926 (10).jpg,0,cifake,cifar10,train,CIFAKE public Kaggle dataset; verify terms before submission
data/raw/cifake/archive/train/FAKE/4809 (9).jpg,1,cifake,stable_diffusion,train,CIFAKE public Kaggle dataset; verify terms before submission
data/raw/cifake/archive/train/REAL/4470 (5).jpg,0,cifake,cifar10,train,CIFAKE public Kaggle dataset; verify terms before submission
data/raw/cifake/archive/train/FAKE/1520 (2).jpg,1,cifake,stable_diffusion,train,CIFAKE public Kaggle dataset; verify terms before submission
data/raw/cifake/archive/train/REAL/0352 (2).jpg,0,cifake,cifar10,train,CIFAKE public Kaggle dataset; verify terms before submission
data/raw/cifake/archive/train/REAL/3613 (5).jpg,0,cifake,cifar10,train,CIFAKE public Kaggle dataset; verify terms before submission
data/raw/cifake/archive/train/FAKE/2715 (2).jpg,1,cifake,stable_diffusion,train,CIFAKE public Kaggle dataset; verify terms before submission
data/raw/cifake/archive/train/FAKE/1044 (9).jpg,1,cifake,stable_diffusion,train,CIFAKE public Kaggle dataset; verify terms before submission
data/raw/cifake/archive/train/REAL/4499 (7).jpg,0,cifake,cifar10,train,CIFAKE public Kaggle dataset; verify terms before submission
data/raw/cifake/archive/train/FAKE/5752 (2).jpg,1,cifake,stable_diffusion,train,CIFAKE public Kaggle dataset; verify terms before submission
data/raw/cifake/archive/train/REAL/1903 (4).jpg,0,cifake,cifar10,train,CIFAKE public Kaggle dataset; verify terms before submission
data/raw/cifake/archive/train/FAKE/3501 (5).jpg,1,cifake,stable_diffusion,train,CIFAKE public Kaggle dataset; verify terms before submission
data/raw/cifake/archive/train/REAL/1434 (4).jpg,0,cifake,cifar10,train,CIFAKE public Kaggle dataset; verify terms before submission
data/raw/cifake/archive/train/REAL/3581 (8).jpg,0,cifake,cifar10,train,CIFAKE public Kaggle dataset; verify terms before submission
data/raw/cifake/archive/train/REAL/1085 (9).jpg,0,cifake,cifar10,train,CIFAKE public Kaggle dataset; verify terms before submission
data/raw/cifake/archive/train/FAKE/4338.jpg,1,cifake,stable_diffusion,train,CIFAKE public Kaggle dataset; verify terms before submission
data/raw/cifake/archive/train/FAKE/1168 (5).jpg,1,cifake,stable_diffusion,train,CIFAKE public Kaggle dataset; verify terms before submission
data/raw/cifake/archive/train/FAKE/3043.jpg,1,cifake,stable_diffusion,train,CIFAKE public Kaggle dataset; verify terms before submission
data/raw/cifake/archive/train/REAL/1980 (6).jpg,0,cifake,cifar10,train,CIFAKE public Kaggle dataset; verify terms before submission
data/raw/cifake/archive/train/REAL/0673 (8).jpg,0,cifake,cifar10,train,CIFAKE public Kaggle dataset; verify terms before submission
data/raw/cifake/archive/train/REAL/2810.jpg,0,cifake,cifar10,train,CIFAKE public Kaggle dataset; verify terms before submission
data/raw/cifake/archive/train/REAL/1427 (10).jpg,0,cifake,cifar10,train,CIFAKE public Kaggle dataset; verify terms before submission
data/raw/cifake/archive/train/FAKE/3265.jpg,1,cifake,stable_diffusion,train,CIFAKE public Kaggle dataset; verify terms before submission
data/raw/cifake/archive/train/FAKE/3878 (7).jpg,1,cifake,stable_diffusion,train,CIFAKE public Kaggle dataset; verify terms before submission
data/raw/cifake/archive/train/REAL/3004 (6).jpg,0,cifake,cifar10,train,CIFAKE public Kaggle dataset; verify terms before submission
data/raw/cifake/archive/train/FAKE/3571 (2).jpg,1,cifake,stable_diffusion,train,CIFAKE public Kaggle dataset; verify terms before submission
data/raw/cifake/archive/train/FAKE/4157 (4).jpg,1,cifake,stable_diffusion,train,CIFAKE public Kaggle dataset; verify terms before submission
data/raw/cifake/archive/train/FAKE/3514.jpg,1,cifake,stable_diffusion,train,CIFAKE public Kaggle dataset; verify terms before submission
data/raw/cifake/archive/train/REAL/0874 (7).jpg,0,cifake,cifar10,train,CIFAKE public Kaggle dataset; verify terms before submission
data/raw/cifake/archive/train/REAL/4147 (2).jpg,0,cifake,cifar10,train,CIFAKE public Kaggle dataset; verify terms before submission
data/raw/cifake/archive/train/FAKE/3004 (3).jpg,1,cifake,stable_diffusion,train,CIFAKE public Kaggle dataset; verify terms before submission
data/raw/cifake/archive/train/FAKE/4220 (2).jpg,1,cifake,stable_diffusion,train,CIFAKE public Kaggle dataset; verify terms before submission
data/raw/cifake/archive/train/REAL/3996 (7).jpg,0,cifake,cifar10,train,CIFAKE public Kaggle dataset; verify terms before submission
data/raw/cifake/archive/train/FAKE/2133 (9).jpg,1,cifake,stable_diffusion,train,CIFAKE public Kaggle dataset; verify terms before submission
data/raw/cifake/archive/train/FAKE/1987 (2).jpg,1,cifake,stable_diffusion,train,CIFAKE public Kaggle dataset; verify terms before submission
data/raw/cifake/archive/train/REAL/2964 (3).jpg,0,cifake,cifar10,train,CIFAKE public Kaggle dataset; verify terms before submission
data/raw/cifake/archive/train/FAKE/4521.jpg,1,cifake,stable_diffusion,train,CIFAKE public Kaggle dataset; verify terms before submission
data/raw/cifake/archive/train/REAL/0592 (8).jpg,0,cifake,cifar10,train,CIFAKE public Kaggle dataset; verify terms before submission
data/raw/cifake/archive/train/REAL/0428 (3).jpg,0,cifake,cifar10,train,CIFAKE public Kaggle dataset; verify terms before submission
data/raw/cifake/archive/train/REAL/4504 (5).jpg,0,cifake,cifar10,train,CIFAKE public Kaggle dataset; verify terms before submission
data/raw/cifake/archive/train/FAKE/1703 (2).jpg,1,cifake,stable_diffusion,train,CIFAKE public Kaggle dataset; verify terms before submission
data/raw/cifake/archive/train/FAKE/2297 (3).jpg,1,cifake,stable_diffusion,train,CIFAKE public Kaggle dataset; verify terms before submission
data/raw/cifake/archive/train/FAKE/4844 (10).jpg,1,cifake,stable_diffusion,train,CIFAKE public Kaggle dataset; verify terms before submission
data/raw/cifake/archive/train/REAL/3988 (8).jpg,0,cifake,cifar10,train,CIFAKE public Kaggle dataset; verify terms before submission
data/raw/cifake/archive/train/REAL/4805 (2).jpg,0,cifake,cifar10,train,CIFAKE public Kaggle dataset; verify terms before submission
data/raw/cifake/archive/train/FAKE/1757 (8).jpg,1,cifake,stable_diffusion,train,CIFAKE public Kaggle dataset; verify terms before submission
data/raw/cifake/archive/train/FAKE/4492 (9).jpg,1,cifake,stable_diffusion,train,CIFAKE public Kaggle dataset; verify terms before submission
data/raw/cifake/archive/train/REAL/1103 (8).jpg,0,cifake,cifar10,train,CIFAKE public Kaggle dataset; verify terms before submission
data/raw/cifake/archive/train/FAKE/5514 (4).jpg,1,cifake,stable_diffusion,train,CIFAKE public Kaggle dataset; verify terms before submission
data/raw/cifake/archive/train/REAL/3446 (10).jpg,0,cifake,cifar10,train,CIFAKE public Kaggle dataset; verify terms before submission
data/raw/cifake/archive/train/FAKE/2516 (2).jpg,1,cifake,stable_diffusion,train,CIFAKE public Kaggle dataset; verify terms before submission
data/raw/cifake/archive/train/REAL/0067 (6).jpg,0,cifake,cifar10,train,CIFAKE public Kaggle dataset; verify terms before submission
data/raw/cifake/archive/train/REAL/2650 (2).jpg,0,cifake,cifar10,train,CIFAKE public Kaggle dataset; verify terms before submission
data/raw/cifake/archive/train/REAL/4684 (7).jpg,0,cifake,cifar10,train,CIFAKE public Kaggle dataset; verify terms before submission
data/raw/cifake/archive/train/REAL/1246 (4).jpg,0,cifake,cifar10,train,CIFAKE public Kaggle dataset; verify terms before submission
data/raw/cifake/archive/train/REAL/4232 (3).jpg,0,cifake,cifar10,train,CIFAKE public Kaggle dataset; verify terms before submission
data/raw/cifake/archive/train/FAKE/1836 (2).jpg,1,cifake,stable_diffusion,train,CIFAKE public Kaggle dataset; verify terms before submission
data/raw/cifake/archive/train/FAKE/4208 (2).jpg,1,cifake,stable_diffusion,train,CIFAKE public Kaggle dataset; verify terms before submission
data/raw/cifake/archive/train/FAKE/1631 (8).jpg,1,cifake,stable_diffusion,train,CIFAKE public Kaggle dataset; verify terms before submission
data/raw/cifake/archive/train/REAL/1942 (2).jpg,0,cifake,cifar10,train,CIFAKE public Kaggle dataset; verify terms before submission
data/raw/cifake/archive/train/REAL/1440 (5).jpg,0,cifake,cifar10,train,CIFAKE public Kaggle dataset; verify terms before submission
data/raw/cifake/archive/train/REAL/3991 (3).jpg,0,cifake,cifar10,train,CIFAKE public Kaggle dataset; verify terms before submission
data/raw/cifake/archive/train/FAKE/4127 (10).jpg,1,cifake,stable_diffusion,train,CIFAKE public Kaggle dataset; verify terms before submission
data/raw/cifake/archive/train/FAKE/5317 (7).jpg,1,cifake,stable_diffusion,train,CIFAKE public Kaggle dataset; verify terms before submission
data/raw/cifake/archive/train/REAL/1199 (3).jpg,0,cifake,cifar10,train,CIFAKE public Kaggle dataset; verify terms before submission
data/raw/cifake/archive/train/REAL/1215 (5).jpg,0,cifake,cifar10,train,CIFAKE public Kaggle dataset; verify terms before submission
data/raw/cifake/archive/train/FAKE/4802 (5).jpg,1,cifake,stable_diffusion,train,CIFAKE public Kaggle dataset; verify terms before submission
data/raw/cifake/archive/train/REAL/0670 (2).jpg,0,cifake,cifar10,train,CIFAKE public Kaggle dataset; verify terms before submission
data/raw/cifake/archive/train/REAL/3785 (4).jpg,0,cifake,cifar10,train,CIFAKE public Kaggle dataset; verify terms before submission
data/raw/cifake/archive/train/REAL/2581 (10).jpg,0,cifake,cifar10,train,CIFAKE public Kaggle dataset; verify terms before submission
data/raw/cifake/archive/train/REAL/4308.jpg,0,cifake,cifar10,train,CIFAKE public Kaggle dataset; verify terms before submission
data/raw/cifake/archive/train/FAKE/5349 (9).jpg,1,cifake,stable_diffusion,train,CIFAKE public Kaggle dataset; verify terms before submission
data/raw/cifake/archive/train/REAL/2807 (8).jpg,0,cifake,cifar10,train,CIFAKE public Kaggle dataset; verify terms before submission
data/raw/cifake/archive/train/FAKE/5020 (5).jpg,1,cifake,stable_diffusion,train,CIFAKE public Kaggle dataset; verify terms before submission
data/raw/cifake/archive/train/REAL/2060 (8).jpg,0,cifake,cifar10,train,CIFAKE public Kaggle dataset; verify terms before submission
data/raw/cifake/archive/train/REAL/4527 (4).jpg,0,cifake,cifar10,train,CIFAKE public Kaggle dataset; verify terms before submission
data/raw/cifake/archive/train/REAL/0426 (7).jpg,0,cifake,cifar10,train,CIFAKE public Kaggle dataset; verify terms before submission
data/raw/cifake/archive/train/FAKE/5698 (4).jpg,1,cifake,stable_diffusion,train,CIFAKE public Kaggle dataset; verify terms before submission
data/raw/cifake/archive/train/REAL/0470 (7).jpg,0,cifake,cifar10,train,CIFAKE public Kaggle dataset; verify terms before submission
data/raw/cifake/archive/train/REAL/1841 (5).jpg,0,cifake,cifar10,train,CIFAKE public Kaggle dataset; verify terms before submission
data/raw/cifake/archive/train/FAKE/4604.jpg,1,cifake,stable_diffusion,train,CIFAKE public Kaggle dataset; verify terms before submission
data/raw/cifake/archive/train/FAKE/3361 (10).jpg,1,cifake,stable_diffusion,train,CIFAKE public Kaggle dataset; verify terms before submission
data/raw/cifake/archive/train/REAL/4067 (9).jpg,0,cifake,cifar10,train,CIFAKE public Kaggle dataset; verify terms before submission
data/raw/cifake/archive/train/REAL/2188 (3).jpg,0,cifake,cifar10,train,CIFAKE public Kaggle dataset; verify terms before submission
data/raw/cifake/archive/train/REAL/2586.jpg,0,cifake,cifar10,train,CIFAKE public Kaggle dataset; verify terms before submission
data/raw/cifake/archive/train/FAKE/5653 (2).jpg,1,cifake,stable_diffusion,train,CIFAKE public Kaggle dataset; verify terms before submission
data/raw/cifake/archive/train/FAKE/1621 (10).jpg,1,cifake,stable_diffusion,train,CIFAKE public Kaggle dataset; verify terms before submission
data/raw/cifake/archive/train/FAKE/4466 (4).jpg,1,cifake,stable_diffusion,train,CIFAKE public Kaggle dataset; verify terms before submission
data/raw/cifake/archive/train/REAL/3314 (9).jpg,0,cifake,cifar10,train,CIFAKE public Kaggle dataset; verify terms before submission
data/raw/cifake/archive/train/REAL/4644 (3).jpg,0,cifake,cifar10,train,CIFAKE public Kaggle dataset; verify terms before submission
data/raw/cifake/archive/train/FAKE/3235 (8).jpg,1,cifake,stable_diffusion,train,CIFAKE public Kaggle dataset; verify terms before submission
data/raw/cifake/archive/train/REAL/2888 (7).jpg,0,cifake,cifar10,train,CIFAKE public Kaggle dataset; verify terms before submission
data/raw/cifake/archive/train/FAKE/4554 (2).jpg,1,cifake,stable_diffusion,train,CIFAKE public Kaggle dataset; verify terms before submission
data/raw/cifake/archive/train/REAL/3511 (6).jpg,0,cifake,cifar10,train,CIFAKE public Kaggle dataset; verify terms before submission
data/raw/cifake/archive/train/REAL/4690 (6).jpg,0,cifake,cifar10,train,CIFAKE public Kaggle dataset; verify terms before submission
data/raw/cifake/archive/train/REAL/1999 (5).jpg,0,cifake,cifar10,train,CIFAKE public Kaggle dataset; verify terms before submission
data/raw/cifake/archive/train/FAKE/4501 (4).jpg,1,cifake,stable_diffusion,train,CIFAKE public Kaggle dataset; verify terms before submission
data/raw/cifake/archive/train/REAL/2768 (5).jpg,0,cifake,cifar10,train,CIFAKE public Kaggle dataset; verify terms before submission
data/raw/cifake/archive/train/FAKE/5812 (10).jpg,1,cifake,stable_diffusion,train,CIFAKE public Kaggle dataset; verify terms before submission
data/raw/cifake/archive/train/REAL/3874 (7).jpg,0,cifake,cifar10,train,CIFAKE public Kaggle dataset; verify terms before submission
data/raw/cifake/archive/train/REAL/2439 (3).jpg,0,cifake,cifar10,train,CIFAKE public Kaggle dataset; verify terms before submission
data/raw/cifake/archive/train/REAL/0274 (6).jpg,0,cifake,cifar10,train,CIFAKE public Kaggle dataset; verify terms before submission
data/raw/cifake/archive/train/REAL/1112 (9).jpg,0,cifake,cifar10,train,CIFAKE public Kaggle dataset; verify terms before submission
data/raw/cifake/archive/train/FAKE/2485 (2).jpg,1,cifake,stable_diffusion,train,CIFAKE public Kaggle dataset; verify terms before submission
data/raw/cifake/archive/train/REAL/0053 (6).jpg,0,cifake,cifar10,train,CIFAKE public Kaggle dataset; verify terms before submission
data/raw/cifake/archive/train/REAL/3210 (8).jpg,0,cifake,cifar10,train,CIFAKE public Kaggle dataset; verify terms before submission
data/raw/cifake/archive/train/REAL/3438 (3).jpg,0,cifake,cifar10,train,CIFAKE public Kaggle dataset; verify terms before submission
data/raw/cifake/archive/train/FAKE/2857 (9).jpg,1,cifake,stable_diffusion,train,CIFAKE public Kaggle dataset; verify terms before submission
data/raw/cifake/archive/train/FAKE/2213.jpg,1,cifake,stable_diffusion,train,CIFAKE public Kaggle dataset; verify terms before submission
data/raw/cifake/archive/train/REAL/1050 (3).jpg,0,cifake,cifar10,train,CIFAKE public Kaggle dataset; verify terms before submission
data/raw/cifake/archive/train/REAL/1744 (2).jpg,0,cifake,cifar10,train,CIFAKE public Kaggle dataset; verify terms before submission
data/raw/cifake/archive/train/FAKE/1033 (4).jpg,1,cifake,stable_diffusion,train,CIFAKE public Kaggle dataset; verify terms before submission
data/raw/cifake/archive/train/REAL/4087 (7).jpg,0,cifake,cifar10,train,CIFAKE public Kaggle dataset; verify terms before submission
data/raw/cifake/archive/train/REAL/0106 (9).jpg,0,cifake,cifar10,train,CIFAKE public Kaggle dataset; verify terms before submission
data/raw/cifake/archive/train/FAKE/4414 (6).jpg,1,cifake,stable_diffusion,train,CIFAKE public Kaggle dataset; verify terms before submission
data/raw/cifake/archive/train/FAKE/2317.jpg,1,cifake,stable_diffusion,train,CIFAKE public Kaggle dataset; verify terms before submission
data/raw/cifake/archive/train/REAL/3868 (7).jpg,0,cifake,cifar10,train,CIFAKE public Kaggle dataset; verify terms before submission
data/raw/cifake/archive/train/FAKE/1696 (2).jpg,1,cifake,stable_diffusion,train,CIFAKE public Kaggle dataset; verify terms before submission
data/raw/cifake/archive/train/REAL/3333.jpg,0,cifake,cifar10,train,CIFAKE public Kaggle dataset; verify terms before submission
data/raw/cifake/archive/train/REAL/4762 (9).jpg,0,cifake,cifar10,train,CIFAKE public Kaggle dataset; verify terms before submission
data/raw/cifake/archive/train/REAL/4062 (3).jpg,0,cifake,cifar10,train,CIFAKE public Kaggle dataset; verify terms before submission
data/raw/cifake/archive/train/REAL/1166 (9).jpg,0,cifake,cifar10,train,CIFAKE public Kaggle dataset; verify terms before submission
data/raw/cifake/archive/train/REAL/1815 (6).jpg,0,cifake,cifar10,train,CIFAKE public Kaggle dataset; verify terms before submission
data/raw/cifake/archive/train/REAL/1157 (9).jpg,0,cifake,cifar10,train,CIFAKE public Kaggle dataset; verify terms before submission
data/raw/cifake/archive/train/FAKE/1463 (2).jpg,1,cifake,stable_diffusion,train,CIFAKE public Kaggle dataset; verify terms before submission
data/raw/cifake/archive/train/FAKE/5869.jpg,1,cifake,stable_diffusion,train,CIFAKE public Kaggle dataset; verify terms before submission
data/raw/cifake/archive/train/FAKE/4285 (6).jpg,1,cifake,stable_diffusion,train,CIFAKE public Kaggle dataset; verify terms before submission
data/raw/cifake/archive/train/FAKE/5508 (5).jpg,1,cifake,stable_diffusion,train,CIFAKE public Kaggle dataset; verify terms before submission
data/raw/cifake/archive/train/FAKE/1323 (9).jpg,1,cifake,stable_diffusion,train,CIFAKE public Kaggle dataset; verify terms before submission
data/raw/cifake/archive/train/FAKE/4072 (7).jpg,1,cifake,stable_diffusion,train,CIFAKE public Kaggle dataset; verify terms before submission
data/raw/cifake/archive/train/FAKE/4437.jpg,1,cifake,stable_diffusion,train,CIFAKE public Kaggle dataset; verify terms before submission
data/raw/cifake/archive/train/REAL/3216 (9).jpg,0,cifake,cifar10,train,CIFAKE public Kaggle dataset; verify terms before submission
data/raw/cifake/archive/train/REAL/2385 (7).jpg,0,cifake,cifar10,train,CIFAKE public Kaggle dataset; verify terms before submission
data/raw/cifake/archive/train/FAKE/1043 (4).jpg,1,cifake,stable_diffusion,train,CIFAKE public Kaggle dataset; verify terms before submission
data/raw/cifake/archive/train/FAKE/3437 (6).jpg,1,cifake,stable_diffusion,train,CIFAKE public Kaggle dataset; verify terms before submission
data/raw/cifake/archive/train/FAKE/3968 (6).jpg,1,cifake,stable_diffusion,train,CIFAKE public Kaggle dataset; verify terms before submission
data/raw/cifake/archive/train/REAL/3605 (4).jpg,0,cifake,cifar10,train,CIFAKE public Kaggle dataset; verify terms before submission
data/raw/cifake/archive/train/FAKE/1291 (6).jpg,1,cifake,stable_diffusion,train,CIFAKE public Kaggle dataset; verify terms before submission
data/raw/cifake/archive/train/FAKE/3930 (7).jpg,1,cifake,stable_diffusion,train,CIFAKE public Kaggle dataset; verify terms before submission
data/raw/cifake/archive/train/FAKE/2536 (9).jpg,1,cifake,stable_diffusion,train,CIFAKE public Kaggle dataset; verify terms before submission
data/raw/cifake/archive/train/FAKE/2621 (6).jpg,1,cifake,stable_diffusion,train,CIFAKE public Kaggle dataset; verify terms before submission
data/raw/cifake/archive/train/FAKE/3132.jpg,1,cifake,stable_diffusion,train,CIFAKE public Kaggle dataset; verify terms before submission
data/raw/cifake/archive/train/FAKE/1006 (8).jpg,1,cifake,stable_diffusion,train,CIFAKE public Kaggle dataset; verify terms before submission
data/raw/cifake/archive/train/FAKE/4446 (3).jpg,1,cifake,stable_diffusion,train,CIFAKE public Kaggle dataset; verify terms before submission
data/raw/cifake/archive/train/FAKE/4300 (4).jpg,1,cifake,stable_diffusion,train,CIFAKE public Kaggle dataset; verify terms before submission
data/raw/cifake/archive/train/REAL/0614 (9).jpg,0,cifake,cifar10,train,CIFAKE public Kaggle dataset; verify terms before submission
data/raw/cifake/archive/train/FAKE/2993 (6).jpg,1,cifake,stable_diffusion,train,CIFAKE public Kaggle dataset; verify terms before submission
data/raw/cifake/archive/train/FAKE/1541 (9).jpg,1,cifake,stable_diffusion,train,CIFAKE public Kaggle dataset; verify terms before submission
data/raw/cifake/archive/train/REAL/3614 (2).jpg,0,cifake,cifar10,train,CIFAKE public Kaggle dataset; verify terms before submission
data/raw/cifake/archive/train/FAKE/4585.jpg,1,cifake,stable_diffusion,train,CIFAKE public Kaggle dataset; verify terms before submission
data/raw/cifake/archive/train/FAKE/5134 (7).jpg,1,cifake,stable_diffusion,train,CIFAKE public Kaggle dataset; verify terms before submission
data/raw/cifake/archive/train/REAL/0326 (7).jpg,0,cifake,cifar10,train,CIFAKE public Kaggle dataset; verify terms before submission
data/raw/cifake/archive/train/FAKE/4880 (6).jpg,1,cifake,stable_diffusion,train,CIFAKE public Kaggle dataset; verify terms before submission
data/raw/cifake/archive/train/FAKE/4979 (7).jpg,1,cifake,stable_diffusion,train,CIFAKE public Kaggle dataset; verify terms before submission
data/raw/cifake/archive/train/FAKE/3355 (7).jpg,1,cifake,stable_diffusion,train,CIFAKE public Kaggle dataset; verify terms before submission
data/raw/cifake/archive/train/FAKE/4568.jpg,1,cifake,stable_diffusion,train,CIFAKE public Kaggle dataset; verify terms before submission
data/raw/cifake/archive/train/REAL/0054 (10).jpg,0,cifake,cifar10,train,CIFAKE public Kaggle dataset; verify terms before submission
data/raw/cifake/archive/train/FAKE/4678 (3).jpg,1,cifake,stable_diffusion,train,CIFAKE public Kaggle dataset; verify terms before submission
data/raw/cifake/archive/train/FAKE/3857.jpg,1,cifake,stable_diffusion,train,CIFAKE public Kaggle dataset; verify terms before submission
data/raw/cifake/archive/train/FAKE/1198 (8).jpg,1,cifake,stable_diffusion,train,CIFAKE public Kaggle dataset; verify terms before submission
data/raw/cifake/archive/train/REAL/0558 (9).jpg,0,cifake,cifar10,train,CIFAKE public Kaggle dataset; verify terms before submission
data/raw/cifake/archive/train/FAKE/5034 (10).jpg,1,cifake,stable_diffusion,train,CIFAKE public Kaggle dataset; verify terms before submission
data/raw/cifake/archive/train/FAKE/2078.jpg,1,cifake,stable_diffusion,train,CIFAKE public Kaggle dataset; verify terms before submission
data/raw/cifake/archive/train/REAL/0327 (3).jpg,0,cifake,cifar10,train,CIFAKE public Kaggle dataset; verify terms before submission
data/raw/cifake/archive/train/REAL/4243 (10).jpg,0,cifake,cifar10,train,CIFAKE public Kaggle dataset; verify terms before submission
data/raw/cifake/archive/train/FAKE/2884 (2).jpg,1,cifake,stable_diffusion,train,CIFAKE public Kaggle dataset; verify terms before submission
data/raw/cifake/archive/train/FAKE/1612 (6).jpg,1,cifake,stable_diffusion,train,CIFAKE public Kaggle dataset; verify terms before submission
data/raw/cifake/archive/train/REAL/1766 (2).jpg,0,cifake,cifar10,train,CIFAKE public Kaggle dataset; verify terms before submission
data/raw/cifake/archive/train/REAL/2914 (2).jpg,0,cifake,cifar10,train,CIFAKE public Kaggle dataset; verify terms before submission
data/raw/cifake/archive/train/REAL/4795 (8).jpg,0,cifake,cifar10,train,CIFAKE public Kaggle dataset; verify terms before submission
data/raw/cifake/archive/train/FAKE/5359 (3).jpg,1,cifake,stable_diffusion,train,CIFAKE public Kaggle dataset; verify terms before submission
data/raw/cifake/archive/train/REAL/3920 (4).jpg,0,cifake,cifar10,train,CIFAKE public Kaggle dataset; verify terms before submission
data/raw/cifake/archive/train/REAL/2471 (2).jpg,0,cifake,cifar10,train,CIFAKE public Kaggle dataset; verify terms before submission
data/raw/cifake/archive/train/REAL/3070 (9).jpg,0,cifake,cifar10,train,CIFAKE public Kaggle dataset; verify terms before submission
data/raw/cifake/archive/train/REAL/4221 (10).jpg,0,cifake,cifar10,train,CIFAKE public Kaggle dataset; verify terms before submission
data/raw/cifake/archive/train/REAL/4195 (8).jpg,0,cifake,cifar10,train,CIFAKE public Kaggle dataset; verify terms before submission
data/raw/cifake/archive/train/FAKE/2117 (9).jpg,1,cifake,stable_diffusion,train,CIFAKE public Kaggle dataset; verify terms before submission
data/raw/cifake/archive/train/FAKE/4356 (6).jpg,1,cifake,stable_diffusion,train,CIFAKE public Kaggle dataset; verify terms before submission
data/raw/cifake/archive/train/FAKE/4864 (5).jpg,1,cifake,stable_diffusion,train,CIFAKE public Kaggle dataset; verify terms before submission
data/raw/cifake/archive/train/FAKE/5732 (6).jpg,1,cifake,stable_diffusion,train,CIFAKE public Kaggle dataset; verify terms before submission
data/raw/cifake/archive/train/FAKE/5895 (4).jpg,1,cifake,stable_diffusion,train,CIFAKE public Kaggle dataset; verify terms before submission
data/raw/cifake/archive/train/FAKE/2285 (6).jpg,1,cifake,stable_diffusion,train,CIFAKE public Kaggle dataset; verify terms before submission
data/raw/cifake/archive/train/REAL/0887 (8).jpg,0,cifake,cifar10,train,CIFAKE public Kaggle dataset; verify terms before submission
data/raw/cifake/archive/train/REAL/4588 (6).jpg,0,cifake,cifar10,train,CIFAKE public Kaggle dataset; verify terms before submission
data/raw/cifake/archive/train/FAKE/1816 (4).jpg,1,cifake,stable_diffusion,train,CIFAKE public Kaggle dataset; verify terms before submission
data/raw/cifake/archive/train/FAKE/1499 (2).jpg,1,cifake,stable_diffusion,train,CIFAKE public Kaggle dataset; verify terms before submission
data/raw/cifake/archive/train/REAL/1981 (10).jpg,0,cifake,cifar10,train,CIFAKE public Kaggle dataset; verify terms before submission
data/raw/cifake/archive/train/FAKE/2790 (3).jpg,1,cifake,stable_diffusion,train,CIFAKE public Kaggle dataset; verify terms before submission
data/raw/cifake/archive/train/FAKE/2699.jpg,1,cifake,stable_diffusion,train,CIFAKE public Kaggle dataset; verify terms before submission
data/raw/cifake/archive/train/FAKE/1075 (5).jpg,1,cifake,stable_diffusion,train,CIFAKE public Kaggle dataset; verify terms before submission
data/raw/cifake/archive/train/REAL/2927 (8).jpg,0,cifake,cifar10,train,CIFAKE public Kaggle dataset; verify terms before submission
data/raw/cifake/archive/train/REAL/4757 (3).jpg,0,cifake,cifar10,train,CIFAKE public Kaggle dataset; verify terms before submission
data/raw/cifake/archive/train/REAL/1116 (9).jpg,0,cifake,cifar10,train,CIFAKE public Kaggle dataset; verify terms before submission
data/raw/cifake/archive/train/REAL/1033 (5).jpg,0,cifake,cifar10,train,CIFAKE public Kaggle dataset; verify terms before submission
data/raw/cifake/archive/train/FAKE/5554 (6).jpg,1,cifake,stable_diffusion,train,CIFAKE public Kaggle dataset; verify terms before submission
data/raw/cifake/archive/train/FAKE/2117 (4).jpg,1,cifake,stable_diffusion,train,CIFAKE public Kaggle dataset; verify terms before submission
data/raw/cifake/archive/train/REAL/2201 (4).jpg,0,cifake,cifar10,train,CIFAKE public Kaggle dataset; verify terms before submission
data/raw/cifake/archive/train/REAL/3774 (5).jpg,0,cifake,cifar10,train,CIFAKE public Kaggle dataset; verify terms before submission
data/raw/cifake/archive/train/REAL/1783 (9).jpg,0,cifake,cifar10,train,CIFAKE public Kaggle dataset; verify terms before submission
data/raw/cifake/archive/train/FAKE/1070 (8).jpg,1,cifake,stable_diffusion,train,CIFAKE public Kaggle dataset; verify terms before submission
data/raw/cifake/archive/train/REAL/4325 (5).jpg,0,cifake,cifar10,train,CIFAKE public Kaggle dataset; verify terms before submission
data/raw/cifake/archive/train/REAL/3066 (3).jpg,0,cifake,cifar10,train,CIFAKE public Kaggle dataset; verify terms before submission
data/raw/cifake/archive/train/FAKE/4032.jpg,1,cifake,stable_diffusion,train,CIFAKE public Kaggle dataset; verify terms before submission
data/raw/cifake/archive/train/REAL/2485 (4).jpg,0,cifake,cifar10,train,CIFAKE public Kaggle dataset; verify terms before submission
data/raw/cifake/archive/train/REAL/1854 (3).jpg,0,cifake,cifar10,train,CIFAKE public Kaggle dataset; verify terms before submission
data/raw/cifake/archive/train/REAL/4311 (4).jpg,0,cifake,cifar10,train,CIFAKE public Kaggle dataset; verify terms before submission
data/raw/cifake/archive/train/REAL/4721 (10).jpg,0,cifake,cifar10,train,CIFAKE public Kaggle dataset; verify terms before submission
data/raw/cifake/archive/train/REAL/0254 (6).jpg,0,cifake,cifar10,train,CIFAKE public Kaggle dataset; verify terms before submission
data/raw/cifake/archive/train/FAKE/2312 (5).jpg,1,cifake,stable_diffusion,train,CIFAKE public Kaggle dataset; verify terms before submission
data/raw/cifake/archive/train/REAL/0002.jpg,0,cifake,cifar10,train,CIFAKE public Kaggle dataset; verify terms before submission
data/raw/cifake/archive/train/FAKE/5648 (10).jpg,1,cifake,stable_diffusion,train,CIFAKE public Kaggle dataset; verify terms before submission
data/raw/cifake/archive/train/FAKE/5890 (7).jpg,1,cifake,stable_diffusion,train,CIFAKE public Kaggle dataset; verify terms before submission
data/raw/cifake/archive/train/REAL/1458 (2).jpg,0,cifake,cifar10,train,CIFAKE public Kaggle dataset; verify terms before submission
data/raw/cifake/archive/train/FAKE/2466 (6).jpg,1,cifake,stable_diffusion,train,CIFAKE public Kaggle dataset; verify terms before submission
data/raw/cifake/archive/train/FAKE/5114.jpg,1,cifake,stable_diffusion,train,CIFAKE public Kaggle dataset; verify terms before submission
data/raw/cifake/archive/train/REAL/0980 (6).jpg,0,cifake,cifar10,train,CIFAKE public Kaggle dataset; verify terms before submission
data/raw/cifake/archive/train/FAKE/4998 (10).jpg,1,cifake,stable_diffusion,train,CIFAKE public Kaggle dataset; verify terms before submission
data/raw/cifake/archive/train/REAL/1090 (2).jpg,0,cifake,cifar10,train,CIFAKE public Kaggle dataset; verify terms before submission
data/raw/cifake/archive/train/FAKE/2191 (5).jpg,1,cifake,stable_diffusion,train,CIFAKE public Kaggle dataset; verify terms before submission
data/raw/cifake/archive/train/REAL/1514 (10).jpg,0,cifake,cifar10,train,CIFAKE public Kaggle dataset; verify terms before submission
data/raw/cifake/archive/train/REAL/0681 (10).jpg,0,cifake,cifar10,train,CIFAKE public Kaggle dataset; verify terms before submission
data/raw/cifake/archive/train/FAKE/5034 (3).jpg,1,cifake,stable_diffusion,train,CIFAKE public Kaggle dataset; verify terms before submission
data/raw/cifake/archive/train/FAKE/5024 (10).jpg,1,cifake,stable_diffusion,train,CIFAKE public Kaggle dataset; verify terms before submission
data/raw/cifake/archive/train/REAL/0264 (6).jpg,0,cifake,cifar10,train,CIFAKE public Kaggle dataset; verify terms before submission
data/raw/cifake/archive/train/REAL/0404 (8).jpg,0,cifake,cifar10,train,CIFAKE public Kaggle dataset; verify terms before submission
data/raw/cifake/archive/train/REAL/2649 (9).jpg,0,cifake,cifar10,train,CIFAKE public Kaggle dataset; verify terms before submission
data/raw/cifake/archive/train/REAL/1534 (7).jpg,0,cifake,cifar10,train,CIFAKE public Kaggle dataset; verify terms before submission
data/raw/cifake/archive/train/REAL/2780.jpg,0,cifake,cifar10,train,CIFAKE public Kaggle dataset; verify terms before submission
data/raw/cifake/archive/train/REAL/1137 (3).jpg,0,cifake,cifar10,train,CIFAKE public Kaggle dataset; verify terms before submission
data/raw/cifake/archive/train/REAL/1595 (8).jpg,0,cifake,cifar10,train,CIFAKE public Kaggle dataset; verify terms before submission
data/raw/cifake/archive/train/REAL/1258 (6).jpg,0,cifake,cifar10,train,CIFAKE public Kaggle dataset; verify terms before submission
data/raw/cifake/archive/train/REAL/2540 (6).jpg,0,cifake,cifar10,train,CIFAKE public Kaggle dataset; verify terms before submission
data/raw/cifake/archive/train/REAL/2434.jpg,0,cifake,cifar10,train,CIFAKE public Kaggle dataset; verify terms before submission
data/raw/cifake/archive/train/REAL/1871 (10).jpg,0,cifake,cifar10,train,CIFAKE public Kaggle dataset; verify terms before submission
data/raw/cifake/archive/train/FAKE/3631 (10).jpg,1,cifake,stable_diffusion,train,CIFAKE public Kaggle dataset; verify terms before submission
data/raw/cifake/archive/train/FAKE/4911 (6).jpg,1,cifake,stable_diffusion,train,CIFAKE public Kaggle dataset; verify terms before submission
data/raw/cifake/archive/train/REAL/2089 (8).jpg,0,cifake,cifar10,train,CIFAKE public Kaggle dataset; verify terms before submission
data/raw/cifake/archive/train/FAKE/2383 (2).jpg,1,cifake,stable_diffusion,train,CIFAKE public Kaggle dataset; verify terms before submission
data/raw/cifake/archive/train/FAKE/4617 (10).jpg,1,cifake,stable_diffusion,train,CIFAKE public Kaggle dataset; verify terms before submission
data/raw/cifake/archive/train/FAKE/3552 (4).jpg,1,cifake,stable_diffusion,train,CIFAKE public Kaggle dataset; verify terms before submission
data/raw/cifake/archive/train/FAKE/2838 (7).jpg,1,cifake,stable_diffusion,train,CIFAKE public Kaggle dataset; verify terms before submission
data/raw/cifake/archive/train/REAL/0619 (3).jpg,0,cifake,cifar10,train,CIFAKE public Kaggle dataset; verify terms before submission
data/raw/cifake/archive/train/REAL/0011.jpg,0,cifake,cifar10,train,CIFAKE public Kaggle dataset; verify terms before submission
data/raw/cifake/archive/train/FAKE/3081.jpg,1,cifake,stable_diffusion,train,CIFAKE public Kaggle dataset; verify terms before submission
data/raw/cifake/archive/train/REAL/3553.jpg,0,cifake,cifar10,train,CIFAKE public Kaggle dataset; verify terms before submission
data/raw/cifake/archive/train/FAKE/4527 (6).jpg,1,cifake,stable_diffusion,train,CIFAKE public Kaggle dataset; verify terms before submission
data/raw/cifake/archive/train/REAL/2152 (8).jpg,0,cifake,cifar10,train,CIFAKE public Kaggle dataset; verify terms before submission
data/raw/cifake/archive/train/FAKE/3110 (2).jpg,1,cifake,stable_diffusion,train,CIFAKE public Kaggle dataset; verify terms before submission
data/raw/cifake/archive/train/REAL/1413 (2).jpg,0,cifake,cifar10,train,CIFAKE public Kaggle dataset; verify terms before submission
data/raw/cifake/archive/train/FAKE/3745 (6).jpg,1,cifake,stable_diffusion,train,CIFAKE public Kaggle dataset; verify terms before submission
data/raw/cifake/archive/train/FAKE/2031 (3).jpg,1,cifake,stable_diffusion,train,CIFAKE public Kaggle dataset; verify terms before submission
data/raw/cifake/archive/train/FAKE/3963 (6).jpg,1,cifake,stable_diffusion,train,CIFAKE public Kaggle dataset; verify terms before submission
data/raw/cifake/archive/train/FAKE/4489 (2).jpg,1,cifake,stable_diffusion,train,CIFAKE public Kaggle dataset; verify terms before submission
data/raw/cifake/archive/train/FAKE/4515.jpg,1,cifake,stable_diffusion,train,CIFAKE public Kaggle dataset; verify terms before submission
data/raw/cifake/archive/train/REAL/2137.jpg,0,cifake,cifar10,train,CIFAKE public Kaggle dataset; verify terms before submission
data/raw/cifake/archive/train/REAL/4631 (5).jpg,0,cifake,cifar10,train,CIFAKE public Kaggle dataset; verify terms before submission
data/raw/cifake/archive/train/FAKE/3211 (9).jpg,1,cifake,stable_diffusion,train,CIFAKE public Kaggle dataset; verify terms before submission
data/raw/cifake/archive/train/REAL/3245 (3).jpg,0,cifake,cifar10,train,CIFAKE public Kaggle dataset; verify terms before submission
data/raw/cifake/archive/train/REAL/2098 (7).jpg,0,cifake,cifar10,train,CIFAKE public Kaggle dataset; verify terms before submission
data/raw/cifake/archive/train/REAL/3589 (4).jpg,0,cifake,cifar10,train,CIFAKE public Kaggle dataset; verify terms before submission
data/raw/cifake/archive/train/FAKE/5131 (5).jpg,1,cifake,stable_diffusion,train,CIFAKE public Kaggle dataset; verify terms before submission
data/raw/cifake/archive/train/REAL/1696 (5).jpg,0,cifake,cifar10,train,CIFAKE public Kaggle dataset; verify terms before submission
data/raw/cifake/archive/train/FAKE/4071 (3).jpg,1,cifake,stable_diffusion,train,CIFAKE public Kaggle dataset; verify terms before submission
data/raw/cifake/archive/train/FAKE/5046 (2).jpg,1,cifake,stable_diffusion,train,CIFAKE public Kaggle dataset; verify terms before submission
data/raw/cifake/archive/train/REAL/1622 (10).jpg,0,cifake,cifar10,train,CIFAKE public Kaggle dataset; verify terms before submission
data/raw/cifake/archive/train/REAL/0559 (5).jpg,0,cifake,cifar10,train,CIFAKE public Kaggle dataset; verify terms before submission
data/raw/cifake/archive/train/REAL/0493 (2).jpg,0,cifake,cifar10,train,CIFAKE public Kaggle dataset; verify terms before submission
data/raw/cifake/archive/train/FAKE/2753 (4).jpg,1,cifake,stable_diffusion,train,CIFAKE public Kaggle dataset; verify terms before submission
data/raw/cifake/archive/train/REAL/1917 (7).jpg,0,cifake,cifar10,train,CIFAKE public Kaggle dataset; verify terms before submission
data/raw/cifake/archive/train/FAKE/5895 (6).jpg,1,cifake,stable_diffusion,train,CIFAKE public Kaggle dataset; verify terms before submission
data/raw/cifake/archive/train/REAL/2348 (10).jpg,0,cifake,cifar10,train,CIFAKE public Kaggle dataset; verify terms before submission
data/raw/cifake/archive/train/FAKE/1937 (8).jpg,1,cifake,stable_diffusion,train,CIFAKE public Kaggle dataset; verify terms before submission
data/raw/cifake/archive/train/REAL/4874 (2).jpg,0,cifake,cifar10,train,CIFAKE public Kaggle dataset; verify terms before submission
data/raw/cifake/archive/train/REAL/1140 (9).jpg,0,cifake,cifar10,train,CIFAKE public Kaggle dataset; verify terms before submission
data/raw/cifake/archive/train/FAKE/1667 (3).jpg,1,cifake,stable_diffusion,train,CIFAKE public Kaggle dataset; verify terms before submission
data/raw/cifake/archive/train/REAL/2885.jpg,0,cifake,cifar10,train,CIFAKE public Kaggle dataset; verify terms before submission
data/raw/cifake/archive/train/REAL/3530 (8).jpg,0,cifake,cifar10,train,CIFAKE public Kaggle dataset; verify terms before submission
data/raw/cifake/archive/train/FAKE/5595 (4).jpg,1,cifake,stable_diffusion,train,CIFAKE public Kaggle dataset; verify terms before submission
data/raw/cifake/archive/train/REAL/1702 (6).jpg,0,cifake,cifar10,train,CIFAKE public Kaggle dataset; verify terms before submission
data/raw/cifake/archive/train/FAKE/2212 (10).jpg,1,cifake,stable_diffusion,train,CIFAKE public Kaggle dataset; verify terms before submission
data/raw/cifake/archive/train/FAKE/2066 (3).jpg,1,cifake,stable_diffusion,train,CIFAKE public Kaggle dataset; verify terms before submission
data/raw/cifake/archive/train/FAKE/2075 (7).jpg,1,cifake,stable_diffusion,train,CIFAKE public Kaggle dataset; verify terms before submission
data/raw/cifake/archive/train/FAKE/1158 (10).jpg,1,cifake,stable_diffusion,train,CIFAKE public Kaggle dataset; verify terms before submission
data/raw/cifake/archive/train/REAL/1585 (6).jpg,0,cifake,cifar10,train,CIFAKE public Kaggle dataset; verify terms before submission
data/raw/cifake/archive/train/REAL/1308 (6).jpg,0,cifake,cifar10,train,CIFAKE public Kaggle dataset; verify terms before submission
data/raw/cifake/archive/train/REAL/2765 (8).jpg,0,cifake,cifar10,train,CIFAKE public Kaggle dataset; verify terms before submission
data/raw/cifake/archive/train/FAKE/4457.jpg,1,cifake,stable_diffusion,train,CIFAKE public Kaggle dataset; verify terms before submission
data/raw/cifake/archive/train/FAKE/1069.jpg,1,cifake,stable_diffusion,train,CIFAKE public Kaggle dataset; verify terms before submission
data/raw/cifake/archive/train/FAKE/4495 (7).jpg,1,cifake,stable_diffusion,train,CIFAKE public Kaggle dataset; verify terms before submission
data/raw/cifake/archive/train/REAL/0519.jpg,0,cifake,cifar10,train,CIFAKE public Kaggle dataset; verify terms before submission
data/raw/cifake/archive/train/REAL/3215 (3).jpg,0,cifake,cifar10,train,CIFAKE public Kaggle dataset; verify terms before submission
data/raw/cifake/archive/train/FAKE/4039 (2).jpg,1,cifake,stable_diffusion,train,CIFAKE public Kaggle dataset; verify terms before submission
data/raw/cifake/archive/train/FAKE/2688 (9).jpg,1,cifake,stable_diffusion,train,CIFAKE public Kaggle dataset; verify terms before submission
data/raw/cifake/archive/train/FAKE/1480.jpg,1,cifake,stable_diffusion,train,CIFAKE public Kaggle dataset; verify terms before submission
data/raw/cifake/archive/train/REAL/0763 (9).jpg,0,cifake,cifar10,train,CIFAKE public Kaggle dataset; verify terms before submission
data/raw/cifake/archive/train/FAKE/3905.jpg,1,cifake,stable_diffusion,train,CIFAKE public Kaggle dataset; verify terms before submission
data/raw/cifake/archive/train/REAL/4262 (5).jpg,0,cifake,cifar10,train,CIFAKE public Kaggle dataset; verify terms before submission
data/raw/cifake/archive/train/REAL/4816 (6).jpg,0,cifake,cifar10,train,CIFAKE public Kaggle dataset; verify terms before submission
data/raw/cifake/archive/train/REAL/2662 (5).jpg,0,cifake,cifar10,train,CIFAKE public Kaggle dataset; verify terms before submission
data/raw/cifake/archive/train/FAKE/1488 (5).jpg,1,cifake,stable_diffusion,train,CIFAKE public Kaggle dataset; verify terms before submission
data/raw/cifake/archive/train/FAKE/1632 (6).jpg,1,cifake,stable_diffusion,train,CIFAKE public Kaggle dataset; verify terms before submission
data/raw/cifake/archive/train/FAKE/3571 (5).jpg,1,cifake,stable_diffusion,train,CIFAKE public Kaggle dataset; verify terms before submission
data/raw/cifake/archive/train/FAKE/4305 (8).jpg,1,cifake,stable_diffusion,train,CIFAKE public Kaggle dataset; verify terms before submission
data/raw/cifake/archive/train/FAKE/4009 (6).jpg,1,cifake,stable_diffusion,train,CIFAKE public Kaggle dataset; verify terms before submission
data/raw/cifake/archive/train/FAKE/2027 (4).jpg,1,cifake,stable_diffusion,train,CIFAKE public Kaggle dataset; verify terms before submission
data/raw/cifake/archive/train/FAKE/2652 (8).jpg,1,cifake,stable_diffusion,train,CIFAKE public Kaggle dataset; verify terms before submission
data/raw/cifake/archive/train/FAKE/5357 (6).jpg,1,cifake,stable_diffusion,train,CIFAKE public Kaggle dataset; verify terms before submission
data/raw/cifake/archive/train/REAL/4423 (4).jpg,0,cifake,cifar10,train,CIFAKE public Kaggle dataset; verify terms before submission
data/raw/cifake/archive/train/FAKE/3728 (10).jpg,1,cifake,stable_diffusion,train,CIFAKE public Kaggle dataset; verify terms before submission
data/raw/cifake/archive/train/FAKE/3235 (5).jpg,1,cifake,stable_diffusion,train,CIFAKE public Kaggle dataset; verify terms before submission
data/raw/cifake/archive/train/REAL/4141 (9).jpg,0,cifake,cifar10,train,CIFAKE public Kaggle dataset; verify terms before submission
data/raw/cifake/archive/train/FAKE/5472.jpg,1,cifake,stable_diffusion,train,CIFAKE public Kaggle dataset; verify terms before submission
data/raw/cifake/archive/train/REAL/1265 (10).jpg,0,cifake,cifar10,train,CIFAKE public Kaggle dataset; verify terms before submission
data/raw/cifake/archive/train/FAKE/5523 (10).jpg,1,cifake,stable_diffusion,train,CIFAKE public Kaggle dataset; verify terms before submission
data/raw/cifake/archive/train/REAL/3899.jpg,0,cifake,cifar10,train,CIFAKE public Kaggle dataset; verify terms before submission
data/raw/cifake/archive/train/FAKE/1081 (3).jpg,1,cifake,stable_diffusion,train,CIFAKE public Kaggle dataset; verify terms before submission
data/raw/cifake/archive/train/FAKE/3789 (2).jpg,1,cifake,stable_diffusion,train,CIFAKE public Kaggle dataset; verify terms before submission
data/raw/cifake/archive/train/REAL/4941 (9).jpg,0,cifake,cifar10,train,CIFAKE public Kaggle dataset; verify terms before submission
data/raw/cifake/archive/train/FAKE/3075 (3).jpg,1,cifake,stable_diffusion,train,CIFAKE public Kaggle dataset; verify terms before submission
data/raw/cifake/archive/train/FAKE/1725.jpg,1,cifake,stable_diffusion,train,CIFAKE public Kaggle dataset; verify terms before submission
data/raw/cifake/archive/train/REAL/3117 (4).jpg,0,cifake,cifar10,train,CIFAKE public Kaggle dataset; verify terms before submission
data/raw/cifake/archive/train/FAKE/5911 (8).jpg,1,cifake,stable_diffusion,train,CIFAKE public Kaggle dataset; verify terms before submission
data/raw/cifake/archive/train/FAKE/1067.jpg,1,cifake,stable_diffusion,train,CIFAKE public Kaggle dataset; verify terms before submission
data/raw/cifake/archive/train/REAL/3833 (9).jpg,0,cifake,cifar10,train,CIFAKE public Kaggle dataset; verify terms before submission
data/raw/cifake/archive/train/FAKE/4317 (7).jpg,1,cifake,stable_diffusion,train,CIFAKE public Kaggle dataset; verify terms before submission
data/raw/cifake/archive/train/FAKE/2735 (5).jpg,1,cifake,stable_diffusion,train,CIFAKE public Kaggle dataset; verify terms before submission
data/raw/cifake/archive/train/REAL/0046 (4).jpg,0,cifake,cifar10,train,CIFAKE public Kaggle dataset; verify terms before submission
data/raw/cifake/archive/train/FAKE/2703 (6).jpg,1,cifake,stable_diffusion,train,CIFAKE public Kaggle dataset; verify terms before submission
data/raw/cifake/archive/train/FAKE/5498 (7).jpg,1,cifake,stable_diffusion,train,CIFAKE public Kaggle dataset; verify terms before submission
data/raw/cifake/archive/train/FAKE/5509 (5).jpg,1,cifake,stable_diffusion,train,CIFAKE public Kaggle dataset; verify terms before submission
data/raw/cifake/archive/train/FAKE/1554.jpg,1,cifake,stable_diffusion,train,CIFAKE public Kaggle dataset; verify terms before submission
data/raw/cifake/archive/train/REAL/3534 (8).jpg,0,cifake,cifar10,train,CIFAKE public Kaggle dataset; verify terms before submission
data/raw/cifake/archive/train/FAKE/4480 (3).jpg,1,cifake,stable_diffusion,train,CIFAKE public Kaggle dataset; verify terms before submission
data/raw/cifake/archive/train/REAL/1663 (5).jpg,0,cifake,cifar10,train,CIFAKE public Kaggle dataset; verify terms before submission
data/raw/cifake/archive/train/FAKE/1009 (6).jpg,1,cifake,stable_diffusion,train,CIFAKE public Kaggle dataset; verify terms before submission
data/raw/cifake/archive/train/FAKE/3186 (6).jpg,1,cifake,stable_diffusion,train,CIFAKE public Kaggle dataset; verify terms before submission
data/raw/cifake/archive/train/REAL/4269 (2).jpg,0,cifake,cifar10,train,CIFAKE public Kaggle dataset; verify terms before submission
data/raw/cifake/archive/train/FAKE/2491 (3).jpg,1,cifake,stable_diffusion,train,CIFAKE public Kaggle dataset; verify terms before submission
data/raw/cifake/archive/train/REAL/3021 (9).jpg,0,cifake,cifar10,train,CIFAKE public Kaggle dataset; verify terms before submission
data/raw/cifake/archive/train/FAKE/2924 (6).jpg,1,cifake,stable_diffusion,train,CIFAKE public Kaggle dataset; verify terms before submission
data/raw/cifake/archive/train/FAKE/1583.jpg,1,cifake,stable_diffusion,train,CIFAKE public Kaggle dataset; verify terms before submission
data/raw/cifake/archive/train/FAKE/4810 (7).jpg,1,cifake,stable_diffusion,train,CIFAKE public Kaggle dataset; verify terms before submission
data/raw/cifake/archive/train/REAL/0642 (2).jpg,0,cifake,cifar10,train,CIFAKE public Kaggle dataset; verify terms before submission
data/raw/cifake/archive/train/FAKE/1426.jpg,1,cifake,stable_diffusion,train,CIFAKE public Kaggle dataset; verify terms before submission
data/raw/cifake/archive/train/REAL/4656 (6).jpg,0,cifake,cifar10,train,CIFAKE public Kaggle dataset; verify terms before submission
data/raw/cifake/archive/train/REAL/4543 (9).jpg,0,cifake,cifar10,train,CIFAKE public Kaggle dataset; verify terms before submission
data/raw/cifake/archive/train/FAKE/4031 (5).jpg,1,cifake,stable_diffusion,train,CIFAKE public Kaggle dataset; verify terms before submission
data/raw/cifake/archive/train/REAL/1797 (9).jpg,0,cifake,cifar10,train,CIFAKE public Kaggle dataset; verify terms before submission
data/raw/cifake/archive/train/REAL/2909 (6).jpg,0,cifake,cifar10,train,CIFAKE public Kaggle dataset; verify terms before submission
data/raw/cifake/archive/train/FAKE/5811 (9).jpg,1,cifake,stable_diffusion,train,CIFAKE public Kaggle dataset; verify terms before submission
data/raw/cifake/archive/train/REAL/2071 (2).jpg,0,cifake,cifar10,train,CIFAKE public Kaggle dataset; verify terms before submission
data/raw/cifake/archive/train/REAL/4052.jpg,0,cifake,cifar10,train,CIFAKE public Kaggle dataset; verify terms before submission
data/raw/cifake/archive/train/FAKE/4806 (10).jpg,1,cifake,stable_diffusion,train,CIFAKE public Kaggle dataset; verify terms before submission
data/raw/cifake/archive/train/REAL/2024 (6).jpg,0,cifake,cifar10,train,CIFAKE public Kaggle dataset; verify terms before submission
data/raw/cifake/archive/train/FAKE/5075 (10).jpg,1,cifake,stable_diffusion,train,CIFAKE public Kaggle dataset; verify terms before submission
data/raw/cifake/archive/train/FAKE/2141.jpg,1,cifake,stable_diffusion,train,CIFAKE public Kaggle dataset; verify terms before submission
data/raw/cifake/archive/train/FAKE/5416.jpg,1,cifake,stable_diffusion,train,CIFAKE public Kaggle dataset; verify terms before submission
data/raw/cifake/archive/train/FAKE/2351 (9).jpg,1,cifake,stable_diffusion,train,CIFAKE public Kaggle dataset; verify terms before submission
data/raw/cifake/archive/train/REAL/4036 (5).jpg,0,cifake,cifar10,train,CIFAKE public Kaggle dataset; verify terms before submission
data/raw/cifake/archive/train/REAL/2374 (3).jpg,0,cifake,cifar10,train,CIFAKE public Kaggle dataset; verify terms before submission
data/raw/cifake/archive/train/REAL/3496 (8).jpg,0,cifake,cifar10,train,CIFAKE public Kaggle dataset; verify terms before submission
data/raw/cifake/archive/train/REAL/1565 (4).jpg,0,cifake,cifar10,train,CIFAKE public Kaggle dataset; verify terms before submission
data/raw/cifake/archive/train/FAKE/5310 (6).jpg,1,cifake,stable_diffusion,train,CIFAKE public Kaggle dataset; verify terms before submission
data/raw/cifake/archive/train/FAKE/5913 (2).jpg,1,cifake,stable_diffusion,train,CIFAKE public Kaggle dataset; verify terms before submission
data/raw/cifake/archive/train/REAL/2723 (9).jpg,0,cifake,cifar10,train,CIFAKE public Kaggle dataset; verify terms before submission
data/raw/cifake/archive/train/FAKE/5766 (10).jpg,1,cifake,stable_diffusion,train,CIFAKE public Kaggle dataset; verify terms before submission
data/raw/cifake/archive/train/FAKE/4370 (7).jpg,1,cifake,stable_diffusion,train,CIFAKE public Kaggle dataset; verify terms before submission
data/raw/cifake/archive/train/REAL/2925 (4).jpg,0,cifake,cifar10,train,CIFAKE public Kaggle dataset; verify terms before submission
data/raw/cifake/archive/train/REAL/2198 (10).jpg,0,cifake,cifar10,train,CIFAKE public Kaggle dataset; verify terms before submission
data/raw/cifake/archive/train/REAL/3432 (9).jpg,0,cifake,cifar10,train,CIFAKE public Kaggle dataset; verify terms before submission
data/raw/cifake/archive/train/FAKE/3516 (3).jpg,1,cifake,stable_diffusion,train,CIFAKE public Kaggle dataset; verify terms before submission
data/raw/cifake/archive/train/REAL/4947.jpg,0,cifake,cifar10,train,CIFAKE public Kaggle dataset; verify terms before submission
data/raw/cifake/archive/train/REAL/3850.jpg,0,cifake,cifar10,train,CIFAKE public Kaggle dataset; verify terms before submission
data/raw/cifake/archive/train/REAL/4357 (2).jpg,0,cifake,cifar10,train,CIFAKE public Kaggle dataset; verify terms before submission
data/raw/cifake/archive/train/FAKE/2560 (2).jpg,1,cifake,stable_diffusion,train,CIFAKE public Kaggle dataset; verify terms before submission
data/raw/cifake/archive/train/REAL/1636 (6).jpg,0,cifake,cifar10,train,CIFAKE public Kaggle dataset; verify terms before submission
data/raw/cifake/archive/train/FAKE/1772 (8).jpg,1,cifake,stable_diffusion,train,CIFAKE public Kaggle dataset; verify terms before submission
data/raw/cifake/archive/train/REAL/4049.jpg,0,cifake,cifar10,train,CIFAKE public Kaggle dataset; verify terms before submission
data/raw/cifake/archive/train/REAL/4844 (10).jpg,0,cifake,cifar10,train,CIFAKE public Kaggle dataset; verify terms before submission
data/raw/cifake/archive/train/REAL/1511 (8).jpg,0,cifake,cifar10,train,CIFAKE public Kaggle dataset; verify terms before submission
data/raw/cifake/archive/train/FAKE/5423 (8).jpg,1,cifake,stable_diffusion,train,CIFAKE public Kaggle dataset; verify terms before submission
data/raw/cifake/archive/train/REAL/2234 (3).jpg,0,cifake,cifar10,train,CIFAKE public Kaggle dataset; verify terms before submission
data/raw/cifake/archive/train/REAL/0700 (6).jpg,0,cifake,cifar10,train,CIFAKE public Kaggle dataset; verify terms before submission
data/raw/cifake/archive/train/REAL/4845 (9).jpg,0,cifake,cifar10,train,CIFAKE public Kaggle dataset; verify terms before submission
data/raw/cifake/archive/train/FAKE/3848 (4).jpg,1,cifake,stable_diffusion,train,CIFAKE public Kaggle dataset; verify terms before submission
data/raw/cifake/archive/train/FAKE/5620 (5).jpg,1,cifake,stable_diffusion,train,CIFAKE public Kaggle dataset; verify terms before submission
data/raw/cifake/archive/train/REAL/4606 (5).jpg,0,cifake,cifar10,train,CIFAKE public Kaggle dataset; verify terms before submission
data/raw/cifake/archive/train/REAL/1268 (8).jpg,0,cifake,cifar10,train,CIFAKE public Kaggle dataset; verify terms before submission
data/raw/cifake/archive/train/FAKE/2435 (6).jpg,1,cifake,stable_diffusion,train,CIFAKE public Kaggle dataset; verify terms before submission
data/raw/cifake/archive/train/FAKE/5186 (6).jpg,1,cifake,stable_diffusion,train,CIFAKE public Kaggle dataset; verify terms before submission
data/raw/cifake/archive/train/REAL/0788 (2).jpg,0,cifake,cifar10,train,CIFAKE public Kaggle dataset; verify terms before submission
data/raw/cifake/archive/train/FAKE/1703 (6).jpg,1,cifake,stable_diffusion,train,CIFAKE public Kaggle dataset; verify terms before submission
data/raw/cifake/archive/train/FAKE/3719 (10).jpg,1,cifake,stable_diffusion,train,CIFAKE public Kaggle dataset; verify terms before submission
data/raw/cifake/archive/train/FAKE/4109 (10).jpg,1,cifake,stable_diffusion,train,CIFAKE public Kaggle dataset; verify terms before submission
data/raw/cifake/archive/train/FAKE/5244 (10).jpg,1,cifake,stable_diffusion,train,CIFAKE public Kaggle dataset; verify terms before submission
data/raw/cifake/archive/train/REAL/2900 (4).jpg,0,cifake,cifar10,train,CIFAKE public Kaggle dataset; verify terms before submission
data/raw/cifake/archive/train/REAL/2348 (8).jpg,0,cifake,cifar10,train,CIFAKE public Kaggle dataset; verify terms before submission
data/raw/cifake/archive/train/FAKE/5429 (6).jpg,1,cifake,stable_diffusion,train,CIFAKE public Kaggle dataset; verify terms before submission
data/raw/cifake/archive/train/REAL/4365 (10).jpg,0,cifake,cifar10,train,CIFAKE public Kaggle dataset; verify terms before submission
data/raw/cifake/archive/train/REAL/3087 (4).jpg,0,cifake,cifar10,train,CIFAKE public Kaggle dataset; verify terms before submission
data/raw/cifake/archive/train/FAKE/3014 (6).jpg,1,cifake,stable_diffusion,train,CIFAKE public Kaggle dataset; verify terms before submission
data/raw/cifake/archive/train/REAL/2030 (9).jpg,0,cifake,cifar10,train,CIFAKE public Kaggle dataset; verify terms before submission
data/raw/cifake/archive/train/REAL/0957 (8).jpg,0,cifake,cifar10,train,CIFAKE public Kaggle dataset; verify terms before submission
data/raw/cifake/archive/train/REAL/0665 (9).jpg,0,cifake,cifar10,train,CIFAKE public Kaggle dataset; verify terms before submission
data/raw/cifake/archive/train/FAKE/2250 (10).jpg,1,cifake,stable_diffusion,train,CIFAKE public Kaggle dataset; verify terms before submission
data/raw/cifake/archive/train/FAKE/3709 (6).jpg,1,cifake,stable_diffusion,train,CIFAKE public Kaggle dataset; verify terms before submission
data/raw/cifake/archive/train/FAKE/1066 (9).jpg,1,cifake,stable_diffusion,train,CIFAKE public Kaggle dataset; verify terms before submission
data/raw/cifake/archive/train/REAL/2983 (8).jpg,0,cifake,cifar10,train,CIFAKE public Kaggle dataset; verify terms before submission
data/raw/cifake/archive/train/REAL/2530 (7).jpg,0,cifake,cifar10,train,CIFAKE public Kaggle dataset; verify terms before submission
data/raw/cifake/archive/train/REAL/4695 (2).jpg,0,cifake,cifar10,train,CIFAKE public Kaggle dataset; verify terms before submission
data/raw/cifake/archive/train/REAL/3098 (9).jpg,0,cifake,cifar10,train,CIFAKE public Kaggle dataset; verify terms before submission
data/raw/cifake/archive/train/REAL/4294 (3).jpg,0,cifake,cifar10,train,CIFAKE public Kaggle dataset; verify terms before submission
data/raw/cifake/archive/train/REAL/2097 (7).jpg,0,cifake,cifar10,train,CIFAKE public Kaggle dataset; verify terms before submission
data/raw/cifake/archive/train/REAL/2493 (7).jpg,0,cifake,cifar10,train,CIFAKE public Kaggle dataset; verify terms before submission
data/raw/cifake/archive/train/FAKE/3780 (10).jpg,1,cifake,stable_diffusion,train,CIFAKE public Kaggle dataset; verify terms before submission
data/raw/cifake/archive/train/REAL/2974 (4).jpg,0,cifake,cifar10,train,CIFAKE public Kaggle dataset; verify terms before submission
data/raw/cifake/archive/train/FAKE/4072 (4).jpg,1,cifake,stable_diffusion,train,CIFAKE public Kaggle dataset; verify terms before submission
data/raw/cifake/archive/train/FAKE/1180 (2).jpg,1,cifake,stable_diffusion,train,CIFAKE public Kaggle dataset; verify terms before submission
data/raw/cifake/archive/train/REAL/1874 (7).jpg,0,cifake,cifar10,train,CIFAKE public Kaggle dataset; verify terms before submission
data/raw/cifake/archive/train/REAL/3826.jpg,0,cifake,cifar10,train,CIFAKE public Kaggle dataset; verify terms before submission
data/raw/cifake/archive/train/FAKE/1186 (2).jpg,1,cifake,stable_diffusion,train,CIFAKE public Kaggle dataset; verify terms before submission
data/raw/cifake/archive/train/REAL/3471 (10).jpg,0,cifake,cifar10,train,CIFAKE public Kaggle dataset; verify terms before submission
data/raw/cifake/archive/train/REAL/2521 (2).jpg,0,cifake,cifar10,train,CIFAKE public Kaggle dataset; verify terms before submission
data/raw/cifake/archive/train/FAKE/5568 (2).jpg,1,cifake,stable_diffusion,train,CIFAKE public Kaggle dataset; verify terms before submission
data/raw/cifake/archive/train/FAKE/2796 (8).jpg,1,cifake,stable_diffusion,train,CIFAKE public Kaggle dataset; verify terms before submission
data/raw/cifake/archive/train/FAKE/3071 (10).jpg,1,cifake,stable_diffusion,train,CIFAKE public Kaggle dataset; verify terms before submission
data/raw/cifake/archive/train/FAKE/3283 (3).jpg,1,cifake,stable_diffusion,train,CIFAKE public Kaggle dataset; verify terms before submission
data/raw/cifake/archive/train/REAL/4233 (5).jpg,0,cifake,cifar10,train,CIFAKE public Kaggle dataset; verify terms before submission
data/raw/cifake/archive/train/FAKE/2762 (8).jpg,1,cifake,stable_diffusion,train,CIFAKE public Kaggle dataset; verify terms before submission
data/raw/cifake/archive/train/FAKE/5367 (2).jpg,1,cifake,stable_diffusion,train,CIFAKE public Kaggle dataset; verify terms before submission
data/raw/cifake/archive/train/REAL/2826 (8).jpg,0,cifake,cifar10,train,CIFAKE public Kaggle dataset; verify terms before submission
data/raw/cifake/archive/train/REAL/3957 (4).jpg,0,cifake,cifar10,train,CIFAKE public Kaggle dataset; verify terms before submission
data/raw/cifake/archive/train/FAKE/5737 (5).jpg,1,cifake,stable_diffusion,train,CIFAKE public Kaggle dataset; verify terms before submission
data/raw/cifake/archive/train/FAKE/2177 (9).jpg,1,cifake,stable_diffusion,train,CIFAKE public Kaggle dataset; verify terms before submission
data/raw/cifake/archive/train/FAKE/2597 (7).jpg,1,cifake,stable_diffusion,train,CIFAKE public Kaggle dataset; verify terms before submission
data/raw/cifake/archive/train/REAL/3828 (8).jpg,0,cifake,cifar10,train,CIFAKE public Kaggle dataset; verify terms before submission
data/raw/cifake/archive/train/FAKE/4867 (5).jpg,1,cifake,stable_diffusion,train,CIFAKE public Kaggle dataset; verify terms before submission
data/raw/cifake/archive/train/REAL/4938 (7).jpg,0,cifake,cifar10,train,CIFAKE public Kaggle dataset; verify terms before submission
data/raw/cifake/archive/train/REAL/2471 (8).jpg,0,cifake,cifar10,train,CIFAKE public Kaggle dataset; verify terms before submission
data/raw/cifake/archive/train/FAKE/3639 (9).jpg,1,cifake,stable_diffusion,train,CIFAKE public Kaggle dataset; verify terms before submission
data/raw/cifake/archive/train/FAKE/4646 (5).jpg,1,cifake,stable_diffusion,train,CIFAKE public Kaggle dataset; verify terms before submission
data/raw/cifake/archive/train/REAL/4604 (3).jpg,0,cifake,cifar10,train,CIFAKE public Kaggle dataset; verify terms before submission
data/raw/cifake/archive/train/REAL/2864 (7).jpg,0,cifake,cifar10,train,CIFAKE public Kaggle dataset; verify terms before submission
data/raw/cifake/archive/train/FAKE/1799 (5).jpg,1,cifake,stable_diffusion,train,CIFAKE public Kaggle dataset; verify terms before submission
data/raw/cifake/archive/train/REAL/1446 (10).jpg,0,cifake,cifar10,train,CIFAKE public Kaggle dataset; verify terms before submission
data/raw/cifake/archive/train/REAL/4478 (3).jpg,0,cifake,cifar10,train,CIFAKE public Kaggle dataset; verify terms before submission
data/raw/cifake/archive/train/FAKE/4764 (8).jpg,1,cifake,stable_diffusion,train,CIFAKE public Kaggle dataset; verify terms before submission
data/raw/cifake/archive/train/REAL/2378 (3).jpg,0,cifake,cifar10,train,CIFAKE public Kaggle dataset; verify terms before submission
data/raw/cifake/archive/train/FAKE/5857 (5).jpg,1,cifake,stable_diffusion,train,CIFAKE public Kaggle dataset; verify terms before submission
data/raw/cifake/archive/train/REAL/0110 (5).jpg,0,cifake,cifar10,train,CIFAKE public Kaggle dataset; verify terms before submission
data/raw/cifake/archive/train/REAL/3322 (7).jpg,0,cifake,cifar10,train,CIFAKE public Kaggle dataset; verify terms before submission
data/raw/cifake/archive/train/REAL/3706 (9).jpg,0,cifake,cifar10,train,CIFAKE public Kaggle dataset; verify terms before submission
data/raw/cifake/archive/train/FAKE/1185 (4).jpg,1,cifake,stable_diffusion,train,CIFAKE public Kaggle dataset; verify terms before submission
data/raw/cifake/archive/train/FAKE/1928 (7).jpg,1,cifake,stable_diffusion,train,CIFAKE public Kaggle dataset; verify terms before submission
data/raw/cifake/archive/train/REAL/1912 (7).jpg,0,cifake,cifar10,train,CIFAKE public Kaggle dataset; verify terms before submission
data/raw/cifake/archive/train/REAL/1922 (9).jpg,0,cifake,cifar10,train,CIFAKE public Kaggle dataset; verify terms before submission
data/raw/cifake/archive/train/FAKE/5623 (9).jpg,1,cifake,stable_diffusion,train,CIFAKE public Kaggle dataset; verify terms before submission
data/raw/cifake/archive/train/FAKE/1423 (6).jpg,1,cifake,stable_diffusion,train,CIFAKE public Kaggle dataset; verify terms before submission
data/raw/cifake/archive/train/REAL/2131 (6).jpg,0,cifake,cifar10,train,CIFAKE public Kaggle dataset; verify terms before submission
data/raw/cifake/archive/train/REAL/1492 (3).jpg,0,cifake,cifar10,train,CIFAKE public Kaggle dataset; verify terms before submission
data/raw/cifake/archive/train/FAKE/1222 (6).jpg,1,cifake,stable_diffusion,train,CIFAKE public Kaggle dataset; verify terms before submission
data/raw/cifake/archive/train/REAL/3080 (4).jpg,0,cifake,cifar10,train,CIFAKE public Kaggle dataset; verify terms before submission
data/raw/cifake/archive/train/FAKE/2684 (2).jpg,1,cifake,stable_diffusion,train,CIFAKE public Kaggle dataset; verify terms before submission
data/raw/cifake/archive/train/REAL/3465 (4).jpg,0,cifake,cifar10,train,CIFAKE public Kaggle dataset; verify terms before submission
data/raw/cifake/archive/train/FAKE/5842 (6).jpg,1,cifake,stable_diffusion,train,CIFAKE public Kaggle dataset; verify terms before submission
data/raw/cifake/archive/train/FAKE/1836 (8).jpg,1,cifake,stable_diffusion,train,CIFAKE public Kaggle dataset; verify terms before submission
data/raw/cifake/archive/train/FAKE/3953 (5).jpg,1,cifake,stable_diffusion,train,CIFAKE public Kaggle dataset; verify terms before submission
data/raw/cifake/archive/train/REAL/0233 (5).jpg,0,cifake,cifar10,train,CIFAKE public Kaggle dataset; verify terms before submission
data/raw/cifake/archive/train/REAL/2919 (6).jpg,0,cifake,cifar10,train,CIFAKE public Kaggle dataset; verify terms before submission
data/raw/cifake/archive/train/FAKE/5893 (7).jpg,1,cifake,stable_diffusion,train,CIFAKE public Kaggle dataset; verify terms before submission
data/raw/cifake/archive/train/REAL/1402 (2).jpg,0,cifake,cifar10,train,CIFAKE public Kaggle dataset; verify terms before submission
data/raw/cifake/archive/train/REAL/0548 (5).jpg,0,cifake,cifar10,train,CIFAKE public Kaggle dataset; verify terms before submission
data/raw/cifake/archive/train/FAKE/5186 (7).jpg,1,cifake,stable_diffusion,train,CIFAKE public Kaggle dataset; verify terms before submission
data/raw/cifake/archive/train/FAKE/3208 (10).jpg,1,cifake,stable_diffusion,train,CIFAKE public Kaggle dataset; verify terms before submission
data/raw/cifake/archive/train/REAL/2005 (3).jpg,0,cifake,cifar10,train,CIFAKE public Kaggle dataset; verify terms before submission
data/raw/cifake/archive/train/REAL/0827 (8).jpg,0,cifake,cifar10,train,CIFAKE public Kaggle dataset; verify terms before submission
data/raw/cifake/archive/train/REAL/1592 (9).jpg,0,cifake,cifar10,train,CIFAKE public Kaggle dataset; verify terms before submission
data/raw/cifake/archive/train/REAL/4068 (6).jpg,0,cifake,cifar10,train,CIFAKE public Kaggle dataset; verify terms before submission
data/raw/cifake/archive/train/FAKE/2525 (2).jpg,1,cifake,stable_diffusion,train,CIFAKE public Kaggle dataset; verify terms before submission
data/raw/cifake/archive/train/REAL/0204 (7).jpg,0,cifake,cifar10,train,CIFAKE public Kaggle dataset; verify terms before submission
data/raw/cifake/archive/train/FAKE/1701 (7).jpg,1,cifake,stable_diffusion,train,CIFAKE public Kaggle dataset; verify terms before submission
data/raw/cifake/archive/train/FAKE/3586 (9).jpg,1,cifake,stable_diffusion,train,CIFAKE public Kaggle dataset; verify terms before submission
data/raw/cifake/archive/train/FAKE/5046 (3).jpg,1,cifake,stable_diffusion,train,CIFAKE public Kaggle dataset; verify terms before submission
data/raw/cifake/archive/train/REAL/4987 (10).jpg,0,cifake,cifar10,train,CIFAKE public Kaggle dataset; verify terms before submission
data/raw/cifake/archive/train/REAL/0561 (10).jpg,0,cifake,cifar10,train,CIFAKE public Kaggle dataset; verify terms before submission
data/raw/cifake/archive/train/FAKE/1700 (3).jpg,1,cifake,stable_diffusion,train,CIFAKE public Kaggle dataset; verify terms before submission
data/raw/cifake/archive/train/REAL/4534 (6).jpg,0,cifake,cifar10,train,CIFAKE public Kaggle dataset; verify terms before submission
data/raw/cifake/archive/train/FAKE/2455 (2).jpg,1,cifake,stable_diffusion,train,CIFAKE public Kaggle dataset; verify terms before submission
data/raw/cifake/archive/train/FAKE/1607 (10).jpg,1,cifake,stable_diffusion,train,CIFAKE public Kaggle dataset; verify terms before submission
data/raw/cifake/archive/train/FAKE/4977 (3).jpg,1,cifake,stable_diffusion,train,CIFAKE public Kaggle dataset; verify terms before submission
data/raw/cifake/archive/train/FAKE/2716 (2).jpg,1,cifake,stable_diffusion,train,CIFAKE public Kaggle dataset; verify terms before submission
data/raw/cifake/archive/train/FAKE/1482.jpg,1,cifake,stable_diffusion,train,CIFAKE public Kaggle dataset; verify terms before submission
data/raw/cifake/archive/train/REAL/3811 (6).jpg,0,cifake,cifar10,train,CIFAKE public Kaggle dataset; verify terms before submission
data/raw/cifake/archive/train/REAL/2083 (2).jpg,0,cifake,cifar10,train,CIFAKE public Kaggle dataset; verify terms before submission
data/raw/cifake/archive/train/FAKE/2048 (7).jpg,1,cifake,stable_diffusion,train,CIFAKE public Kaggle dataset; verify terms before submission
data/raw/cifake/archive/train/FAKE/4116.jpg,1,cifake,stable_diffusion,train,CIFAKE public Kaggle dataset; verify terms before submission
data/raw/cifake/archive/train/FAKE/4508 (7).jpg,1,cifake,stable_diffusion,train,CIFAKE public Kaggle dataset; verify terms before submission
data/raw/cifake/archive/train/FAKE/5689.jpg,1,cifake,stable_diffusion,train,CIFAKE public Kaggle dataset; verify terms before submission
data/raw/cifake/archive/train/REAL/0570 (5).jpg,0,cifake,cifar10,train,CIFAKE public Kaggle dataset; verify terms before submission
data/raw/cifake/archive/train/FAKE/3840 (5).jpg,1,cifake,stable_diffusion,train,CIFAKE public Kaggle dataset; verify terms before submission
data/raw/cifake/archive/train/FAKE/2621 (10).jpg,1,cifake,stable_diffusion,train,CIFAKE public Kaggle dataset; verify terms before submission
data/raw/cifake/archive/train/REAL/1681 (2).jpg,0,cifake,cifar10,train,CIFAKE public Kaggle dataset; verify terms before submission
data/raw/cifake/archive/train/REAL/3629 (6).jpg,0,cifake,cifar10,train,CIFAKE public Kaggle dataset; verify terms before submission
data/raw/cifake/archive/train/FAKE/3729.jpg,1,cifake,stable_diffusion,train,CIFAKE public Kaggle dataset; verify terms before submission
data/raw/cifake/archive/train/FAKE/2061 (8).jpg,1,cifake,stable_diffusion,train,CIFAKE public Kaggle dataset; verify terms before submission
data/raw/cifake/archive/train/REAL/1266 (3).jpg,0,cifake,cifar10,train,CIFAKE public Kaggle dataset; verify terms before submission
data/raw/cifake/archive/train/REAL/1206 (9).jpg,0,cifake,cifar10,train,CIFAKE public Kaggle dataset; verify terms before submission
data/raw/cifake/archive/train/FAKE/1754 (2).jpg,1,cifake,stable_diffusion,train,CIFAKE public Kaggle dataset; verify terms before submission
data/raw/cifake/archive/train/FAKE/1730 (6).jpg,1,cifake,stable_diffusion,train,CIFAKE public Kaggle dataset; verify terms before submission
data/raw/cifake/archive/train/FAKE/5188 (3).jpg,1,cifake,stable_diffusion,train,CIFAKE public Kaggle dataset; verify terms before submission
data/raw/cifake/archive/train/FAKE/2208 (6).jpg,1,cifake,stable_diffusion,train,CIFAKE public Kaggle dataset; verify terms before submission
data/raw/cifake/archive/train/REAL/2730 (8).jpg,0,cifake,cifar10,train,CIFAKE public Kaggle dataset; verify terms before submission
data/raw/cifake/archive/train/FAKE/2350 (8).jpg,1,cifake,stable_diffusion,train,CIFAKE public Kaggle dataset; verify terms before submission
data/raw/cifake/archive/train/REAL/3637 (10).jpg,0,cifake,cifar10,train,CIFAKE public Kaggle dataset; verify terms before submission
data/raw/cifake/archive/train/FAKE/2770 (9).jpg,1,cifake,stable_diffusion,train,CIFAKE public Kaggle dataset; verify terms before submission
data/raw/cifake/archive/train/FAKE/3111 (3).jpg,1,cifake,stable_diffusion,train,CIFAKE public Kaggle dataset; verify terms before submission
data/raw/cifake/archive/train/FAKE/4480 (4).jpg,1,cifake,stable_diffusion,train,CIFAKE public Kaggle dataset; verify terms before submission
data/raw/cifake/archive/train/REAL/0399 (2).jpg,0,cifake,cifar10,train,CIFAKE public Kaggle dataset; verify terms before submission
data/raw/cifake/archive/train/FAKE/5440 (7).jpg,1,cifake,stable_diffusion,train,CIFAKE public Kaggle dataset; verify terms before submission
data/raw/cifake/archive/train/FAKE/3050 (2).jpg,1,cifake,stable_diffusion,train,CIFAKE public Kaggle dataset; verify terms before submission
data/raw/cifake/archive/train/FAKE/3780 (3).jpg,1,cifake,stable_diffusion,train,CIFAKE public Kaggle dataset; verify terms before submission
data/raw/cifake/archive/train/FAKE/4020 (7).jpg,1,cifake,stable_diffusion,train,CIFAKE public Kaggle dataset; verify terms before submission
data/raw/cifake/archive/train/FAKE/3095 (10).jpg,1,cifake,stable_diffusion,train,CIFAKE public Kaggle dataset; verify terms before submission
data/raw/cifake/archive/train/FAKE/3026 (7).jpg,1,cifake,stable_diffusion,train,CIFAKE public Kaggle dataset; verify terms before submission
data/raw/cifake/archive/train/REAL/3096 (7).jpg,0,cifake,cifar10,train,CIFAKE public Kaggle dataset; verify terms before submission
data/raw/cifake/archive/train/REAL/1363 (6).jpg,0,cifake,cifar10,train,CIFAKE public Kaggle dataset; verify terms before submission
data/raw/cifake/archive/train/FAKE/3352 (7).jpg,1,cifake,stable_diffusion,train,CIFAKE public Kaggle dataset; verify terms before submission
data/raw/cifake/archive/train/FAKE/4164 (10).jpg,1,cifake,stable_diffusion,train,CIFAKE public Kaggle dataset; verify terms before submission
data/raw/cifake/archive/train/FAKE/3453 (4).jpg,1,cifake,stable_diffusion,train,CIFAKE public Kaggle dataset; verify terms before submission
data/raw/cifake/archive/train/FAKE/2211 (2).jpg,1,cifake,stable_diffusion,train,CIFAKE public Kaggle dataset; verify terms before submission
data/raw/cifake/archive/train/FAKE/3990 (7).jpg,1,cifake,stable_diffusion,train,CIFAKE public Kaggle dataset; verify terms before submission
data/raw/cifake/archive/train/FAKE/4466 (7).jpg,1,cifake,stable_diffusion,train,CIFAKE public Kaggle dataset; verify terms before submission
data/raw/cifake/archive/train/REAL/4061 (2).jpg,0,cifake,cifar10,train,CIFAKE public Kaggle dataset; verify terms before submission
data/raw/cifake/archive/train/FAKE/3625 (4).jpg,1,cifake,stable_diffusion,train,CIFAKE public Kaggle dataset; verify terms before submission
data/raw/cifake/archive/train/FAKE/1791 (3).jpg,1,cifake,stable_diffusion,train,CIFAKE public Kaggle dataset; verify terms before submission
data/raw/cifake/archive/train/REAL/0517 (4).jpg,0,cifake,cifar10,train,CIFAKE public Kaggle dataset; verify terms before submission
data/raw/cifake/archive/train/REAL/1828 (2).jpg,0,cifake,cifar10,train,CIFAKE public Kaggle dataset; verify terms before submission
data/raw/cifake/archive/train/REAL/1801 (2).jpg,0,cifake,cifar10,train,CIFAKE public Kaggle dataset; verify terms before submission
data/raw/cifake/archive/train/REAL/3218 (2).jpg,0,cifake,cifar10,train,CIFAKE public Kaggle dataset; verify terms before submission
data/raw/cifake/archive/train/FAKE/3206 (7).jpg,1,cifake,stable_diffusion,train,CIFAKE public Kaggle dataset; verify terms before submission
data/raw/cifake/archive/train/REAL/2841 (7).jpg,0,cifake,cifar10,train,CIFAKE public Kaggle dataset; verify terms before submission
data/raw/cifake/archive/train/REAL/4151 (5).jpg,0,cifake,cifar10,train,CIFAKE public Kaggle dataset; verify terms before submission
data/raw/cifake/archive/train/REAL/4265.jpg,0,cifake,cifar10,train,CIFAKE public Kaggle dataset; verify terms before submission
data/raw/cifake/archive/train/REAL/0637.jpg,0,cifake,cifar10,train,CIFAKE public Kaggle dataset; verify terms before submission
data/raw/cifake/archive/train/FAKE/5495 (8).jpg,1,cifake,stable_diffusion,train,CIFAKE public Kaggle dataset; verify terms before submission
data/raw/cifake/archive/train/FAKE/3317 (9).jpg,1,cifake,stable_diffusion,train,CIFAKE public Kaggle dataset; verify terms before submission
data/raw/cifake/archive/train/REAL/0669 (8).jpg,0,cifake,cifar10,train,CIFAKE public Kaggle dataset; verify terms before submission
data/raw/cifake/archive/train/REAL/0651 (4).jpg,0,cifake,cifar10,train,CIFAKE public Kaggle dataset; verify terms before submission
data/raw/cifake/archive/train/FAKE/2903 (8).jpg,1,cifake,stable_diffusion,train,CIFAKE public Kaggle dataset; verify terms before submission
data/raw/cifake/archive/train/FAKE/1223 (8).jpg,1,cifake,stable_diffusion,train,CIFAKE public Kaggle dataset; verify terms before submission
data/raw/cifake/archive/train/REAL/2288 (8).jpg,0,cifake,cifar10,train,CIFAKE public Kaggle dataset; verify terms before submission
data/raw/cifake/archive/train/REAL/3726 (10).jpg,0,cifake,cifar10,train,CIFAKE public Kaggle dataset; verify terms before submission
data/raw/cifake/archive/train/FAKE/4582.jpg,1,cifake,stable_diffusion,train,CIFAKE public Kaggle dataset; verify terms before submission
data/raw/cifake/archive/train/FAKE/5677 (3).jpg,1,cifake,stable_diffusion,train,CIFAKE public Kaggle dataset; verify terms before submission
data/raw/cifake/archive/train/FAKE/1722 (5).jpg,1,cifake,stable_diffusion,train,CIFAKE public Kaggle dataset; verify terms before submission
data/raw/cifake/archive/train/REAL/0911 (9).jpg,0,cifake,cifar10,train,CIFAKE public Kaggle dataset; verify terms before submission
data/raw/cifake/archive/train/FAKE/4660 (9).jpg,1,cifake,stable_diffusion,train,CIFAKE public Kaggle dataset; verify terms before submission
data/raw/cifake/archive/train/FAKE/1282 (8).jpg,1,cifake,stable_diffusion,train,CIFAKE public Kaggle dataset; verify terms before submission
data/raw/cifake/archive/train/REAL/1655 (5).jpg,0,cifake,cifar10,train,CIFAKE public Kaggle dataset; verify terms before submission
data/raw/cifake/archive/train/REAL/0410 (6).jpg,0,cifake,cifar10,train,CIFAKE public Kaggle dataset; verify terms before submission
data/raw/cifake/archive/train/FAKE/3524 (8).jpg,1,cifake,stable_diffusion,train,CIFAKE public Kaggle dataset; verify terms before submission
data/raw/cifake/archive/train/REAL/1069 (3).jpg,0,cifake,cifar10,train,CIFAKE public Kaggle dataset; verify terms before submission
data/raw/cifake/archive/train/FAKE/4615 (3).jpg,1,cifake,stable_diffusion,train,CIFAKE public Kaggle dataset; verify terms before submission
data/raw/cifake/archive/train/FAKE/1189 (8).jpg,1,cifake,stable_diffusion,train,CIFAKE public Kaggle dataset; verify terms before submission
data/raw/cifake/archive/train/REAL/0223 (2).jpg,0,cifake,cifar10,train,CIFAKE public Kaggle dataset; verify terms before submission
data/raw/cifake/archive/train/FAKE/5886 (10).jpg,1,cifake,stable_diffusion,train,CIFAKE public Kaggle dataset; verify terms before submission
data/raw/cifake/archive/train/REAL/3775.jpg,0,cifake,cifar10,train,CIFAKE public Kaggle dataset; verify terms before submission
data/raw/cifake/archive/train/REAL/0434.jpg,0,cifake,cifar10,train,CIFAKE public Kaggle dataset; verify terms before submission
data/raw/cifake/archive/train/FAKE/2314 (6).jpg,1,cifake,stable_diffusion,train,CIFAKE public Kaggle dataset; verify terms before submission
data/raw/cifake/archive/train/REAL/0366 (7).jpg,0,cifake,cifar10,train,CIFAKE public Kaggle dataset; verify terms before submission
data/raw/cifake/archive/train/FAKE/2534.jpg,1,cifake,stable_diffusion,train,CIFAKE public Kaggle dataset; verify terms before submission
data/raw/cifake/archive/train/REAL/3132.jpg,0,cifake,cifar10,train,CIFAKE public Kaggle dataset; verify terms before submission
data/raw/cifake/archive/train/REAL/3167 (4).jpg,0,cifake,cifar10,train,CIFAKE public Kaggle dataset; verify terms before submission
data/raw/cifake/archive/train/REAL/2300 (7).jpg,0,cifake,cifar10,train,CIFAKE public Kaggle dataset; verify terms before submission
data/raw/cifake/archive/train/REAL/4406.jpg,0,cifake,cifar10,train,CIFAKE public Kaggle dataset; verify terms before submission
data/raw/cifake/archive/train/REAL/4579 (3).jpg,0,cifake,cifar10,train,CIFAKE public Kaggle dataset; verify terms before submission
data/raw/cifake/archive/train/REAL/3825 (5).jpg,0,cifake,cifar10,train,CIFAKE public Kaggle dataset; verify terms before submission
data/raw/cifake/archive/train/REAL/4114 (10).jpg,0,cifake,cifar10,train,CIFAKE public Kaggle dataset; verify terms before submission
data/raw/cifake/archive/train/FAKE/3028 (7).jpg,1,cifake,stable_diffusion,train,CIFAKE public Kaggle dataset; verify terms before submission
data/raw/cifake/archive/train/REAL/0643 (2).jpg,0,cifake,cifar10,train,CIFAKE public Kaggle dataset; verify terms before submission
data/raw/cifake/archive/train/FAKE/2235.jpg,1,cifake,stable_diffusion,train,CIFAKE public Kaggle dataset; verify terms before submission
data/raw/cifake/archive/train/REAL/3841 (2).jpg,0,cifake,cifar10,train,CIFAKE public Kaggle dataset; verify terms before submission
data/raw/cifake/archive/train/REAL/0951 (5).jpg,0,cifake,cifar10,train,CIFAKE public Kaggle dataset; verify terms before submission
data/raw/cifake/archive/train/REAL/4661 (4).jpg,0,cifake,cifar10,train,CIFAKE public Kaggle dataset; verify terms before submission
data/raw/cifake/archive/train/FAKE/3005 (5).jpg,1,cifake,stable_diffusion,train,CIFAKE public Kaggle dataset; verify terms before submission
data/raw/cifake/archive/train/REAL/4442 (9).jpg,0,cifake,cifar10,train,CIFAKE public Kaggle dataset; verify terms before submission
data/raw/cifake/archive/train/REAL/4334 (10).jpg,0,cifake,cifar10,train,CIFAKE public Kaggle dataset; verify terms before submission
data/raw/cifake/archive/train/REAL/3429 (3).jpg,0,cifake,cifar10,train,CIFAKE public Kaggle dataset; verify terms before submission
data/raw/cifake/archive/train/REAL/3993 (7).jpg,0,cifake,cifar10,train,CIFAKE public Kaggle dataset; verify terms before submission
data/raw/cifake/archive/train/REAL/0148 (10).jpg,0,cifake,cifar10,train,CIFAKE public Kaggle dataset; verify terms before submission
data/raw/cifake/archive/train/FAKE/5767 (8).jpg,1,cifake,stable_diffusion,train,CIFAKE public Kaggle dataset; verify terms before submission
data/raw/cifake/archive/train/FAKE/2585 (5).jpg,1,cifake,stable_diffusion,train,CIFAKE public Kaggle dataset; verify terms before submission
data/raw/cifake/archive/train/FAKE/2823 (5).jpg,1,cifake,stable_diffusion,train,CIFAKE public Kaggle dataset; verify terms before submission
data/raw/cifake/archive/train/REAL/4891 (10).jpg,0,cifake,cifar10,train,CIFAKE public Kaggle dataset; verify terms before submission
data/raw/cifake/archive/train/REAL/4175 (7).jpg,0,cifake,cifar10,train,CIFAKE public Kaggle dataset; verify terms before submission
data/raw/cifake/archive/train/FAKE/5755 (3).jpg,1,cifake,stable_diffusion,train,CIFAKE public Kaggle dataset; verify terms before submission
data/raw/cifake/archive/train/FAKE/5650 (9).jpg,1,cifake,stable_diffusion,train,CIFAKE public Kaggle dataset; verify terms before submission
data/raw/cifake/archive/train/REAL/0070 (2).jpg,0,cifake,cifar10,train,CIFAKE public Kaggle dataset; verify terms before submission
data/raw/cifake/archive/train/REAL/1508 (10).jpg,0,cifake,cifar10,train,CIFAKE public Kaggle dataset; verify terms before submission
data/raw/cifake/archive/train/REAL/2659 (4).jpg,0,cifake,cifar10,train,CIFAKE public Kaggle dataset; verify terms before submission
data/raw/cifake/archive/train/REAL/2698 (10).jpg,0,cifake,cifar10,train,CIFAKE public Kaggle dataset; verify terms before submission
data/raw/cifake/archive/train/REAL/2219 (5).jpg,0,cifake,cifar10,train,CIFAKE public Kaggle dataset; verify terms before submission
data/raw/cifake/archive/train/FAKE/4110 (3).jpg,1,cifake,stable_diffusion,train,CIFAKE public Kaggle dataset; verify terms before submission
data/raw/cifake/archive/train/REAL/0850 (10).jpg,0,cifake,cifar10,train,CIFAKE public Kaggle dataset; verify terms before submission
data/raw/cifake/archive/train/FAKE/5796 (10).jpg,1,cifake,stable_diffusion,train,CIFAKE public Kaggle dataset; verify terms before submission
data/raw/cifake/archive/train/FAKE/4691 (9).jpg,1,cifake,stable_diffusion,train,CIFAKE public Kaggle dataset; verify terms before submission
data/raw/cifake/archive/train/REAL/1233 (6).jpg,0,cifake,cifar10,train,CIFAKE public Kaggle dataset; verify terms before submission
data/raw/cifake/archive/train/REAL/3003 (3).jpg,0,cifake,cifar10,train,CIFAKE public Kaggle dataset; verify terms before submission
data/raw/cifake/archive/train/REAL/2526 (3).jpg,0,cifake,cifar10,train,CIFAKE public Kaggle dataset; verify terms before submission
data/raw/cifake/archive/train/FAKE/1869 (2).jpg,1,cifake,stable_diffusion,train,CIFAKE public Kaggle dataset; verify terms before submission
data/raw/cifake/archive/train/FAKE/2464 (9).jpg,1,cifake,stable_diffusion,train,CIFAKE public Kaggle dataset; verify terms before submission
data/raw/cifake/archive/train/FAKE/5657 (6).jpg,1,cifake,stable_diffusion,train,CIFAKE public Kaggle dataset; verify terms before submission
data/raw/cifake/archive/train/REAL/1670 (7).jpg,0,cifake,cifar10,train,CIFAKE public Kaggle dataset; verify terms before submission
data/raw/cifake/archive/train/FAKE/1568 (4).jpg,1,cifake,stable_diffusion,train,CIFAKE public Kaggle dataset; verify terms before submission
data/raw/cifake/archive/train/FAKE/2760.jpg,1,cifake,stable_diffusion,train,CIFAKE public Kaggle dataset; verify terms before submission
data/raw/cifake/archive/train/FAKE/5797 (9).jpg,1,cifake,stable_diffusion,train,CIFAKE public Kaggle dataset; verify terms before submission
data/raw/cifake/archive/train/FAKE/2443 (7).jpg,1,cifake,stable_diffusion,train,CIFAKE public Kaggle dataset; verify terms before submission
data/raw/cifake/archive/train/FAKE/4841 (9).jpg,1,cifake,stable_diffusion,train,CIFAKE public Kaggle dataset; verify terms before submission
data/raw/cifake/archive/train/REAL/2921 (4).jpg,0,cifake,cifar10,train,CIFAKE public Kaggle dataset; verify terms before submission
data/raw/cifake/archive/train/REAL/0389 (2).jpg,0,cifake,cifar10,train,CIFAKE public Kaggle dataset; verify terms before submission
data/raw/cifake/archive/train/REAL/0890 (9).jpg,0,cifake,cifar10,train,CIFAKE public Kaggle dataset; verify terms before submission
data/raw/cifake/archive/train/FAKE/5843 (5).jpg,1,cifake,stable_diffusion,train,CIFAKE public Kaggle dataset; verify terms before submission
data/raw/cifake/archive/train/REAL/1317 (10).jpg,0,cifake,cifar10,train,CIFAKE public Kaggle dataset; verify terms before submission
data/raw/cifake/archive/train/REAL/0227 (4).jpg,0,cifake,cifar10,train,CIFAKE public Kaggle dataset; verify terms before submission
data/raw/cifake/archive/train/REAL/1522 (10).jpg,0,cifake,cifar10,train,CIFAKE public Kaggle dataset; verify terms before submission
data/raw/cifake/archive/train/REAL/4319 (9).jpg,0,cifake,cifar10,train,CIFAKE public Kaggle dataset; verify terms before submission
data/raw/cifake/archive/train/FAKE/1262 (2).jpg,1,cifake,stable_diffusion,train,CIFAKE public Kaggle dataset; verify terms before submission
data/raw/cifake/archive/train/REAL/4481 (5).jpg,0,cifake,cifar10,train,CIFAKE public Kaggle dataset; verify terms before submission
data/raw/cifake/archive/train/FAKE/4206.jpg,1,cifake,stable_diffusion,train,CIFAKE public Kaggle dataset; verify terms before submission
data/raw/cifake/archive/train/FAKE/1752 (2).jpg,1,cifake,stable_diffusion,train,CIFAKE public Kaggle dataset; verify terms before submission
data/raw/cifake/archive/train/FAKE/1239 (7).jpg,1,cifake,stable_diffusion,train,CIFAKE public Kaggle dataset; verify terms before submission
data/raw/cifake/archive/train/FAKE/2516 (10).jpg,1,cifake,stable_diffusion,train,CIFAKE public Kaggle dataset; verify terms before submission
data/raw/cifake/archive/train/FAKE/3948.jpg,1,cifake,stable_diffusion,train,CIFAKE public Kaggle dataset; verify terms before submission
data/raw/cifake/archive/train/REAL/3442 (3).jpg,0,cifake,cifar10,train,CIFAKE public Kaggle dataset; verify terms before submission
data/raw/cifake/archive/train/FAKE/4848 (8).jpg,1,cifake,stable_diffusion,train,CIFAKE public Kaggle dataset; verify terms before submission
data/raw/cifake/archive/train/FAKE/2263 (9).jpg,1,cifake,stable_diffusion,train,CIFAKE public Kaggle dataset; verify terms before submission
data/raw/cifake/archive/train/FAKE/4744 (7).jpg,1,cifake,stable_diffusion,train,CIFAKE public Kaggle dataset; verify terms before submission
data/raw/cifake/archive/train/FAKE/3772 (3).jpg,1,cifake,stable_diffusion,train,CIFAKE public Kaggle dataset; verify terms before submission
data/raw/cifake/archive/train/REAL/0579 (3).jpg,0,cifake,cifar10,train,CIFAKE public Kaggle dataset; verify terms before submission
data/raw/cifake/archive/train/REAL/4852 (3).jpg,0,cifake,cifar10,train,CIFAKE public Kaggle dataset; verify terms before submission
data/raw/cifake/archive/train/REAL/0769 (10).jpg,0,cifake,cifar10,train,CIFAKE public Kaggle dataset; verify terms before submission
data/raw/cifake/archive/train/FAKE/4308 (10).jpg,1,cifake,stable_diffusion,train,CIFAKE public Kaggle dataset; verify terms before submission
data/raw/cifake/archive/train/FAKE/3396 (7).jpg,1,cifake,stable_diffusion,train,CIFAKE public Kaggle dataset; verify terms before submission
data/raw/cifake/archive/train/REAL/3646 (6).jpg,0,cifake,cifar10,train,CIFAKE public Kaggle dataset; verify terms before submission
data/raw/cifake/archive/train/REAL/1181 (2).jpg,0,cifake,cifar10,train,CIFAKE public Kaggle dataset; verify terms before submission
data/raw/cifake/archive/train/REAL/4605 (3).jpg,0,cifake,cifar10,train,CIFAKE public Kaggle dataset; verify terms before submission
data/raw/cifake/archive/train/FAKE/5575 (9).jpg,1,cifake,stable_diffusion,train,CIFAKE public Kaggle dataset; verify terms before submission
data/raw/cifake/archive/train/FAKE/2500 (3).jpg,1,cifake,stable_diffusion,train,CIFAKE public Kaggle dataset; verify terms before submission
data/raw/cifake/archive/train/FAKE/4352 (8).jpg,1,cifake,stable_diffusion,train,CIFAKE public Kaggle dataset; verify terms before submission
data/raw/cifake/archive/train/FAKE/4511 (2).jpg,1,cifake,stable_diffusion,train,CIFAKE public Kaggle dataset; verify terms before submission
data/raw/cifake/archive/train/REAL/0409 (8).jpg,0,cifake,cifar10,train,CIFAKE public Kaggle dataset; verify terms before submission
data/raw/cifake/archive/train/FAKE/1413 (6).jpg,1,cifake,stable_diffusion,train,CIFAKE public Kaggle dataset; verify terms before submission
data/raw/cifake/archive/train/FAKE/3244 (7).jpg,1,cifake,stable_diffusion,train,CIFAKE public Kaggle dataset; verify terms before submission
data/raw/cifake/archive/train/REAL/4216 (7).jpg,0,cifake,cifar10,train,CIFAKE public Kaggle dataset; verify terms before submission
data/raw/cifake/archive/train/FAKE/1621 (9).jpg,1,cifake,stable_diffusion,train,CIFAKE public Kaggle dataset; verify terms before submission
data/raw/cifake/archive/train/FAKE/4601 (8).jpg,1,cifake,stable_diffusion,train,CIFAKE public Kaggle dataset; verify terms before submission
data/raw/cifake/archive/train/FAKE/4811 (6).jpg,1,cifake,stable_diffusion,train,CIFAKE public Kaggle dataset; verify terms before submission
data/raw/cifake/archive/train/FAKE/2630.jpg,1,cifake,stable_diffusion,train,CIFAKE public Kaggle dataset; verify terms before submission
data/raw/cifake/archive/train/REAL/4919 (2).jpg,0,cifake,cifar10,train,CIFAKE public Kaggle dataset; verify terms before submission
data/raw/cifake/archive/train/FAKE/3180 (3).jpg,1,cifake,stable_diffusion,train,CIFAKE public Kaggle dataset; verify terms before submission
data/raw/cifake/archive/train/FAKE/1954 (8).jpg,1,cifake,stable_diffusion,train,CIFAKE public Kaggle dataset; verify terms before submission
data/raw/cifake/archive/train/FAKE/3636 (10).jpg,1,cifake,stable_diffusion,train,CIFAKE public Kaggle dataset; verify terms before submission
data/raw/cifake/archive/train/FAKE/2661 (3).jpg,1,cifake,stable_diffusion,train,CIFAKE public Kaggle dataset; verify terms before submission
data/raw/cifake/archive/train/FAKE/2949 (3).jpg,1,cifake,stable_diffusion,train,CIFAKE public Kaggle dataset; verify terms before submission
data/raw/cifake/archive/train/REAL/0800 (6).jpg,0,cifake,cifar10,train,CIFAKE public Kaggle dataset; verify terms before submission
data/raw/cifake/archive/train/FAKE/4164.jpg,1,cifake,stable_diffusion,train,CIFAKE public Kaggle dataset; verify terms before submission
data/raw/cifake/archive/train/REAL/4150 (7).jpg,0,cifake,cifar10,train,CIFAKE public Kaggle dataset; verify terms before submission
data/raw/cifake/archive/train/FAKE/1787 (3).jpg,1,cifake,stable_diffusion,train,CIFAKE public Kaggle dataset; verify terms before submission
data/raw/cifake/archive/train/FAKE/4821.jpg,1,cifake,stable_diffusion,train,CIFAKE public Kaggle dataset; verify terms before submission
data/raw/cifake/archive/train/REAL/2096 (10).jpg,0,cifake,cifar10,train,CIFAKE public Kaggle dataset; verify terms before submission
data/raw/cifake/archive/train/FAKE/3940 (3).jpg,1,cifake,stable_diffusion,train,CIFAKE public Kaggle dataset; verify terms before submission
data/raw/cifake/archive/train/FAKE/5536 (9).jpg,1,cifake,stable_diffusion,train,CIFAKE public Kaggle dataset; verify terms before submission
data/raw/cifake/archive/train/FAKE/5290 (2).jpg,1,cifake,stable_diffusion,train,CIFAKE public Kaggle dataset; verify terms before submission
data/raw/cifake/archive/train/REAL/4390.jpg,0,cifake,cifar10,train,CIFAKE public Kaggle dataset; verify terms before submission
data/raw/cifake/archive/train/FAKE/2433 (7).jpg,1,cifake,stable_diffusion,train,CIFAKE public Kaggle dataset; verify terms before submission
data/raw/cifake/archive/train/FAKE/3231 (4).jpg,1,cifake,stable_diffusion,train,CIFAKE public Kaggle dataset; verify terms before submission
data/raw/cifake/archive/train/FAKE/4671 (5).jpg,1,cifake,stable_diffusion,train,CIFAKE public Kaggle dataset; verify terms before submission
data/raw/cifake/archive/train/REAL/3845.jpg,0,cifake,cifar10,train,CIFAKE public Kaggle dataset; verify terms before submission
data/raw/cifake/archive/train/FAKE/1855 (2).jpg,1,cifake,stable_diffusion,train,CIFAKE public Kaggle dataset; verify terms before submission
data/raw/cifake/archive/train/REAL/4735 (8).jpg,0,cifake,cifar10,train,CIFAKE public Kaggle dataset; verify terms before submission
data/raw/cifake/archive/train/FAKE/2414 (3).jpg,1,cifake,stable_diffusion,train,CIFAKE public Kaggle dataset; verify terms before submission
data/raw/cifake/archive/train/REAL/3791 (4).jpg,0,cifake,cifar10,train,CIFAKE public Kaggle dataset; verify terms before submission
data/raw/cifake/archive/train/FAKE/4673 (3).jpg,1,cifake,stable_diffusion,train,CIFAKE public Kaggle dataset; verify terms before submission
data/raw/cifake/archive/train/FAKE/3696 (2).jpg,1,cifake,stable_diffusion,train,CIFAKE public Kaggle dataset; verify terms before submission
data/raw/cifake/archive/train/REAL/0674 (3).jpg,0,cifake,cifar10,train,CIFAKE public Kaggle dataset; verify terms before submission
data/raw/cifake/archive/train/REAL/1067 (8).jpg,0,cifake,cifar10,train,CIFAKE public Kaggle dataset; verify terms before submission
data/raw/cifake/archive/train/REAL/3942 (10).jpg,0,cifake,cifar10,train,CIFAKE public Kaggle dataset; verify terms before submission
data/raw/cifake/archive/train/REAL/0408 (6).jpg,0,cifake,cifar10,train,CIFAKE public Kaggle dataset; verify terms before submission
data/raw/cifake/archive/train/REAL/1141 (5).jpg,0,cifake,cifar10,train,CIFAKE public Kaggle dataset; verify terms before submission
data/raw/cifake/archive/train/REAL/2125 (10).jpg,0,cifake,cifar10,train,CIFAKE public Kaggle dataset; verify terms before submission
data/raw/cifake/archive/train/REAL/2372 (2).jpg,0,cifake,cifar10,train,CIFAKE public Kaggle dataset; verify terms before submission
data/raw/cifake/archive/train/REAL/0475 (2).jpg,0,cifake,cifar10,train,CIFAKE public Kaggle dataset; verify terms before submission
data/raw/cifake/archive/train/REAL/2066 (9).jpg,0,cifake,cifar10,train,CIFAKE public Kaggle dataset; verify terms before submission
data/raw/cifake/archive/train/FAKE/4324.jpg,1,cifake,stable_diffusion,train,CIFAKE public Kaggle dataset; verify terms before submission
data/raw/cifake/archive/train/REAL/0336 (6).jpg,0,cifake,cifar10,train,CIFAKE public Kaggle dataset; verify terms before submission
data/raw/cifake/archive/train/REAL/1750 (7).jpg,0,cifake,cifar10,train,CIFAKE public Kaggle dataset; verify terms before submission
data/raw/cifake/archive/train/FAKE/2475 (10).jpg,1,cifake,stable_diffusion,train,CIFAKE public Kaggle dataset; verify terms before submission
data/raw/cifake/archive/train/REAL/2653 (5).jpg,0,cifake,cifar10,train,CIFAKE public Kaggle dataset; verify terms before submission
data/raw/cifake/archive/train/REAL/4635 (5).jpg,0,cifake,cifar10,train,CIFAKE public Kaggle dataset; verify terms before submission
data/raw/cifake/archive/train/FAKE/2855 (4).jpg,1,cifake,stable_diffusion,train,CIFAKE public Kaggle dataset; verify terms before submission
data/raw/cifake/archive/train/REAL/4026 (2).jpg,0,cifake,cifar10,train,CIFAKE public Kaggle dataset; verify terms before submission
data/raw/cifake/archive/train/FAKE/2732 (7).jpg,1,cifake,stable_diffusion,train,CIFAKE public Kaggle dataset; verify terms before submission
data/raw/cifake/archive/train/FAKE/5218 (10).jpg,1,cifake,stable_diffusion,train,CIFAKE public Kaggle dataset; verify terms before submission
data/raw/cifake/archive/train/FAKE/4630 (5).jpg,1,cifake,stable_diffusion,train,CIFAKE public Kaggle dataset; verify terms before submission
data/raw/cifake/archive/train/REAL/2026 (3).jpg,0,cifake,cifar10,train,CIFAKE public Kaggle dataset; verify terms before submission
data/raw/cifake/archive/train/FAKE/3827 (3).jpg,1,cifake,stable_diffusion,train,CIFAKE public Kaggle dataset; verify terms before submission
data/raw/cifake/archive/train/REAL/4047 (4).jpg,0,cifake,cifar10,train,CIFAKE public Kaggle dataset; verify terms before submission
data/raw/cifake/archive/train/FAKE/3134 (6).jpg,1,cifake,stable_diffusion,train,CIFAKE public Kaggle dataset; verify terms before submission
data/raw/cifake/archive/train/REAL/1850 (10).jpg,0,cifake,cifar10,train,CIFAKE public Kaggle dataset; verify terms before submission
data/raw/cifake/archive/train/REAL/3894 (5).jpg,0,cifake,cifar10,train,CIFAKE public Kaggle dataset; verify terms before submission
data/raw/cifake/archive/train/REAL/4677 (10).jpg,0,cifake,cifar10,train,CIFAKE public Kaggle dataset; verify terms before submission
data/raw/cifake/archive/train/FAKE/4152.jpg,1,cifake,stable_diffusion,train,CIFAKE public Kaggle dataset; verify terms before submission
data/raw/cifake/archive/train/REAL/2829 (4).jpg,0,cifake,cifar10,train,CIFAKE public Kaggle dataset; verify terms before submission
data/raw/cifake/archive/train/REAL/3666 (5).jpg,0,cifake,cifar10,train,CIFAKE public Kaggle dataset; verify terms before submission
data/raw/cifake/archive/train/REAL/4653 (2).jpg,0,cifake,cifar10,train,CIFAKE public Kaggle dataset; verify terms before submission
data/raw/cifake/archive/train/REAL/2317 (5).jpg,0,cifake,cifar10,train,CIFAKE public Kaggle dataset; verify terms before submission
data/raw/cifake/archive/train/REAL/0117 (5).jpg,0,cifake,cifar10,train,CIFAKE public Kaggle dataset; verify terms before submission
data/raw/cifake/archive/train/FAKE/4577 (6).jpg,1,cifake,stable_diffusion,train,CIFAKE public Kaggle dataset; verify terms before submission
data/raw/cifake/archive/train/FAKE/1493 (3).jpg,1,cifake,stable_diffusion,train,CIFAKE public Kaggle dataset; verify terms before submission
data/raw/cifake/archive/train/FAKE/5477 (4).jpg,1,cifake,stable_diffusion,train,CIFAKE public Kaggle dataset; verify terms before submission
data/raw/cifake/archive/train/REAL/3195 (8).jpg,0,cifake,cifar10,train,CIFAKE public Kaggle dataset; verify terms before submission
data/raw/cifake/archive/train/REAL/0955 (8).jpg,0,cifake,cifar10,train,CIFAKE public Kaggle dataset; verify terms before submission
data/raw/cifake/archive/train/FAKE/3496 (7).jpg,1,cifake,stable_diffusion,train,CIFAKE public Kaggle dataset; verify terms before submission
data/raw/cifake/archive/train/FAKE/4056 (3).jpg,1,cifake,stable_diffusion,train,CIFAKE public Kaggle dataset; verify terms before submission
data/raw/cifake/archive/train/REAL/0806 (4).jpg,0,cifake,cifar10,train,CIFAKE public Kaggle dataset; verify terms before submission
data/raw/cifake/archive/train/REAL/1365 (5).jpg,0,cifake,cifar10,train,CIFAKE public Kaggle dataset; verify terms before submission
data/raw/cifake/archive/train/REAL/2219 (9).jpg,0,cifake,cifar10,train,CIFAKE public Kaggle dataset; verify terms before submission
data/raw/cifake/archive/train/FAKE/5455 (5).jpg,1,cifake,stable_diffusion,train,CIFAKE public Kaggle dataset; verify terms before submission
data/raw/cifake/archive/train/FAKE/4877 (5).jpg,1,cifake,stable_diffusion,train,CIFAKE public Kaggle dataset; verify terms before submission
data/raw/cifake/archive/train/REAL/2221 (8).jpg,0,cifake,cifar10,train,CIFAKE public Kaggle dataset; verify terms before submission
data/raw/cifake/archive/train/FAKE/5607 (9).jpg,1,cifake,stable_diffusion,train,CIFAKE public Kaggle dataset; verify terms before submission
data/raw/cifake/archive/train/FAKE/4884 (4).jpg,1,cifake,stable_diffusion,train,CIFAKE public Kaggle dataset; verify terms before submission
data/raw/cifake/archive/train/FAKE/4322 (2).jpg,1,cifake,stable_diffusion,train,CIFAKE public Kaggle dataset; verify terms before submission
data/raw/cifake/archive/train/REAL/3581 (9).jpg,0,cifake,cifar10,train,CIFAKE public Kaggle dataset; verify terms before submission
data/raw/cifake/archive/train/REAL/1462 (8).jpg,0,cifake,cifar10,train,CIFAKE public Kaggle dataset; verify terms before submission
data/raw/cifake/archive/train/REAL/4107 (10).jpg,0,cifake,cifar10,train,CIFAKE public Kaggle dataset; verify terms before submission
data/raw/cifake/archive/train/REAL/0695 (9).jpg,0,cifake,cifar10,train,CIFAKE public Kaggle dataset; verify terms before submission
data/raw/cifake/archive/train/REAL/3801 (5).jpg,0,cifake,cifar10,train,CIFAKE public Kaggle dataset; verify terms before submission
data/raw/cifake/archive/train/FAKE/4896 (10).jpg,1,cifake,stable_diffusion,train,CIFAKE public Kaggle dataset; verify terms before submission
data/raw/cifake/archive/train/REAL/0987 (5).jpg,0,cifake,cifar10,train,CIFAKE public Kaggle dataset; verify terms before submission
data/raw/cifake/archive/train/FAKE/1643 (6).jpg,1,cifake,stable_diffusion,train,CIFAKE public Kaggle dataset; verify terms before submission
data/raw/cifake/archive/train/FAKE/5262 (9).jpg,1,cifake,stable_diffusion,train,CIFAKE public Kaggle dataset; verify terms before submission
data/raw/cifake/archive/train/FAKE/3612 (9).jpg,1,cifake,stable_diffusion,train,CIFAKE public Kaggle dataset; verify terms before submission
data/raw/cifake/archive/train/FAKE/4773 (8).jpg,1,cifake,stable_diffusion,train,CIFAKE public Kaggle dataset; verify terms before submission
data/raw/cifake/archive/train/FAKE/1122 (9).jpg,1,cifake,stable_diffusion,train,CIFAKE public Kaggle dataset; verify terms before submission
data/raw/cifake/archive/train/REAL/2318 (5).jpg,0,cifake,cifar10,train,CIFAKE public Kaggle dataset; verify terms before submission
data/raw/cifake/archive/train/REAL/1132 (10).jpg,0,cifake,cifar10,train,CIFAKE public Kaggle dataset; verify terms before submission
data/raw/cifake/archive/train/REAL/3367 (10).jpg,0,cifake,cifar10,train,CIFAKE public Kaggle dataset; verify terms before submission
data/raw/cifake/archive/train/REAL/0778 (9).jpg,0,cifake,cifar10,train,CIFAKE public Kaggle dataset; verify terms before submission
data/raw/cifake/archive/train/REAL/1842 (5).jpg,0,cifake,cifar10,train,CIFAKE public Kaggle dataset; verify terms before submission
data/raw/cifake/archive/train/FAKE/3540 (5).jpg,1,cifake,stable_diffusion,train,CIFAKE public Kaggle dataset; verify terms before submission
data/raw/cifake/archive/train/FAKE/2295 (5).jpg,1,cifake,stable_diffusion,train,CIFAKE public Kaggle dataset; verify terms before submission
data/raw/cifake/archive/train/FAKE/3260 (3).jpg,1,cifake,stable_diffusion,train,CIFAKE public Kaggle dataset; verify terms before submission
data/raw/cifake/archive/train/REAL/0761 (10).jpg,0,cifake,cifar10,train,CIFAKE public Kaggle dataset; verify terms before submission
data/raw/cifake/archive/train/REAL/3766 (7).jpg,0,cifake,cifar10,train,CIFAKE public Kaggle dataset; verify terms before submission
data/raw/cifake/archive/train/REAL/1401 (7).jpg,0,cifake,cifar10,train,CIFAKE public Kaggle dataset; verify terms before submission
data/raw/cifake/archive/train/FAKE/4823 (4).jpg,1,cifake,stable_diffusion,train,CIFAKE public Kaggle dataset; verify terms before submission
data/raw/cifake/archive/train/REAL/2238 (5).jpg,0,cifake,cifar10,train,CIFAKE public Kaggle dataset; verify terms before submission
data/raw/cifake/archive/train/FAKE/2225.jpg,1,cifake,stable_diffusion,train,CIFAKE public Kaggle dataset; verify terms before submission
data/raw/cifake/archive/train/FAKE/1894 (4).jpg,1,cifake,stable_diffusion,train,CIFAKE public Kaggle dataset; verify terms before submission
data/raw/cifake/archive/train/FAKE/1728 (8).jpg,1,cifake,stable_diffusion,train,CIFAKE public Kaggle dataset; verify terms before submission
data/raw/cifake/archive/train/FAKE/3807 (6).jpg,1,cifake,stable_diffusion,train,CIFAKE public Kaggle dataset; verify terms before submission
data/raw/cifake/archive/train/FAKE/3405 (5).jpg,1,cifake,stable_diffusion,train,CIFAKE public Kaggle dataset; verify terms before submission
data/raw/cifake/archive/train/REAL/3854 (10).jpg,0,cifake,cifar10,train,CIFAKE public Kaggle dataset; verify terms before submission
data/raw/cifake/archive/train/FAKE/5986 (6).jpg,1,cifake,stable_diffusion,train,CIFAKE public Kaggle dataset; verify terms before submission
data/raw/cifake/archive/train/REAL/0389 (3).jpg,0,cifake,cifar10,train,CIFAKE public Kaggle dataset; verify terms before submission
data/raw/cifake/archive/train/FAKE/1657 (5).jpg,1,cifake,stable_diffusion,train,CIFAKE public Kaggle dataset; verify terms before submission
data/raw/cifake/archive/train/FAKE/3444 (8).jpg,1,cifake,stable_diffusion,train,CIFAKE public Kaggle dataset; verify terms before submission
data/raw/cifake/archive/train/REAL/3567 (6).jpg,0,cifake,cifar10,train,CIFAKE public Kaggle dataset; verify terms before submission
data/raw/cifake/archive/train/FAKE/2014 (9).jpg,1,cifake,stable_diffusion,train,CIFAKE public Kaggle dataset; verify terms before submission
data/raw/cifake/archive/train/FAKE/5391 (5).jpg,1,cifake,stable_diffusion,train,CIFAKE public Kaggle dataset; verify terms before submission
data/raw/cifake/archive/train/REAL/2882 (8).jpg,0,cifake,cifar10,train,CIFAKE public Kaggle dataset; verify terms before submission
data/raw/cifake/archive/train/FAKE/4587 (9).jpg,1,cifake,stable_diffusion,train,CIFAKE public Kaggle dataset; verify terms before submission
data/raw/cifake/archive/train/REAL/2143 (7).jpg,0,cifake,cifar10,train,CIFAKE public Kaggle dataset; verify terms before submission
data/raw/cifake/archive/train/FAKE/2281 (2).jpg,1,cifake,stable_diffusion,train,CIFAKE public Kaggle dataset; verify terms before submission
data/raw/cifake/archive/train/FAKE/4578 (10).jpg,1,cifake,stable_diffusion,train,CIFAKE public Kaggle dataset; verify terms before submission
data/raw/cifake/archive/train/FAKE/3986 (8).jpg,1,cifake,stable_diffusion,train,CIFAKE public Kaggle dataset; verify terms before submission
data/raw/cifake/archive/train/REAL/0929 (2).jpg,0,cifake,cifar10,train,CIFAKE public Kaggle dataset; verify terms before submission
data/raw/cifake/archive/train/REAL/4930 (10).jpg,0,cifake,cifar10,train,CIFAKE public Kaggle dataset; verify terms before submission
data/raw/cifake/archive/train/FAKE/1996 (8).jpg,1,cifake,stable_diffusion,train,CIFAKE public Kaggle dataset; verify terms before submission
data/raw/cifake/archive/train/FAKE/4556.jpg,1,cifake,stable_diffusion,train,CIFAKE public Kaggle dataset; verify terms before submission
data/raw/cifake/archive/train/REAL/3267.jpg,0,cifake,cifar10,train,CIFAKE public Kaggle dataset; verify terms before submission
data/raw/cifake/archive/train/REAL/2244 (8).jpg,0,cifake,cifar10,train,CIFAKE public Kaggle dataset; verify terms before submission
data/raw/cifake/archive/train/FAKE/4921 (6).jpg,1,cifake,stable_diffusion,train,CIFAKE public Kaggle dataset; verify terms before submission
data/raw/cifake/archive/train/FAKE/1174 (3).jpg,1,cifake,stable_diffusion,train,CIFAKE public Kaggle dataset; verify terms before submission
data/raw/cifake/archive/train/REAL/0402 (5).jpg,0,cifake,cifar10,train,CIFAKE public Kaggle dataset; verify terms before submission
data/raw/cifake/archive/train/FAKE/2776 (2).jpg,1,cifake,stable_diffusion,train,CIFAKE public Kaggle dataset; verify terms before submission
data/raw/cifake/archive/train/REAL/2962 (4).jpg,0,cifake,cifar10,train,CIFAKE public Kaggle dataset; verify terms before submission
data/raw/cifake/archive/train/REAL/0792.jpg,0,cifake,cifar10,train,CIFAKE public Kaggle dataset; verify terms before submission
data/raw/cifake/archive/train/REAL/1982 (5).jpg,0,cifake,cifar10,train,CIFAKE public Kaggle dataset; verify terms before submission
data/raw/cifake/archive/train/FAKE/2951 (3).jpg,1,cifake,stable_diffusion,train,CIFAKE public Kaggle dataset; verify terms before submission
data/raw/cifake/archive/train/FAKE/1381 (3).jpg,1,cifake,stable_diffusion,train,CIFAKE public Kaggle dataset; verify terms before submission
data/raw/cifake/archive/train/FAKE/4914 (8).jpg,1,cifake,stable_diffusion,train,CIFAKE public Kaggle dataset; verify terms before submission
data/raw/cifake/archive/train/REAL/1492 (6).jpg,0,cifake,cifar10,train,CIFAKE public Kaggle dataset; verify terms before submission
data/raw/cifake/archive/train/REAL/0333 (8).jpg,0,cifake,cifar10,train,CIFAKE public Kaggle dataset; verify terms before submission
data/raw/cifake/archive/train/FAKE/2416 (9).jpg,1,cifake,stable_diffusion,train,CIFAKE public Kaggle dataset; verify terms before submission
data/raw/cifake/archive/train/FAKE/4337 (9).jpg,1,cifake,stable_diffusion,train,CIFAKE public Kaggle dataset; verify terms before submission
data/raw/cifake/archive/train/REAL/2721 (5).jpg,0,cifake,cifar10,train,CIFAKE public Kaggle dataset; verify terms before submission
data/raw/cifake/archive/train/REAL/4820.jpg,0,cifake,cifar10,train,CIFAKE public Kaggle dataset; verify terms before submission
data/raw/cifake/archive/train/REAL/3409 (2).jpg,0,cifake,cifar10,train,CIFAKE public Kaggle dataset; verify terms before submission
data/raw/cifake/archive/train/REAL/0613 (7).jpg,0,cifake,cifar10,train,CIFAKE public Kaggle dataset; verify terms before submission
data/raw/cifake/archive/train/FAKE/2599 (2).jpg,1,cifake,stable_diffusion,train,CIFAKE public Kaggle dataset; verify terms before submission
data/raw/cifake/archive/train/FAKE/2292 (10).jpg,1,cifake,stable_diffusion,train,CIFAKE public Kaggle dataset; verify terms before submission
data/raw/cifake/archive/train/FAKE/5345 (6).jpg,1,cifake,stable_diffusion,train,CIFAKE public Kaggle dataset; verify terms before submission
data/raw/cifake/archive/train/FAKE/1454 (3).jpg,1,cifake,stable_diffusion,train,CIFAKE public Kaggle dataset; verify terms before submission
data/raw/cifake/archive/train/REAL/0371 (3).jpg,0,cifake,cifar10,train,CIFAKE public Kaggle dataset; verify terms before submission
data/raw/cifake/archive/train/REAL/2070 (6).jpg,0,cifake,cifar10,train,CIFAKE public Kaggle dataset; verify terms before submission
data/raw/cifake/archive/train/REAL/4733 (4).jpg,0,cifake,cifar10,train,CIFAKE public Kaggle dataset; verify terms before submission
data/raw/cifake/archive/train/FAKE/3209 (2).jpg,1,cifake,stable_diffusion,train,CIFAKE public Kaggle dataset; verify terms before submission
data/raw/cifake/archive/train/FAKE/5012 (6).jpg,1,cifake,stable_diffusion,train,CIFAKE public Kaggle dataset; verify terms before submission
data/raw/cifake/archive/train/REAL/0355 (7).jpg,0,cifake,cifar10,train,CIFAKE public Kaggle dataset; verify terms before submission
data/raw/cifake/archive/train/REAL/3944 (5).jpg,0,cifake,cifar10,train,CIFAKE public Kaggle dataset; verify terms before submission
data/raw/cifake/archive/train/FAKE/5229 (10).jpg,1,cifake,stable_diffusion,train,CIFAKE public Kaggle dataset; verify terms before submission
data/raw/cifake/archive/train/REAL/1164 (8).jpg,0,cifake,cifar10,train,CIFAKE public Kaggle dataset; verify terms before submission
data/raw/cifake/archive/train/REAL/4193 (7).jpg,0,cifake,cifar10,train,CIFAKE public Kaggle dataset; verify terms before submission
data/raw/cifake/archive/train/FAKE/1959 (8).jpg,1,cifake,stable_diffusion,train,CIFAKE public Kaggle dataset; verify terms before submission
data/raw/cifake/archive/train/REAL/3443 (5).jpg,0,cifake,cifar10,train,CIFAKE public Kaggle dataset; verify terms before submission
data/raw/cifake/archive/train/FAKE/4100 (8).jpg,1,cifake,stable_diffusion,train,CIFAKE public Kaggle dataset; verify terms before submission
data/raw/cifake/archive/train/FAKE/2631 (4).jpg,1,cifake,stable_diffusion,train,CIFAKE public Kaggle dataset; verify terms before submission
data/raw/cifake/archive/train/FAKE/4127 (4).jpg,1,cifake,stable_diffusion,train,CIFAKE public Kaggle dataset; verify terms before submission
data/raw/cifake/archive/train/REAL/0561 (4).jpg,0,cifake,cifar10,train,CIFAKE public Kaggle dataset; verify terms before submission
data/raw/cifake/archive/train/REAL/0182 (9).jpg,0,cifake,cifar10,train,CIFAKE public Kaggle dataset; verify terms before submission
data/raw/cifake/archive/train/FAKE/3547 (3).jpg,1,cifake,stable_diffusion,train,CIFAKE public Kaggle dataset; verify terms before submission
data/raw/cifake/archive/train/REAL/1895.jpg,0,cifake,cifar10,train,CIFAKE public Kaggle dataset; verify terms before submission
data/raw/cifake/archive/train/FAKE/2719 (5).jpg,1,cifake,stable_diffusion,train,CIFAKE public Kaggle dataset; verify terms before submission
data/raw/cifake/archive/train/REAL/0965 (8).jpg,0,cifake,cifar10,train,CIFAKE public Kaggle dataset; verify terms before submission
data/raw/cifake/archive/train/REAL/3606 (5).jpg,0,cifake,cifar10,train,CIFAKE public Kaggle dataset; verify terms before submission
data/raw/cifake/archive/train/FAKE/3333 (9).jpg,1,cifake,stable_diffusion,train,CIFAKE public Kaggle dataset; verify terms before submission
data/raw/cifake/archive/train/REAL/3979 (6).jpg,0,cifake,cifar10,train,CIFAKE public Kaggle dataset; verify terms before submission
data/raw/cifake/archive/train/FAKE/4401 (10).jpg,1,cifake,stable_diffusion,train,CIFAKE public Kaggle dataset; verify terms before submission
data/raw/cifake/archive/train/FAKE/5887.jpg,1,cifake,stable_diffusion,train,CIFAKE public Kaggle dataset; verify terms before submission
data/raw/cifake/archive/train/FAKE/2340 (5).jpg,1,cifake,stable_diffusion,train,CIFAKE public Kaggle dataset; verify terms before submission
data/raw/cifake/archive/train/REAL/4870 (5).jpg,0,cifake,cifar10,train,CIFAKE public Kaggle dataset; verify terms before submission
data/raw/cifake/archive/train/REAL/3147 (4).jpg,0,cifake,cifar10,train,CIFAKE public Kaggle dataset; verify terms before submission
data/raw/cifake/archive/train/FAKE/1622 (2).jpg,1,cifake,stable_diffusion,train,CIFAKE public Kaggle dataset; verify terms before submission
data/raw/cifake/archive/train/FAKE/3047 (7).jpg,1,cifake,stable_diffusion,train,CIFAKE public Kaggle dataset; verify terms before submission
data/raw/cifake/archive/train/FAKE/1600 (2).jpg,1,cifake,stable_diffusion,train,CIFAKE public Kaggle dataset; verify terms before submission
data/raw/cifake/archive/train/FAKE/3793 (4).jpg,1,cifake,stable_diffusion,train,CIFAKE public Kaggle dataset; verify terms before submission
data/raw/cifake/archive/train/FAKE/3157 (7).jpg,1,cifake,stable_diffusion,train,CIFAKE public Kaggle dataset; verify terms before submission
data/raw/cifake/archive/train/REAL/3570 (3).jpg,0,cifake,cifar10,train,CIFAKE public Kaggle dataset; verify terms before submission
data/raw/cifake/archive/train/REAL/0767 (7).jpg,0,cifake,cifar10,train,CIFAKE public Kaggle dataset; verify terms before submission
data/raw/cifake/archive/train/FAKE/2240 (3).jpg,1,cifake,stable_diffusion,train,CIFAKE public Kaggle dataset; verify terms before submission
data/raw/cifake/archive/train/FAKE/4414 (8).jpg,1,cifake,stable_diffusion,train,CIFAKE public Kaggle dataset; verify terms before submission
data/raw/cifake/archive/train/FAKE/2738 (2).jpg,1,cifake,stable_diffusion,train,CIFAKE public Kaggle dataset; verify terms before submission
data/raw/cifake/archive/train/REAL/2276 (6).jpg,0,cifake,cifar10,train,CIFAKE public Kaggle dataset; verify terms before submission
data/raw/cifake/archive/train/FAKE/1368 (6).jpg,1,cifake,stable_diffusion,train,CIFAKE public Kaggle dataset; verify terms before submission
data/raw/cifake/archive/train/FAKE/1381 (5).jpg,1,cifake,stable_diffusion,train,CIFAKE public Kaggle dataset; verify terms before submission
data/raw/cifake/archive/train/FAKE/2964 (7).jpg,1,cifake,stable_diffusion,train,CIFAKE public Kaggle dataset; verify terms before submission
data/raw/cifake/archive/train/FAKE/3742 (5).jpg,1,cifake,stable_diffusion,train,CIFAKE public Kaggle dataset; verify terms before submission
data/raw/cifake/archive/train/REAL/3756 (5).jpg,0,cifake,cifar10,train,CIFAKE public Kaggle dataset; verify terms before submission
data/raw/cifake/archive/train/REAL/3778 (5).jpg,0,cifake,cifar10,train,CIFAKE public Kaggle dataset; verify terms before submission
data/raw/cifake/archive/train/REAL/1831 (4).jpg,0,cifake,cifar10,train,CIFAKE public Kaggle dataset; verify terms before submission
data/raw/cifake/archive/train/FAKE/5903.jpg,1,cifake,stable_diffusion,train,CIFAKE public Kaggle dataset; verify terms before submission
data/raw/cifake/archive/train/REAL/4849 (7).jpg,0,cifake,cifar10,train,CIFAKE public Kaggle dataset; verify terms before submission
data/raw/cifake/archive/train/REAL/2686 (10).jpg,0,cifake,cifar10,train,CIFAKE public Kaggle dataset; verify terms before submission
data/raw/cifake/archive/train/REAL/2641 (2).jpg,0,cifake,cifar10,train,CIFAKE public Kaggle dataset; verify terms before submission
data/raw/cifake/archive/train/FAKE/1638 (3).jpg,1,cifake,stable_diffusion,train,CIFAKE public Kaggle dataset; verify terms before submission
data/raw/cifake/archive/train/FAKE/4342 (9).jpg,1,cifake,stable_diffusion,train,CIFAKE public Kaggle dataset; verify terms before submission
data/raw/cifake/archive/train/FAKE/2597.jpg,1,cifake,stable_diffusion,train,CIFAKE public Kaggle dataset; verify terms before submission
data/raw/cifake/archive/train/FAKE/1725 (7).jpg,1,cifake,stable_diffusion,train,CIFAKE public Kaggle dataset; verify terms before submission
data/raw/cifake/archive/train/REAL/2636 (6).jpg,0,cifake,cifar10,train,CIFAKE public Kaggle dataset; verify terms before submission
data/raw/cifake/archive/train/FAKE/3335.jpg,1,cifake,stable_diffusion,train,CIFAKE public Kaggle dataset; verify terms before submission
data/raw/cifake/archive/train/FAKE/3866 (4).jpg,1,cifake,stable_diffusion,train,CIFAKE public Kaggle dataset; verify terms before submission
data/raw/cifake/archive/train/FAKE/4470 (7).jpg,1,cifake,stable_diffusion,train,CIFAKE public Kaggle dataset; verify terms before submission
data/raw/cifake/archive/train/FAKE/2593 (4).jpg,1,cifake,stable_diffusion,train,CIFAKE public Kaggle dataset; verify terms before submission
data/raw/cifake/archive/train/REAL/2449.jpg,0,cifake,cifar10,train,CIFAKE public Kaggle dataset; verify terms before submission
data/raw/cifake/archive/train/REAL/1068 (7).jpg,0,cifake,cifar10,train,CIFAKE public Kaggle dataset; verify terms before submission
data/raw/cifake/archive/train/REAL/1806.jpg,0,cifake,cifar10,train,CIFAKE public Kaggle dataset; verify terms before submission
data/raw/cifake/archive/train/FAKE/4980 (2).jpg,1,cifake,stable_diffusion,train,CIFAKE public Kaggle dataset; verify terms before submission
data/raw/cifake/archive/train/REAL/2135 (5).jpg,0,cifake,cifar10,train,CIFAKE public Kaggle dataset; verify terms before submission
data/raw/cifake/archive/train/REAL/3062 (7).jpg,0,cifake,cifar10,train,CIFAKE public Kaggle dataset; verify terms before submission
data/raw/cifake/archive/train/REAL/3905 (3).jpg,0,cifake,cifar10,train,CIFAKE public Kaggle dataset; verify terms before submission
data/raw/cifake/archive/train/REAL/0057 (5).jpg,0,cifake,cifar10,train,CIFAKE public Kaggle dataset; verify terms before submission
data/raw/cifake/archive/train/FAKE/4757 (8).jpg,1,cifake,stable_diffusion,train,CIFAKE public Kaggle dataset; verify terms before submission
data/raw/cifake/archive/train/FAKE/5428 (7).jpg,1,cifake,stable_diffusion,train,CIFAKE public Kaggle dataset; verify terms before submission
data/raw/cifake/archive/train/FAKE/3097 (7).jpg,1,cifake,stable_diffusion,train,CIFAKE public Kaggle dataset; verify terms before submission
data/raw/cifake/archive/train/FAKE/1940 (10).jpg,1,cifake,stable_diffusion,train,CIFAKE public Kaggle dataset; verify terms before submission
data/raw/cifake/archive/train/REAL/1106 (4).jpg,0,cifake,cifar10,train,CIFAKE public Kaggle dataset; verify terms before submission
data/raw/cifake/archive/train/FAKE/4627 (5).jpg,1,cifake,stable_diffusion,train,CIFAKE public Kaggle dataset; verify terms before submission
data/raw/cifake/archive/train/REAL/3818 (2).jpg,0,cifake,cifar10,train,CIFAKE public Kaggle dataset; verify terms before submission
data/raw/cifake/archive/train/FAKE/5511.jpg,1,cifake,stable_diffusion,train,CIFAKE public Kaggle dataset; verify terms before submission
data/raw/cifake/archive/train/REAL/0169 (5).jpg,0,cifake,cifar10,train,CIFAKE public Kaggle dataset; verify terms before submission
data/raw/cifake/archive/train/FAKE/3329 (6).jpg,1,cifake,stable_diffusion,train,CIFAKE public Kaggle dataset; verify terms before submission
data/raw/cifake/archive/train/REAL/2297.jpg,0,cifake,cifar10,train,CIFAKE public Kaggle dataset; verify terms before submission
data/raw/cifake/archive/train/REAL/4117 (10).jpg,0,cifake,cifar10,train,CIFAKE public Kaggle dataset; verify terms before submission
data/raw/cifake/archive/train/FAKE/4529 (7).jpg,1,cifake,stable_diffusion,train,CIFAKE public Kaggle dataset; verify terms before submission
data/raw/cifake/archive/train/REAL/1032 (10).jpg,0,cifake,cifar10,train,CIFAKE public Kaggle dataset; verify terms before submission
data/raw/cifake/archive/train/REAL/4710 (5).jpg,0,cifake,cifar10,train,CIFAKE public Kaggle dataset; verify terms before submission
data/raw/cifake/archive/train/REAL/3088 (9).jpg,0,cifake,cifar10,train,CIFAKE public Kaggle dataset; verify terms before submission
data/raw/cifake/archive/train/FAKE/3035 (5).jpg,1,cifake,stable_diffusion,train,CIFAKE public Kaggle dataset; verify terms before submission
data/raw/cifake/archive/train/FAKE/4180 (6).jpg,1,cifake,stable_diffusion,train,CIFAKE public Kaggle dataset; verify terms before submission
data/raw/cifake/archive/train/REAL/2262 (7).jpg,0,cifake,cifar10,train,CIFAKE public Kaggle dataset; verify terms before submission
data/raw/cifake/archive/train/REAL/3035 (7).jpg,0,cifake,cifar10,train,CIFAKE public Kaggle dataset; verify terms before submission
data/raw/cifake/archive/train/REAL/2355 (9).jpg,0,cifake,cifar10,train,CIFAKE public Kaggle dataset; verify terms before submission
data/raw/cifake/archive/train/REAL/1291 (3).jpg,0,cifake,cifar10,train,CIFAKE public Kaggle dataset; verify terms before submission
data/raw/cifake/archive/train/REAL/4507 (6).jpg,0,cifake,cifar10,train,CIFAKE public Kaggle dataset; verify terms before submission
data/raw/cifake/archive/train/REAL/4233 (6).jpg,0,cifake,cifar10,train,CIFAKE public Kaggle dataset; verify terms before submission
data/raw/cifake/archive/train/FAKE/4420 (9).jpg,1,cifake,stable_diffusion,train,CIFAKE public Kaggle dataset; verify terms before submission
data/raw/cifake/archive/train/FAKE/3015 (6).jpg,1,cifake,stable_diffusion,train,CIFAKE public Kaggle dataset; verify terms before submission
data/raw/cifake/archive/train/FAKE/3925 (5).jpg,1,cifake,stable_diffusion,train,CIFAKE public Kaggle dataset; verify terms before submission
data/raw/cifake/archive/train/REAL/3226.jpg,0,cifake,cifar10,train,CIFAKE public Kaggle dataset; verify terms before submission
data/raw/cifake/archive/train/REAL/1650 (7).jpg,0,cifake,cifar10,train,CIFAKE public Kaggle dataset; verify terms before submission
data/raw/cifake/archive/train/REAL/2937 (5).jpg,0,cifake,cifar10,train,CIFAKE public Kaggle dataset; verify terms before submission
data/raw/cifake/archive/train/FAKE/2322 (8).jpg,1,cifake,stable_diffusion,train,CIFAKE public Kaggle dataset; verify terms before submission
data/raw/cifake/archive/train/FAKE/2684.jpg,1,cifake,stable_diffusion,train,CIFAKE public Kaggle dataset; verify terms before submission
data/raw/cifake/archive/train/FAKE/3731.jpg,1,cifake,stable_diffusion,train,CIFAKE public Kaggle dataset; verify terms before submission
data/raw/cifake/archive/train/FAKE/1385 (7).jpg,1,cifake,stable_diffusion,train,CIFAKE public Kaggle dataset; verify terms before submission
data/raw/cifake/archive/train/REAL/1185 (4).jpg,0,cifake,cifar10,train,CIFAKE public Kaggle dataset; verify terms before submission
data/raw/cifake/archive/train/FAKE/5770 (5).jpg,1,cifake,stable_diffusion,train,CIFAKE public Kaggle dataset; verify terms before submission
data/raw/cifake/archive/train/REAL/3428.jpg,0,cifake,cifar10,train,CIFAKE public Kaggle dataset; verify terms before submission
data/raw/cifake/archive/train/FAKE/2465 (10).jpg,1,cifake,stable_diffusion,train,CIFAKE public Kaggle dataset; verify terms before submission
data/raw/cifake/archive/train/FAKE/1924 (6).jpg,1,cifake,stable_diffusion,train,CIFAKE public Kaggle dataset; verify terms before submission
data/raw/cifake/archive/train/FAKE/4200 (6).jpg,1,cifake,stable_diffusion,train,CIFAKE public Kaggle dataset; verify terms before submission
data/raw/cifake/archive/train/FAKE/4194 (6).jpg,1,cifake,stable_diffusion,train,CIFAKE public Kaggle dataset; verify terms before submission
data/raw/cifake/archive/train/FAKE/2415 (2).jpg,1,cifake,stable_diffusion,train,CIFAKE public Kaggle dataset; verify terms before submission
data/raw/cifake/archive/train/REAL/4444 (8).jpg,0,cifake,cifar10,train,CIFAKE public Kaggle dataset; verify terms before submission
data/raw/cifake/archive/train/REAL/2557 (4).jpg,0,cifake,cifar10,train,CIFAKE public Kaggle dataset; verify terms before submission
data/raw/cifake/archive/train/FAKE/1695 (5).jpg,1,cifake,stable_diffusion,train,CIFAKE public Kaggle dataset; verify terms before submission
data/raw/cifake/archive/train/REAL/3794 (6).jpg,0,cifake,cifar10,train,CIFAKE public Kaggle dataset; verify terms before submission
data/raw/cifake/archive/train/FAKE/3766 (3).jpg,1,cifake,stable_diffusion,train,CIFAKE public Kaggle dataset; verify terms before submission
data/raw/cifake/archive/train/REAL/2500 (4).jpg,0,cifake,cifar10,train,CIFAKE public Kaggle dataset; verify terms before submission
data/raw/cifake/archive/train/REAL/3637 (2).jpg,0,cifake,cifar10,train,CIFAKE public Kaggle dataset; verify terms before submission
data/raw/cifake/archive/train/REAL/0784.jpg,0,cifake,cifar10,train,CIFAKE public Kaggle dataset; verify terms before submission
data/raw/cifake/archive/train/REAL/4643 (2).jpg,0,cifake,cifar10,train,CIFAKE public Kaggle dataset; verify terms before submission
data/raw/cifake/archive/train/REAL/2184 (3).jpg,0,cifake,cifar10,train,CIFAKE public Kaggle dataset; verify terms before submission
data/raw/cifake/archive/train/REAL/1890 (8).jpg,0,cifake,cifar10,train,CIFAKE public Kaggle dataset; verify terms before submission
data/raw/cifake/archive/train/FAKE/2801 (3).jpg,1,cifake,stable_diffusion,train,CIFAKE public Kaggle dataset; verify terms before submission
data/raw/cifake/archive/train/FAKE/1346 (10).jpg,1,cifake,stable_diffusion,train,CIFAKE public Kaggle dataset; verify terms before submission
data/raw/cifake/archive/train/REAL/1010 (3).jpg,0,cifake,cifar10,train,CIFAKE public Kaggle dataset; verify terms before submission
data/raw/cifake/archive/train/REAL/4312 (2).jpg,0,cifake,cifar10,train,CIFAKE public Kaggle dataset; verify terms before submission
data/raw/cifake/archive/train/REAL/2439 (7).jpg,0,cifake,cifar10,train,CIFAKE public Kaggle dataset; verify terms before submission
data/raw/cifake/archive/train/REAL/2348 (5).jpg,0,cifake,cifar10,train,CIFAKE public Kaggle dataset; verify terms before submission
data/raw/cifake/archive/train/FAKE/3535 (7).jpg,1,cifake,stable_diffusion,train,CIFAKE public Kaggle dataset; verify terms before submission
data/raw/cifake/archive/train/REAL/0820 (8).jpg,0,cifake,cifar10,train,CIFAKE public Kaggle dataset; verify terms before submission
data/raw/cifake/archive/train/FAKE/2360 (3).jpg,1,cifake,stable_diffusion,train,CIFAKE public Kaggle dataset; verify terms before submission
data/raw/cifake/archive/train/FAKE/1464 (2).jpg,1,cifake,stable_diffusion,train,CIFAKE public Kaggle dataset; verify terms before submission
data/raw/cifake/archive/train/REAL/1981 (6).jpg,0,cifake,cifar10,train,CIFAKE public Kaggle dataset; verify terms before submission
data/raw/cifake/archive/train/FAKE/4117 (8).jpg,1,cifake,stable_diffusion,train,CIFAKE public Kaggle dataset; verify terms before submission
data/raw/cifake/archive/train/FAKE/1281 (5).jpg,1,cifake,stable_diffusion,train,CIFAKE public Kaggle dataset; verify terms before submission
data/raw/cifake/archive/train/FAKE/4798 (4).jpg,1,cifake,stable_diffusion,train,CIFAKE public Kaggle dataset; verify terms before submission
data/raw/cifake/archive/train/REAL/0111 (5).jpg,0,cifake,cifar10,train,CIFAKE public Kaggle dataset; verify terms before submission
data/raw/cifake/archive/train/FAKE/5176 (8).jpg,1,cifake,stable_diffusion,train,CIFAKE public Kaggle dataset; verify terms before submission
data/raw/cifake/archive/train/FAKE/5223 (3).jpg,1,cifake,stable_diffusion,train,CIFAKE public Kaggle dataset; verify terms before submission
data/raw/cifake/archive/train/FAKE/2933 (3).jpg,1,cifake,stable_diffusion,train,CIFAKE public Kaggle dataset; verify terms before submission
data/raw/cifake/archive/train/FAKE/1503.jpg,1,cifake,stable_diffusion,train,CIFAKE public Kaggle dataset; verify terms before submission
data/raw/cifake/archive/train/FAKE/4033 (8).jpg,1,cifake,stable_diffusion,train,CIFAKE public Kaggle dataset; verify terms before submission
data/raw/cifake/archive/train/FAKE/2727.jpg,1,cifake,stable_diffusion,train,CIFAKE public Kaggle dataset; verify terms before submission
data/raw/cifake/archive/train/FAKE/4661 (4).jpg,1,cifake,stable_diffusion,train,CIFAKE public Kaggle dataset; verify terms before submission
data/raw/cifake/archive/train/REAL/1201 (6).jpg,0,cifake,cifar10,train,CIFAKE public Kaggle dataset; verify terms before submission
data/raw/cifake/archive/train/FAKE/5492 (3).jpg,1,cifake,stable_diffusion,train,CIFAKE public Kaggle dataset; verify terms before submission
data/raw/cifake/archive/train/FAKE/1271 (3).jpg,1,cifake,stable_diffusion,train,CIFAKE public Kaggle dataset; verify terms before submission
data/raw/cifake/archive/train/FAKE/4403 (10).jpg,1,cifake,stable_diffusion,train,CIFAKE public Kaggle dataset; verify terms before submission
data/raw/cifake/archive/train/REAL/2896.jpg,0,cifake,cifar10,train,CIFAKE public Kaggle dataset; verify terms before submission
data/raw/cifake/archive/train/REAL/1032 (3).jpg,0,cifake,cifar10,train,CIFAKE public Kaggle dataset; verify terms before submission
data/raw/cifake/archive/train/REAL/3853 (5).jpg,0,cifake,cifar10,train,CIFAKE public Kaggle dataset; verify terms before submission
data/raw/cifake/archive/train/REAL/2141 (3).jpg,0,cifake,cifar10,train,CIFAKE public Kaggle dataset; verify terms before submission
data/raw/cifake/archive/train/REAL/4920 (3).jpg,0,cifake,cifar10,train,CIFAKE public Kaggle dataset; verify terms before submission
data/raw/cifake/archive/train/FAKE/4710 (8).jpg,1,cifake,stable_diffusion,train,CIFAKE public Kaggle dataset; verify terms before submission
data/raw/cifake/archive/train/REAL/2844 (9).jpg,0,cifake,cifar10,train,CIFAKE public Kaggle dataset; verify terms before submission
data/raw/cifake/archive/train/FAKE/5603 (2).jpg,1,cifake,stable_diffusion,train,CIFAKE public Kaggle dataset; verify terms before submission
data/raw/cifake/archive/train/FAKE/3810.jpg,1,cifake,stable_diffusion,train,CIFAKE public Kaggle dataset; verify terms before submission
data/raw/cifake/archive/train/REAL/2159 (7).jpg,0,cifake,cifar10,train,CIFAKE public Kaggle dataset; verify terms before submission
data/raw/cifake/archive/train/FAKE/2019 (6).jpg,1,cifake,stable_diffusion,train,CIFAKE public Kaggle dataset; verify terms before submission
data/raw/cifake/archive/train/FAKE/3571 (4).jpg,1,cifake,stable_diffusion,train,CIFAKE public Kaggle dataset; verify terms before submission
data/raw/cifake/archive/train/REAL/2617.jpg,0,cifake,cifar10,train,CIFAKE public Kaggle dataset; verify terms before submission
data/raw/cifake/archive/train/REAL/4949 (4).jpg,0,cifake,cifar10,train,CIFAKE public Kaggle dataset; verify terms before submission
data/raw/cifake/archive/train/REAL/2364 (6).jpg,0,cifake,cifar10,train,CIFAKE public Kaggle dataset; verify terms before submission
data/raw/cifake/archive/train/REAL/3191 (10).jpg,0,cifake,cifar10,train,CIFAKE public Kaggle dataset; verify terms before submission
data/raw/cifake/archive/train/FAKE/1452 (8).jpg,1,cifake,stable_diffusion,train,CIFAKE public Kaggle dataset; verify terms before submission
data/raw/cifake/archive/train/FAKE/1028 (7).jpg,1,cifake,stable_diffusion,train,CIFAKE public Kaggle dataset; verify terms before submission
data/raw/cifake/archive/train/FAKE/1542 (10).jpg,1,cifake,stable_diffusion,train,CIFAKE public Kaggle dataset; verify terms before submission
data/raw/cifake/archive/train/FAKE/5842 (7).jpg,1,cifake,stable_diffusion,train,CIFAKE public Kaggle dataset; verify terms before submission
data/raw/cifake/archive/train/REAL/0239 (7).jpg,0,cifake,cifar10,train,CIFAKE public Kaggle dataset; verify terms before submission
data/raw/cifake/archive/train/FAKE/1107.jpg,1,cifake,stable_diffusion,train,CIFAKE public Kaggle dataset; verify terms before submission
data/raw/cifake/archive/train/FAKE/1973 (2).jpg,1,cifake,stable_diffusion,train,CIFAKE public Kaggle dataset; verify terms before submission
data/raw/cifake/archive/train/FAKE/5184 (9).jpg,1,cifake,stable_diffusion,train,CIFAKE public Kaggle dataset; verify terms before submission
data/raw/cifake/archive/train/FAKE/5524 (9).jpg,1,cifake,stable_diffusion,train,CIFAKE public Kaggle dataset; verify terms before submission
data/raw/cifake/archive/train/REAL/4301 (5).jpg,0,cifake,cifar10,train,CIFAKE public Kaggle dataset; verify terms before submission
data/raw/cifake/archive/train/FAKE/4655 (2).jpg,1,cifake,stable_diffusion,train,CIFAKE public Kaggle dataset; verify terms before submission
data/raw/cifake/archive/train/FAKE/3516 (8).jpg,1,cifake,stable_diffusion,train,CIFAKE public Kaggle dataset; verify terms before submission
data/raw/cifake/archive/train/REAL/4241 (8).jpg,0,cifake,cifar10,train,CIFAKE public Kaggle dataset; verify terms before submission
data/raw/cifake/archive/train/REAL/2396 (2).jpg,0,cifake,cifar10,train,CIFAKE public Kaggle dataset; verify terms before submission
data/raw/cifake/archive/train/REAL/4432 (4).jpg,0,cifake,cifar10,train,CIFAKE public Kaggle dataset; verify terms before submission
data/raw/cifake/archive/train/FAKE/5182 (5).jpg,1,cifake,stable_diffusion,train,CIFAKE public Kaggle dataset; verify terms before submission
data/raw/cifake/archive/train/FAKE/1054 (9).jpg,1,cifake,stable_diffusion,train,CIFAKE public Kaggle dataset; verify terms before submission
data/raw/cifake/archive/train/FAKE/3054 (5).jpg,1,cifake,stable_diffusion,train,CIFAKE public Kaggle dataset; verify terms before submission
data/raw/cifake/archive/train/REAL/1480 (2).jpg,0,cifake,cifar10,train,CIFAKE public Kaggle dataset; verify terms before submission
data/raw/cifake/archive/train/REAL/1619 (4).jpg,0,cifake,cifar10,train,CIFAKE public Kaggle dataset; verify terms before submission
data/raw/cifake/archive/train/REAL/1247 (6).jpg,0,cifake,cifar10,train,CIFAKE public Kaggle dataset; verify terms before submission
data/raw/cifake/archive/train/FAKE/1255 (7).jpg,1,cifake,stable_diffusion,train,CIFAKE public Kaggle dataset; verify terms before submission
data/raw/cifake/archive/train/FAKE/5990 (9).jpg,1,cifake,stable_diffusion,train,CIFAKE public Kaggle dataset; verify terms before submission
data/raw/cifake/archive/train/REAL/4052 (6).jpg,0,cifake,cifar10,train,CIFAKE public Kaggle dataset; verify terms before submission
data/raw/cifake/archive/train/REAL/3012 (2).jpg,0,cifake,cifar10,train,CIFAKE public Kaggle dataset; verify terms before submission
data/raw/cifake/archive/train/FAKE/2882 (6).jpg,1,cifake,stable_diffusion,train,CIFAKE public Kaggle dataset; verify terms before submission
data/raw/cifake/archive/train/REAL/1752 (7).jpg,0,cifake,cifar10,train,CIFAKE public Kaggle dataset; verify terms before submission
data/raw/cifake/archive/train/FAKE/3034 (9).jpg,1,cifake,stable_diffusion,train,CIFAKE public Kaggle dataset; verify terms before submission
data/raw/cifake/archive/train/REAL/0712 (9).jpg,0,cifake,cifar10,train,CIFAKE public Kaggle dataset; verify terms before submission
data/raw/cifake/archive/train/REAL/0147 (5).jpg,0,cifake,cifar10,train,CIFAKE public Kaggle dataset; verify terms before submission
data/raw/cifake/archive/train/FAKE/5485 (10).jpg,1,cifake,stable_diffusion,train,CIFAKE public Kaggle dataset; verify terms before submission
data/raw/cifake/archive/train/REAL/0742 (5).jpg,0,cifake,cifar10,train,CIFAKE public Kaggle dataset; verify terms before submission
data/raw/cifake/archive/train/FAKE/3805 (3).jpg,1,cifake,stable_diffusion,train,CIFAKE public Kaggle dataset; verify terms before submission
data/raw/cifake/archive/train/REAL/2506 (9).jpg,0,cifake,cifar10,train,CIFAKE public Kaggle dataset; verify terms before submission
data/raw/cifake/archive/train/FAKE/1086 (9).jpg,1,cifake,stable_diffusion,train,CIFAKE public Kaggle dataset; verify terms before submission
data/raw/cifake/archive/train/REAL/4646 (5).jpg,0,cifake,cifar10,train,CIFAKE public Kaggle dataset; verify terms before submission
data/raw/cifake/archive/train/REAL/1360 (4).jpg,0,cifake,cifar10,train,CIFAKE public Kaggle dataset; verify terms before submission
data/raw/cifake/archive/train/FAKE/2945 (4).jpg,1,cifake,stable_diffusion,train,CIFAKE public Kaggle dataset; verify terms before submission
data/raw/cifake/archive/train/REAL/3588 (6).jpg,0,cifake,cifar10,train,CIFAKE public Kaggle dataset; verify terms before submission
data/raw/cifake/archive/train/FAKE/2473 (8).jpg,1,cifake,stable_diffusion,train,CIFAKE public Kaggle dataset; verify terms before submission
data/raw/cifake/archive/train/FAKE/2795 (4).jpg,1,cifake,stable_diffusion,train,CIFAKE public Kaggle dataset; verify terms before submission
data/raw/cifake/archive/train/REAL/3662 (4).jpg,0,cifake,cifar10,train,CIFAKE public Kaggle dataset; verify terms before submission
data/raw/cifake/archive/train/FAKE/1398 (8).jpg,1,cifake,stable_diffusion,train,CIFAKE public Kaggle dataset; verify terms before submission
data/raw/cifake/archive/train/REAL/2630 (7).jpg,0,cifake,cifar10,train,CIFAKE public Kaggle dataset; verify terms before submission
data/raw/cifake/archive/train/FAKE/2317 (4).jpg,1,cifake,stable_diffusion,train,CIFAKE public Kaggle dataset; verify terms before submission
data/raw/cifake/archive/train/FAKE/1135 (5).jpg,1,cifake,stable_diffusion,train,CIFAKE public Kaggle dataset; verify terms before submission
data/raw/cifake/archive/train/REAL/3393 (4).jpg,0,cifake,cifar10,train,CIFAKE public Kaggle dataset; verify terms before submission
data/raw/cifake/archive/train/FAKE/4462 (8).jpg,1,cifake,stable_diffusion,train,CIFAKE public Kaggle dataset; verify terms before submission
data/raw/cifake/archive/train/REAL/0622 (3).jpg,0,cifake,cifar10,train,CIFAKE public Kaggle dataset; verify terms before submission
data/raw/cifake/archive/train/FAKE/1963 (8).jpg,1,cifake,stable_diffusion,train,CIFAKE public Kaggle dataset; verify terms before submission
data/raw/cifake/archive/train/FAKE/3930 (8).jpg,1,cifake,stable_diffusion,train,CIFAKE public Kaggle dataset; verify terms before submission
data/raw/cifake/archive/train/FAKE/2058 (4).jpg,1,cifake,stable_diffusion,train,CIFAKE public Kaggle dataset; verify terms before submission
data/raw/cifake/archive/train/FAKE/2545 (2).jpg,1,cifake,stable_diffusion,train,CIFAKE public Kaggle dataset; verify terms before submission
data/raw/cifake/archive/train/FAKE/5933 (5).jpg,1,cifake,stable_diffusion,train,CIFAKE public Kaggle dataset; verify terms before submission
data/raw/cifake/archive/train/REAL/0735 (4).jpg,0,cifake,cifar10,train,CIFAKE public Kaggle dataset; verify terms before submission
data/raw/cifake/archive/train/FAKE/2701 (4).jpg,1,cifake,stable_diffusion,train,CIFAKE public Kaggle dataset; verify terms before submission
data/raw/cifake/archive/train/FAKE/4271 (10).jpg,1,cifake,stable_diffusion,train,CIFAKE public Kaggle dataset; verify terms before submission
