image_path,label,source_dataset,generator,split,license_notes
data/raw/wildfake/Images/Diffusion_based/DDIM/imgs_bedroom/a49dfb3a36c352806af328c5678f05a9.png,1,wildfake,DDIM,train,"WildFake official ModelScope release; official train metadata only; COCO, DALL-E, and Advanced rows excluded"
data/raw/wildfake/Images/Diffusion_based/DDIM/imgs_bedroom/f9397485229e2341c3328da2f3979a8e.png,1,wildfake,DDIM,train,"WildFake official ModelScope release; official train metadata only; COCO, DALL-E, and Advanced rows excluded"
data/raw/wildfake/Images/Diffusion_based/DDIM/imgs_bedroom/1eee0530b84957bc706e2212388946ef.png,1,wildfake,DDIM,train,"WildFake official ModelScope release; official train metadata only; COCO, DALL-E, and Advanced rows excluded"
data/raw/wildfake/Images/Diffusion_based/DDIM/imgs_bedroom/4d5649113ceed33f161a6e05ea60394c.png,1,wildfake,DDIM,train,"WildFake official ModelScope release; official train metadata only; COCO, DALL-E, and Advanced rows excluded"
data/raw/wildfake/Images/Real/afhq/afhq_v2/train/cat/img020626.jpg,0,wildfake,afhq,train,"WildFake official ModelScope release; official train metadata only; COCO, DALL-E, and Advanced rows excluded"
data/raw/wildfake/Images/Real/afhq/afhq_v2/train/dog/img026114.jpg,0,wildfake,afhq,train,"WildFake official ModelScope release; official train metadata only; COCO, DALL-E, and Advanced rows excluded"
data/raw/wildfake/Images/Diffusion_based/DDIM/imgs_CC9K/782c49ed7f9532812cae3d339c3f7a1c.png,1,wildfake,DDIM,train,"WildFake official ModelScope release; official train metadata only; COCO, DALL-E, and Advanced rows excluded"
data/raw/wildfake/Images/Diffusion_based/DDIM/imgs_bedroom/9a61c0b90df63b78b41176f8cac479dd.png,1,wildfake,DDIM,train,"WildFake official ModelScope release; official train metadata only; COCO, DALL-E, and Advanced rows excluded"
data/raw/wildfake/Images/Diffusion_based/DDIM/imgs_bedroom/b814e4ed76694016799b3dd4860de7ca.png,1,wildfake,DDIM,train,"WildFake official ModelScope release; official train metadata only; COCO, DALL-E, and Advanced rows excluded"
data/raw/wildfake/Images/Diffusion_based/DDIM/imgs_CC9K/5f5bfbe69396895814d73399e4f0cc31.png,1,wildfake,DDIM,train,"WildFake official ModelScope release; official train metadata only; COCO, DALL-E, and Advanced rows excluded"
data/raw/wildfake/Images/Real/afhq/afhq/train/dog/img009848.jpg,0,wildfake,afhq,train,"WildFake official ModelScope release; official train metadata only; COCO, DALL-E, and Advanced rows excluded"
data/raw/wildfake/Images/Real/afhq/afhq/train/dog/img006108.jpg,0,wildfake,afhq,train,"WildFake official ModelScope release; official train metadata only; COCO, DALL-E, and Advanced rows excluded"
data/raw/wildfake/Images/Diffusion_based/DDIM/imgs_bedroom/efeb06d6d898b0aec7cecce2474a3400.png,1,wildfake,DDIM,train,"WildFake official ModelScope release; official train metadata only; COCO, DALL-E, and Advanced rows excluded"
data/raw/wildfake/Images/Diffusion_based/DDIM/imgs_bedroom/24bdb11ee228431eb66bcd38f348b198.png,1,wildfake,DDIM,train,"WildFake official ModelScope release; official train metadata only; COCO, DALL-E, and Advanced rows excluded"
data/raw/wildfake/Images/Real/afhq/afhq/val/dog/img015331.jpg,0,wildfake,afhq,train,"WildFake official ModelScope release; official train metadata only; COCO, DALL-E, and Advanced rows excluded"
data/raw/wildfake/Images/Diffusion_based/DDIM/imgs_bedroom/382e1793e3f1e82b5023d77c22818225.png,1,wildfake,DDIM,train,"WildFake official ModelScope release; official train metadata only; COCO, DALL-E, and Advanced rows excluded"
data/raw/wildfake/Images/Real/afhq/afhq/train/wild/img012164.jpg,0,wildfake,afhq,train,"WildFake official ModelScope release; official train metadata only; COCO, DALL-E, and Advanced rows excluded"
data/raw/wildfake/Images/Diffusion_based/DDIM/imgs_bedroom/9bee6e4e6bd583e5e034837e8a5efc6b.png,1,wildfake,DDIM,train,"WildFake official ModelScope release; official train metadata only; COCO, DALL-E, and Advanced rows excluded"
data/raw/wildfake/Images/Diffusion_based/DDIM/imgs_bedroom/cdcfd066ad2fe71bc505b967e4b41ba1.png,1,wildfake,DDIM,train,"WildFake official ModelScope release; official train metadata only; COCO, DALL-E, and Advanced rows excluded"
data/raw/wildfake/Images/Real/afhq/afhq_v2/train/dog/img023687.jpg,0,wildfake,afhq,train,"WildFake official ModelScope release; official train metadata only; COCO, DALL-E, and Advanced rows excluded"
data/raw/wildfake/Images/Real/afhq/afhq_v2/train/wild/img027469.jpg,0,wildfake,afhq,train,"WildFake official ModelScope release; official train metadata only; COCO, DALL-E, and Advanced rows excluded"
data/raw/wildfake/Images/Diffusion_based/DDIM/imgs_bedroom/129309631c136fb4d84628a8460eb7c0.png,1,wildfake,DDIM,train,"WildFake official ModelScope release; official train metadata only; COCO, DALL-E, and Advanced rows excluded"
data/raw/wildfake/Images/Diffusion_based/DDIM/imgs_bedroom/9cfef1eb17410587e3aa8e60c6a0af60.png,1,wildfake,DDIM,train,"WildFake official ModelScope release; official train metadata only; COCO, DALL-E, and Advanced rows excluded"
data/raw/wildfake/Images/Diffusion_based/DDIM/imgs_bedroom/9717e7580616efd1cbd230abfb971561.png,1,wildfake,DDIM,train,"WildFake official ModelScope release; official train metadata only; COCO, DALL-E, and Advanced rows excluded"
data/raw/wildfake/Images/Diffusion_based/DDIM/imgs_bedroom/b06d18d4e4280f24b4d26b5b200e6006.png,1,wildfake,DDIM,train,"WildFake official ModelScope release; official train metadata only; COCO, DALL-E, and Advanced rows excluded"
data/raw/wildfake/Images/Diffusion_based/DDIM/imgs_bedroom/4c39dfb827efac02e40d8e182456576f.png,1,wildfake,DDIM,train,"WildFake official ModelScope release; official train metadata only; COCO, DALL-E, and Advanced rows excluded"
data/raw/wildfake/Images/Diffusion_based/DDIM/imgs_CC9K/858c99fa65caa0253bad3356ab63c925.png,1,wildfake,DDIM,train,"WildFake official ModelScope release; official train metadata only; COCO, DALL-E, and Advanced rows excluded"
data/raw/wildfake/Images/Real/afhq/afhq/train/dog/img005667.jpg,0,wildfake,afhq,train,"WildFake official ModelScope release; official train metadata only; COCO, DALL-E, and Advanced rows excluded"
data/raw/wildfake/Images/Real/afhq/afhq/train/wild/img011328.jpg,0,wildfake,afhq,train,"WildFake official ModelScope release; official train metadata only; COCO, DALL-E, and Advanced rows excluded"
data/raw/wildfake/Images/Real/afhq/afhq/train/cat/img001428.jpg,0,wildfake,afhq,train,"WildFake official ModelScope release; official train metadata only; COCO, DALL-E, and Advanced rows excluded"
data/raw/wildfake/Images/Diffusion_based/DDIM/imgs_CC9K/07f58a3826b2730c2264a52a2a5422f8.png,1,wildfake,DDIM,train,"WildFake official ModelScope release; official train metadata only; COCO, DALL-E, and Advanced rows excluded"
data/raw/wildfake/Images/Diffusion_based/DDIM/imgs_CC9K/38d9206969f956b186e0634d61c5fb56.png,1,wildfake,DDIM,train,"WildFake official ModelScope release; official train metadata only; COCO, DALL-E, and Advanced rows excluded"
data/raw/wildfake/Images/Diffusion_based/DDIM/imgs_bedroom/a612b09cc5dee02ba8383cffe700cd8a.png,1,wildfake,DDIM,train,"WildFake official ModelScope release; official train metadata only; COCO, DALL-E, and Advanced rows excluded"
data/raw/wildfake/Images/Real/afhq/afhq/train/dog/img009404.jpg,0,wildfake,afhq,train,"WildFake official ModelScope release; official train metadata only; COCO, DALL-E, and Advanced rows excluded"
data/raw/wildfake/Images/Real/afhq/afhq/train/cat/img002281.jpg,0,wildfake,afhq,train,"WildFake official ModelScope release; official train metadata only; COCO, DALL-E, and Advanced rows excluded"
data/raw/wildfake/Images/Diffusion_based/DDIM/imgs_bedroom/ab7fdb187aed6924246859dcf54db166.png,1,wildfake,DDIM,train,"WildFake official ModelScope release; official train metadata only; COCO, DALL-E, and Advanced rows excluded"
data/raw/wildfake/Images/Diffusion_based/DDIM/imgs_CC9K/bcfcb03156695437b6cef7c29bb8998b.png,1,wildfake,DDIM,train,"WildFake official ModelScope release; official train metadata only; COCO, DALL-E, and Advanced rows excluded"
data/raw/wildfake/Images/Real/afhq/afhq_v2/train/wild/img029442.jpg,0,wildfake,afhq,train,"WildFake official ModelScope release; official train metadata only; COCO, DALL-E, and Advanced rows excluded"
data/raw/wildfake/Images/Diffusion_based/DDIM/imgs_CC9K/d7363b63a708e41a4090ed30e4f38365.png,1,wildfake,DDIM,train,"WildFake official ModelScope release; official train metadata only; COCO, DALL-E, and Advanced rows excluded"
data/raw/wildfake/Images/Real/afhq/afhq/train/dog/img007807.jpg,0,wildfake,afhq,train,"WildFake official ModelScope release; official train metadata only; COCO, DALL-E, and Advanced rows excluded"
data/raw/wildfake/Images/Real/afhq/afhq_v2/train/dog/img023142.jpg,0,wildfake,afhq,train,"WildFake official ModelScope release; official train metadata only; COCO, DALL-E, and Advanced rows excluded"
data/raw/wildfake/Images/Diffusion_based/DDIM/imgs_bedroom/c25208b63b7c2bdb8f5b0d450caf1d91.png,1,wildfake,DDIM,train,"WildFake official ModelScope release; official train metadata only; COCO, DALL-E, and Advanced rows excluded"
data/raw/wildfake/Images/Diffusion_based/DDIM/imgs_bedroom/145d5f332729fdfee14dd4b158ff6fdb.png,1,wildfake,DDIM,train,"WildFake official ModelScope release; official train metadata only; COCO, DALL-E, and Advanced rows excluded"
data/raw/wildfake/Images/Diffusion_based/DDIM/imgs_bedroom/ae02c3cc7e85cbacd925802d4cd4a623.png,1,wildfake,DDIM,train,"WildFake official ModelScope release; official train metadata only; COCO, DALL-E, and Advanced rows excluded"
data/raw/wildfake/Images/Real/afhq/afhq/train/dog/img007504.jpg,0,wildfake,afhq,train,"WildFake official ModelScope release; official train metadata only; COCO, DALL-E, and Advanced rows excluded"
data/raw/wildfake/Images/Diffusion_based/DDIM/imgs_bedroom/53666f5117e42da42e846d334b07d929.png,1,wildfake,DDIM,train,"WildFake official ModelScope release; official train metadata only; COCO, DALL-E, and Advanced rows excluded"
data/raw/wildfake/Images/Diffusion_based/DDIM/imgs_CC9K/6e4b9e4ea572e16abaa3ffa575d15f53.png,1,wildfake,DDIM,train,"WildFake official ModelScope release; official train metadata only; COCO, DALL-E, and Advanced rows excluded"
data/raw/wildfake/Images/Real/afhq/afhq/train/dog/img006328.jpg,0,wildfake,afhq,train,"WildFake official ModelScope release; official train metadata only; COCO, DALL-E, and Advanced rows excluded"
data/raw/wildfake/Images/Real/afhq/afhq_v2/test/wild/img017404.jpg,0,wildfake,afhq,train,"WildFake official ModelScope release; official train metadata only; COCO, DALL-E, and Advanced rows excluded"
data/raw/wildfake/Images/Diffusion_based/DDIM/imgs_CC9K/53bbcdb89aa20629326e1c11803d3dcb.png,1,wildfake,DDIM,train,"WildFake official ModelScope release; official train metadata only; COCO, DALL-E, and Advanced rows excluded"
data/raw/wildfake/Images/Diffusion_based/DDIM/imgs_bedroom/3706a5e948a7b0296188bcee6c1f6c7d.png,1,wildfake,DDIM,train,"WildFake official ModelScope release; official train metadata only; COCO, DALL-E, and Advanced rows excluded"
data/raw/wildfake/Images/Real/afhq/afhq_v2/train/dog/img024588.jpg,0,wildfake,afhq,train,"WildFake official ModelScope release; official train metadata only; COCO, DALL-E, and Advanced rows excluded"
data/raw/wildfake/Images/Diffusion_based/DDIM/imgs_bedroom/befc45f3785f8cd42453ed8f2347d805.png,1,wildfake,DDIM,train,"WildFake official ModelScope release; official train metadata only; COCO, DALL-E, and Advanced rows excluded"
data/raw/wildfake/Images/Real/afhq/afhq_v2/train/cat/img021401.jpg,0,wildfake,afhq,train,"WildFake official ModelScope release; official train metadata only; COCO, DALL-E, and Advanced rows excluded"
data/raw/wildfake/Images/Real/afhq/afhq/train/cat/img002776.jpg,0,wildfake,afhq,train,"WildFake official ModelScope release; official train metadata only; COCO, DALL-E, and Advanced rows excluded"
data/raw/wildfake/Images/Real/afhq/afhq/train/wild/img012287.jpg,0,wildfake,afhq,train,"WildFake official ModelScope release; official train metadata only; COCO, DALL-E, and Advanced rows excluded"
data/raw/wildfake/Images/Diffusion_based/DDIM/imgs_bedroom/385ef50851abaa164ab49ab4896edcd7.png,1,wildfake,DDIM,train,"WildFake official ModelScope release; official train metadata only; COCO, DALL-E, and Advanced rows excluded"
data/raw/wildfake/Images/Real/afhq/afhq_v2/train/cat/img019049.jpg,0,wildfake,afhq,train,"WildFake official ModelScope release; official train metadata only; COCO, DALL-E, and Advanced rows excluded"
data/raw/wildfake/Images/Real/afhq/afhq/train/wild/img014084.jpg,0,wildfake,afhq,train,"WildFake official ModelScope release; official train metadata only; COCO, DALL-E, and Advanced rows excluded"
data/raw/wildfake/Images/Real/afhq/afhq_v2/train/cat/img020549.jpg,0,wildfake,afhq,train,"WildFake official ModelScope release; official train metadata only; COCO, DALL-E, and Advanced rows excluded"
data/raw/wildfake/Images/Real/afhq/afhq_v2/train/cat/img021556.jpg,0,wildfake,afhq,train,"WildFake official ModelScope release; official train metadata only; COCO, DALL-E, and Advanced rows excluded"
data/raw/wildfake/Images/Real/afhq/afhq_v2/train/cat/img019026.jpg,0,wildfake,afhq,train,"WildFake official ModelScope release; official train metadata only; COCO, DALL-E, and Advanced rows excluded"
data/raw/wildfake/Images/Diffusion_based/DDIM/imgs_bedroom/6f06334e4419613a16b5beb8957c5975.png,1,wildfake,DDIM,train,"WildFake official ModelScope release; official train metadata only; COCO, DALL-E, and Advanced rows excluded"
data/raw/wildfake/Images/Real/afhq/afhq_v2/train/dog/img027108.jpg,0,wildfake,afhq,train,"WildFake official ModelScope release; official train metadata only; COCO, DALL-E, and Advanced rows excluded"
data/raw/wildfake/Images/Diffusion_based/DDIM/imgs_bedroom/0d19e746822efbb65c46190e03651eae.png,1,wildfake,DDIM,train,"WildFake official ModelScope release; official train metadata only; COCO, DALL-E, and Advanced rows excluded"
data/raw/wildfake/Images/Real/afhq/afhq/train/wild/img011356.jpg,0,wildfake,afhq,train,"WildFake official ModelScope release; official train metadata only; COCO, DALL-E, and Advanced rows excluded"
data/raw/wildfake/Images/Real/afhq/afhq/train/cat/img003536.jpg,0,wildfake,afhq,train,"WildFake official ModelScope release; official train metadata only; COCO, DALL-E, and Advanced rows excluded"
data/raw/wildfake/Images/Diffusion_based/DDIM/imgs_bedroom/b89f1260c39bf404a40d4227ad895985.png,1,wildfake,DDIM,train,"WildFake official ModelScope release; official train metadata only; COCO, DALL-E, and Advanced rows excluded"
data/raw/wildfake/Images/Real/afhq/afhq/train/wild/img012167.jpg,0,wildfake,afhq,train,"WildFake official ModelScope release; official train metadata only; COCO, DALL-E, and Advanced rows excluded"
data/raw/wildfake/Images/Real/afhq/afhq_v2/test/dog/img016867.jpg,0,wildfake,afhq,train,"WildFake official ModelScope release; official train metadata only; COCO, DALL-E, and Advanced rows excluded"
data/raw/wildfake/Images/Diffusion_based/DDIM/imgs_bedroom/d1fa521bab1595288ca30d69146b7969.png,1,wildfake,DDIM,train,"WildFake official ModelScope release; official train metadata only; COCO, DALL-E, and Advanced rows excluded"
data/raw/wildfake/Images/Diffusion_based/DDIM/imgs_bedroom/cef59dc6916feee206a9251329bd8b59.png,1,wildfake,DDIM,train,"WildFake official ModelScope release; official train metadata only; COCO, DALL-E, and Advanced rows excluded"
data/raw/wildfake/Images/Real/afhq/afhq/train/wild/img009952.jpg,0,wildfake,afhq,train,"WildFake official ModelScope release; official train metadata only; COCO, DALL-E, and Advanced rows excluded"
data/raw/wildfake/Images/Real/afhq/afhq_v2/train/cat/img022508.jpg,0,wildfake,afhq,train,"WildFake official ModelScope release; official train metadata only; COCO, DALL-E, and Advanced rows excluded"
data/raw/wildfake/Images/Real/afhq/afhq_v2/train/wild/img027797.jpg,0,wildfake,afhq,train,"WildFake official ModelScope release; official train metadata only; COCO, DALL-E, and Advanced rows excluded"
data/raw/wildfake/Images/Real/afhq/afhq_v2/train/cat/img020277.jpg,0,wildfake,afhq,train,"WildFake official ModelScope release; official train metadata only; COCO, DALL-E, and Advanced rows excluded"
data/raw/wildfake/Images/Diffusion_based/DDIM/imgs_bedroom/6946549f33aaf245d114365f98b6895f.png,1,wildfake,DDIM,train,"WildFake official ModelScope release; official train metadata only; COCO, DALL-E, and Advanced rows excluded"
data/raw/wildfake/Images/Real/afhq/afhq/train/cat/img002992.jpg,0,wildfake,afhq,train,"WildFake official ModelScope release; official train metadata only; COCO, DALL-E, and Advanced rows excluded"
data/raw/wildfake/Images/Real/afhq/afhq_v2/train/wild/img028566.jpg,0,wildfake,afhq,train,"WildFake official ModelScope release; official train metadata only; COCO, DALL-E, and Advanced rows excluded"
data/raw/wildfake/Images/Real/afhq/afhq_v2/train/wild/img027427.jpg,0,wildfake,afhq,train,"WildFake official ModelScope release; official train metadata only; COCO, DALL-E, and Advanced rows excluded"
data/raw/wildfake/Images/Diffusion_based/DDIM/imgs_bedroom/b89a26843917094534a52874c5d312cf.png,1,wildfake,DDIM,train,"WildFake official ModelScope release; official train metadata only; COCO, DALL-E, and Advanced rows excluded"
data/raw/wildfake/Images/Real/afhq/afhq/train/wild/img011849.jpg,0,wildfake,afhq,train,"WildFake official ModelScope release; official train metadata only; COCO, DALL-E, and Advanced rows excluded"
data/raw/wildfake/Images/Diffusion_based/DDIM/imgs_CC9K/30ac8bce10a273ae1d757547050ea085.png,1,wildfake,DDIM,train,"WildFake official ModelScope release; official train metadata only; COCO, DALL-E, and Advanced rows excluded"
data/raw/wildfake/Images/Real/afhq/afhq_v2/test/wild/img017518.jpg,0,wildfake,afhq,train,"WildFake official ModelScope release; official train metadata only; COCO, DALL-E, and Advanced rows excluded"
data/raw/wildfake/Images/Real/afhq/afhq/train/wild/img013668.jpg,0,wildfake,afhq,train,"WildFake official ModelScope release; official train metadata only; COCO, DALL-E, and Advanced rows excluded"
data/raw/wildfake/Images/Real/afhq/afhq_v2/train/dog/img027267.jpg,0,wildfake,afhq,train,"WildFake official ModelScope release; official train metadata only; COCO, DALL-E, and Advanced rows excluded"
data/raw/wildfake/Images/Real/afhq/afhq/train/cat/img001459.jpg,0,wildfake,afhq,train,"WildFake official ModelScope release; official train metadata only; COCO, DALL-E, and Advanced rows excluded"
data/raw/wildfake/Images/Diffusion_based/DDIM/imgs_bedroom/7df203266be07c2e174998c20ca613dd.png,1,wildfake,DDIM,train,"WildFake official ModelScope release; official train metadata only; COCO, DALL-E, and Advanced rows excluded"
data/raw/wildfake/Images/Real/afhq/afhq/train/dog/img005489.jpg,0,wildfake,afhq,train,"WildFake official ModelScope release; official train metadata only; COCO, DALL-E, and Advanced rows excluded"
data/raw/wildfake/Images/Diffusion_based/DDIM/imgs_bedroom/338a8c9d3e8a6b3b4224fde5af9af8fe.png,1,wildfake,DDIM,train,"WildFake official ModelScope release; official train metadata only; COCO, DALL-E, and Advanced rows excluded"
data/raw/wildfake/Images/Diffusion_based/DDIM/imgs_bedroom/d8b8511819b36674110246742d0b3017.png,1,wildfake,DDIM,train,"WildFake official ModelScope release; official train metadata only; COCO, DALL-E, and Advanced rows excluded"
data/raw/wildfake/Images/Diffusion_based/DDIM/imgs_CC9K/10125b27fb58ea0035c15881e3921856.png,1,wildfake,DDIM,train,"WildFake official ModelScope release; official train metadata only; COCO, DALL-E, and Advanced rows excluded"
data/raw/wildfake/Images/Diffusion_based/DDIM/imgs_CC9K/57c5ca7d3787f6abce5fff16c957613e.png,1,wildfake,DDIM,train,"WildFake official ModelScope release; official train metadata only; COCO, DALL-E, and Advanced rows excluded"
data/raw/wildfake/Images/Diffusion_based/DDIM/imgs_CC9K/4e577076705a513915741a03ebac99cf.png,1,wildfake,DDIM,train,"WildFake official ModelScope release; official train metadata only; COCO, DALL-E, and Advanced rows excluded"
data/raw/wildfake/Images/Diffusion_based/DDIM/imgs_bedroom/275db17f502a57d1ef40150046827dd5.png,1,wildfake,DDIM,train,"WildFake official ModelScope release; official train metadata only; COCO, DALL-E, and Advanced rows excluded"
data/raw/wildfake/Images/Diffusion_based/DDIM/imgs_bedroom/d60e9a4ba6ca59ffba7e0c4b6bf6db46.png,1,wildfake,DDIM,train,"WildFake official ModelScope release; official train metadata only; COCO, DALL-E, and Advanced rows excluded"
data/raw/wildfake/Images/Real/afhq/afhq_v2/train/cat/img020924.jpg,0,wildfake,afhq,train,"WildFake official ModelScope release; official train metadata only; COCO, DALL-E, and Advanced rows excluded"
data/raw/wildfake/Images/Real/afhq/afhq/train/wild/img012716.jpg,0,wildfake,afhq,train,"WildFake official ModelScope release; official train metadata only; COCO, DALL-E, and Advanced rows excluded"
data/raw/wildfake/Images/Diffusion_based/DDIM/imgs_bedroom/dac5f0a583d09f1e445805fb17eb784f.png,1,wildfake,DDIM,train,"WildFake official ModelScope release; official train metadata only; COCO, DALL-E, and Advanced rows excluded"
data/raw/wildfake/Images/Diffusion_based/DDIM/imgs_CC9K/07c1864ac42a49e203c15c0314950bcb.png,1,wildfake,DDIM,train,"WildFake official ModelScope release; official train metadata only; COCO, DALL-E, and Advanced rows excluded"
data/raw/wildfake/Images/Real/afhq/afhq_v2/train/cat/img018131.jpg,0,wildfake,afhq,train,"WildFake official ModelScope release; official train metadata only; COCO, DALL-E, and Advanced rows excluded"
data/raw/wildfake/Images/Real/afhq/afhq/train/dog/img009076.jpg,0,wildfake,afhq,train,"WildFake official ModelScope release; official train metadata only; COCO, DALL-E, and Advanced rows excluded"
data/raw/wildfake/Images/Diffusion_based/DDIM/imgs_bedroom/94b0239fb6b7288b2d478862d1c578fc.png,1,wildfake,DDIM,train,"WildFake official ModelScope release; official train metadata only; COCO, DALL-E, and Advanced rows excluded"
data/raw/wildfake/Images/Real/afhq/afhq/train/cat/img000608.jpg,0,wildfake,afhq,train,"WildFake official ModelScope release; official train metadata only; COCO, DALL-E, and Advanced rows excluded"
data/raw/wildfake/Images/Real/afhq/afhq_v2/train/dog/img026913.jpg,0,wildfake,afhq,train,"WildFake official ModelScope release; official train metadata only; COCO, DALL-E, and Advanced rows excluded"
data/raw/wildfake/Images/Real/afhq/afhq/train/dog/img005457.jpg,0,wildfake,afhq,train,"WildFake official ModelScope release; official train metadata only; COCO, DALL-E, and Advanced rows excluded"
data/raw/wildfake/Images/Real/afhq/afhq_v2/train/wild/img028662.jpg,0,wildfake,afhq,train,"WildFake official ModelScope release; official train metadata only; COCO, DALL-E, and Advanced rows excluded"
data/raw/wildfake/Images/Diffusion_based/DDIM/imgs_CC9K/997905a7c69c9734ca4cb4add1ef95e2.png,1,wildfake,DDIM,train,"WildFake official ModelScope release; official train metadata only; COCO, DALL-E, and Advanced rows excluded"
data/raw/wildfake/Images/Diffusion_based/DDIM/imgs_bedroom/a4f927ce509c460c864f5e0fae084a1c.png,1,wildfake,DDIM,train,"WildFake official ModelScope release; official train metadata only; COCO, DALL-E, and Advanced rows excluded"
data/raw/wildfake/Images/Real/afhq/afhq/train/cat/img004857.jpg,0,wildfake,afhq,train,"WildFake official ModelScope release; official train metadata only; COCO, DALL-E, and Advanced rows excluded"
data/raw/wildfake/Images/Real/afhq/afhq_v2/train/cat/img018599.jpg,0,wildfake,afhq,train,"WildFake official ModelScope release; official train metadata only; COCO, DALL-E, and Advanced rows excluded"
data/raw/wildfake/Images/Real/afhq/afhq/train/wild/img012273.jpg,0,wildfake,afhq,train,"WildFake official ModelScope release; official train metadata only; COCO, DALL-E, and Advanced rows excluded"
data/raw/wildfake/Images/Real/afhq/afhq_v2/train/dog/img022862.jpg,0,wildfake,afhq,train,"WildFake official ModelScope release; official train metadata only; COCO, DALL-E, and Advanced rows excluded"
data/raw/wildfake/Images/Real/afhq/afhq/train/cat/img004421.jpg,0,wildfake,afhq,train,"WildFake official ModelScope release; official train metadata only; COCO, DALL-E, and Advanced rows excluded"
data/raw/wildfake/Images/Diffusion_based/DDIM/imgs_bedroom/a5e149a8b64546148cdb3d01593fca44.png,1,wildfake,DDIM,train,"WildFake official ModelScope release; official train metadata only; COCO, DALL-E, and Advanced rows excluded"
data/raw/wildfake/Images/Diffusion_based/DDIM/imgs_bedroom/6ea264e42bba3fc6c18cf4a4d11e57fa.png,1,wildfake,DDIM,train,"WildFake official ModelScope release; official train metadata only; COCO, DALL-E, and Advanced rows excluded"
data/raw/wildfake/Images/Diffusion_based/DDIM/imgs_bedroom/2ecccae4f65fc15f56e77383da3d3343.png,1,wildfake,DDIM,train,"WildFake official ModelScope release; official train metadata only; COCO, DALL-E, and Advanced rows excluded"
data/raw/wildfake/Images/Real/afhq/afhq_v2/train/wild/img029852.jpg,0,wildfake,afhq,train,"WildFake official ModelScope release; official train metadata only; COCO, DALL-E, and Advanced rows excluded"
data/raw/wildfake/Images/Diffusion_based/DDIM/imgs_bedroom/c3a68322fc1f75e901b44d403d82607d.png,1,wildfake,DDIM,train,"WildFake official ModelScope release; official train metadata only; COCO, DALL-E, and Advanced rows excluded"
data/raw/wildfake/Images/Real/afhq/afhq/train/wild/img009986.jpg,0,wildfake,afhq,train,"WildFake official ModelScope release; official train metadata only; COCO, DALL-E, and Advanced rows excluded"
data/raw/wildfake/Images/Real/afhq/afhq_v2/train/wild/img031401.jpg,0,wildfake,afhq,train,"WildFake official ModelScope release; official train metadata only; COCO, DALL-E, and Advanced rows excluded"
data/raw/wildfake/Images/Real/afhq/afhq/train/cat/img004808.jpg,0,wildfake,afhq,train,"WildFake official ModelScope release; official train metadata only; COCO, DALL-E, and Advanced rows excluded"
data/raw/wildfake/Images/Real/afhq/afhq_v2/train/cat/img020976.jpg,0,wildfake,afhq,train,"WildFake official ModelScope release; official train metadata only; COCO, DALL-E, and Advanced rows excluded"
data/raw/wildfake/Images/Real/afhq/afhq/train/wild/img012852.jpg,0,wildfake,afhq,train,"WildFake official ModelScope release; official train metadata only; COCO, DALL-E, and Advanced rows excluded"
data/raw/wildfake/Images/Real/afhq/afhq_v2/train/dog/img026458.jpg,0,wildfake,afhq,train,"WildFake official ModelScope release; official train metadata only; COCO, DALL-E, and Advanced rows excluded"
data/raw/wildfake/Images/Diffusion_based/DDIM/imgs_CC9K/ac93fc27acd0563201129a9a010810ff.png,1,wildfake,DDIM,train,"WildFake official ModelScope release; official train metadata only; COCO, DALL-E, and Advanced rows excluded"
data/raw/wildfake/Images/Real/afhq/afhq_v2/train/wild/img030934.jpg,0,wildfake,afhq,train,"WildFake official ModelScope release; official train metadata only; COCO, DALL-E, and Advanced rows excluded"
data/raw/wildfake/Images/Diffusion_based/DDIM/imgs_CC9K/5d06cb16158288a16377bed3a0c6c628.png,1,wildfake,DDIM,train,"WildFake official ModelScope release; official train metadata only; COCO, DALL-E, and Advanced rows excluded"
data/raw/wildfake/Images/Real/afhq/afhq/train/cat/img001337.jpg,0,wildfake,afhq,train,"WildFake official ModelScope release; official train metadata only; COCO, DALL-E, and Advanced rows excluded"
data/raw/wildfake/Images/Diffusion_based/DDIM/imgs_bedroom/e6645db1b0f3fab8996dd0f1a2f6dfcd.png,1,wildfake,DDIM,train,"WildFake official ModelScope release; official train metadata only; COCO, DALL-E, and Advanced rows excluded"
data/raw/wildfake/Images/Diffusion_based/DDIM/imgs_bedroom/37a614f3abcd7e087218e5a2033d64dd.png,1,wildfake,DDIM,train,"WildFake official ModelScope release; official train metadata only; COCO, DALL-E, and Advanced rows excluded"
data/raw/wildfake/Images/Diffusion_based/DDIM/imgs_bedroom/2bee2b9a30b35b2b2ed3ebd6426cc806.png,1,wildfake,DDIM,train,"WildFake official ModelScope release; official train metadata only; COCO, DALL-E, and Advanced rows excluded"
data/raw/wildfake/Images/Real/afhq/afhq/train/cat/img001499.jpg,0,wildfake,afhq,train,"WildFake official ModelScope release; official train metadata only; COCO, DALL-E, and Advanced rows excluded"
data/raw/wildfake/Images/Real/afhq/afhq_v2/train/wild/img027936.jpg,0,wildfake,afhq,train,"WildFake official ModelScope release; official train metadata only; COCO, DALL-E, and Advanced rows excluded"
data/raw/wildfake/Images/Diffusion_based/DDIM/imgs_bedroom/56c73b2107414a264cad826658787969.png,1,wildfake,DDIM,train,"WildFake official ModelScope release; official train metadata only; COCO, DALL-E, and Advanced rows excluded"
data/raw/wildfake/Images/Real/afhq/afhq_v2/train/cat/img022479.jpg,0,wildfake,afhq,train,"WildFake official ModelScope release; official train metadata only; COCO, DALL-E, and Advanced rows excluded"
data/raw/wildfake/Images/Diffusion_based/DDIM/imgs_CC9K/4c676083d5f638d4f6a21e134eea52fd.png,1,wildfake,DDIM,train,"WildFake official ModelScope release; official train metadata only; COCO, DALL-E, and Advanced rows excluded"
data/raw/wildfake/Images/Real/afhq/afhq/train/dog/img006088.jpg,0,wildfake,afhq,train,"WildFake official ModelScope release; official train metadata only; COCO, DALL-E, and Advanced rows excluded"
data/raw/wildfake/Images/Real/afhq/afhq_v2/train/dog/img026417.jpg,0,wildfake,afhq,train,"WildFake official ModelScope release; official train metadata only; COCO, DALL-E, and Advanced rows excluded"
data/raw/wildfake/Images/Real/afhq/afhq_v2/train/wild/img029712.jpg,0,wildfake,afhq,train,"WildFake official ModelScope release; official train metadata only; COCO, DALL-E, and Advanced rows excluded"
data/raw/wildfake/Images/Real/afhq/afhq/train/wild/img012002.jpg,0,wildfake,afhq,train,"WildFake official ModelScope release; official train metadata only; COCO, DALL-E, and Advanced rows excluded"
data/raw/wildfake/Images/Diffusion_based/DDIM/imgs_bedroom/39c934b81236baca12f6ef9f15a82129.png,1,wildfake,DDIM,train,"WildFake official ModelScope release; official train metadata only; COCO, DALL-E, and Advanced rows excluded"
data/raw/wildfake/Images/Real/afhq/afhq_v2/train/cat/img018506.jpg,0,wildfake,afhq,train,"WildFake official ModelScope release; official train metadata only; COCO, DALL-E, and Advanced rows excluded"
data/raw/wildfake/Images/Diffusion_based/DDIM/imgs_CC9K/23b44ccbcb4367bc8ffd81007491ecde.png,1,wildfake,DDIM,train,"WildFake official ModelScope release; official train metadata only; COCO, DALL-E, and Advanced rows excluded"
data/raw/wildfake/Images/Diffusion_based/DDIM/imgs_bedroom/36bf91ae72fe55a4c98f948592770012.png,1,wildfake,DDIM,train,"WildFake official ModelScope release; official train metadata only; COCO, DALL-E, and Advanced rows excluded"
data/raw/wildfake/Images/Diffusion_based/DDIM/imgs_bedroom/4a535957bc90958f0eeab2f9ef5a6d44.png,1,wildfake,DDIM,train,"WildFake official ModelScope release; official train metadata only; COCO, DALL-E, and Advanced rows excluded"
data/raw/wildfake/Images/Real/afhq/afhq/train/cat/img001941.jpg,0,wildfake,afhq,train,"WildFake official ModelScope release; official train metadata only; COCO, DALL-E, and Advanced rows excluded"
data/raw/wildfake/Images/Diffusion_based/DDIM/imgs_bedroom/cffdd1c0f0ba375c7448a82c38f43bc1.png,1,wildfake,DDIM,train,"WildFake official ModelScope release; official train metadata only; COCO, DALL-E, and Advanced rows excluded"
data/raw/wildfake/Images/Diffusion_based/DDIM/imgs_CC9K/854bf3f5aa2d17a6fb515130f54c88ed.png,1,wildfake,DDIM,train,"WildFake official ModelScope release; official train metadata only; COCO, DALL-E, and Advanced rows excluded"
data/raw/wildfake/Images/Real/afhq/afhq/train/wild/img010756.jpg,0,wildfake,afhq,train,"WildFake official ModelScope release; official train metadata only; COCO, DALL-E, and Advanced rows excluded"
data/raw/wildfake/Images/Real/afhq/afhq/train/cat/img000914.jpg,0,wildfake,afhq,train,"WildFake official ModelScope release; official train metadata only; COCO, DALL-E, and Advanced rows excluded"
data/raw/wildfake/Images/Diffusion_based/DDIM/imgs_bedroom/97e95b2462a1cc97fc557de0d6ff0d51.png,1,wildfake,DDIM,train,"WildFake official ModelScope release; official train metadata only; COCO, DALL-E, and Advanced rows excluded"
data/raw/wildfake/Images/Real/afhq/afhq_v2/train/dog/img025637.jpg,0,wildfake,afhq,train,"WildFake official ModelScope release; official train metadata only; COCO, DALL-E, and Advanced rows excluded"
data/raw/wildfake/Images/Diffusion_based/DDIM/imgs_bedroom/e37fa2f9dc17a57d06cde9abb4633588.png,1,wildfake,DDIM,train,"WildFake official ModelScope release; official train metadata only; COCO, DALL-E, and Advanced rows excluded"
data/raw/wildfake/Images/Real/afhq/afhq/train/cat/img003302.jpg,0,wildfake,afhq,train,"WildFake official ModelScope release; official train metadata only; COCO, DALL-E, and Advanced rows excluded"
data/raw/wildfake/Images/Real/afhq/afhq/train/wild/img013719.jpg,0,wildfake,afhq,train,"WildFake official ModelScope release; official train metadata only; COCO, DALL-E, and Advanced rows excluded"
data/raw/wildfake/Images/Diffusion_based/DDIM/imgs_bedroom/b4680f27ccf2d569028842fc28d1bafa.png,1,wildfake,DDIM,train,"WildFake official ModelScope release; official train metadata only; COCO, DALL-E, and Advanced rows excluded"
data/raw/wildfake/Images/Diffusion_based/DDIM/imgs_bedroom/5843ef05932dd1b12844c527358f23d6.png,1,wildfake,DDIM,train,"WildFake official ModelScope release; official train metadata only; COCO, DALL-E, and Advanced rows excluded"
data/raw/wildfake/Images/Real/afhq/afhq/train/dog/img007168.jpg,0,wildfake,afhq,train,"WildFake official ModelScope release; official train metadata only; COCO, DALL-E, and Advanced rows excluded"
data/raw/wildfake/Images/Real/afhq/afhq/train/wild/img010098.jpg,0,wildfake,afhq,train,"WildFake official ModelScope release; official train metadata only; COCO, DALL-E, and Advanced rows excluded"
data/raw/wildfake/Images/Diffusion_based/DDIM/imgs_bedroom/dc03187834b6ca0353707024b7d9659f.png,1,wildfake,DDIM,train,"WildFake official ModelScope release; official train metadata only; COCO, DALL-E, and Advanced rows excluded"
data/raw/wildfake/Images/Diffusion_based/DDIM/imgs_bedroom/0a4944aa42c71a1d1d808520a0cad61f.png,1,wildfake,DDIM,train,"WildFake official ModelScope release; official train metadata only; COCO, DALL-E, and Advanced rows excluded"
data/raw/wildfake/Images/Real/afhq/afhq/train/wild/img010281.jpg,0,wildfake,afhq,train,"WildFake official ModelScope release; official train metadata only; COCO, DALL-E, and Advanced rows excluded"
data/raw/wildfake/Images/Diffusion_based/DDIM/imgs_bedroom/4f42232dd0ef5c921cc79d840523391d.png,1,wildfake,DDIM,train,"WildFake official ModelScope release; official train metadata only; COCO, DALL-E, and Advanced rows excluded"
data/raw/wildfake/Images/Diffusion_based/DDIM/imgs_CC9K/71043e88a884b4c635fc79b4817265dd.png,1,wildfake,DDIM,train,"WildFake official ModelScope release; official train metadata only; COCO, DALL-E, and Advanced rows excluded"
data/raw/wildfake/Images/Real/afhq/afhq/train/dog/img005546.jpg,0,wildfake,afhq,train,"WildFake official ModelScope release; official train metadata only; COCO, DALL-E, and Advanced rows excluded"
data/raw/wildfake/Images/Real/afhq/afhq/train/cat/img001571.jpg,0,wildfake,afhq,train,"WildFake official ModelScope release; official train metadata only; COCO, DALL-E, and Advanced rows excluded"
data/raw/wildfake/Images/Diffusion_based/DDIM/imgs_bedroom/5f7d8e302ff950cf72ea8b666a710549.png,1,wildfake,DDIM,train,"WildFake official ModelScope release; official train metadata only; COCO, DALL-E, and Advanced rows excluded"
data/raw/wildfake/Images/Diffusion_based/DDIM/imgs_bedroom/c73fb3273ecdec9a4a2865c1cddebd2a.png,1,wildfake,DDIM,train,"WildFake official ModelScope release; official train metadata only; COCO, DALL-E, and Advanced rows excluded"
data/raw/wildfake/Images/Diffusion_based/DDIM/imgs_bedroom/2d4936d4808aee9843199088a02cf753.png,1,wildfake,DDIM,train,"WildFake official ModelScope release; official train metadata only; COCO, DALL-E, and Advanced rows excluded"
data/raw/wildfake/Images/Diffusion_based/DDIM/imgs_bedroom/985d33d1847d111604f34099bbdbbbf7.png,1,wildfake,DDIM,train,"WildFake official ModelScope release; official train metadata only; COCO, DALL-E, and Advanced rows excluded"
data/raw/wildfake/Images/Real/afhq/afhq_v2/train/cat/img019316.jpg,0,wildfake,afhq,train,"WildFake official ModelScope release; official train metadata only; COCO, DALL-E, and Advanced rows excluded"
data/raw/wildfake/Images/Real/afhq/afhq/train/cat/img000011.jpg,0,wildfake,afhq,train,"WildFake official ModelScope release; official train metadata only; COCO, DALL-E, and Advanced rows excluded"
data/raw/wildfake/Images/Real/afhq/afhq_v2/train/wild/img027722.jpg,0,wildfake,afhq,train,"WildFake official ModelScope release; official train metadata only; COCO, DALL-E, and Advanced rows excluded"
data/raw/wildfake/Images/Real/afhq/afhq/train/wild/img012656.jpg,0,wildfake,afhq,train,"WildFake official ModelScope release; official train metadata only; COCO, DALL-E, and Advanced rows excluded"
data/raw/wildfake/Images/Real/afhq/afhq_v2/train/dog/img025332.jpg,0,wildfake,afhq,train,"WildFake official ModelScope release; official train metadata only; COCO, DALL-E, and Advanced rows excluded"
data/raw/wildfake/Images/Real/afhq/afhq_v2/train/wild/img030441.jpg,0,wildfake,afhq,train,"WildFake official ModelScope release; official train metadata only; COCO, DALL-E, and Advanced rows excluded"
data/raw/wildfake/Images/Real/afhq/afhq/train/dog/img006872.jpg,0,wildfake,afhq,train,"WildFake official ModelScope release; official train metadata only; COCO, DALL-E, and Advanced rows excluded"
data/raw/wildfake/Images/Real/afhq/afhq_v2/train/wild/img030108.jpg,0,wildfake,afhq,train,"WildFake official ModelScope release; official train metadata only; COCO, DALL-E, and Advanced rows excluded"
data/raw/wildfake/Images/Real/afhq/afhq/train/dog/img008026.jpg,0,wildfake,afhq,train,"WildFake official ModelScope release; official train metadata only; COCO, DALL-E, and Advanced rows excluded"
data/raw/wildfake/Images/Real/afhq/afhq/train/dog/img007632.jpg,0,wildfake,afhq,train,"WildFake official ModelScope release; official train metadata only; COCO, DALL-E, and Advanced rows excluded"
data/raw/wildfake/Images/Diffusion_based/DDIM/imgs_bedroom/fe4115a4bbba41fa108e9a678b01b725.png,1,wildfake,DDIM,train,"WildFake official ModelScope release; official train metadata only; COCO, DALL-E, and Advanced rows excluded"
data/raw/wildfake/Images/Real/afhq/afhq/train/dog/img005377.jpg,0,wildfake,afhq,train,"WildFake official ModelScope release; official train metadata only; COCO, DALL-E, and Advanced rows excluded"
data/raw/wildfake/Images/Diffusion_based/DDIM/imgs_bedroom/911f22afaab3233ab2abf1dbf1a65c38.png,1,wildfake,DDIM,train,"WildFake official ModelScope release; official train metadata only; COCO, DALL-E, and Advanced rows excluded"
data/raw/wildfake/Images/Real/afhq/afhq/train/cat/img001968.jpg,0,wildfake,afhq,train,"WildFake official ModelScope release; official train metadata only; COCO, DALL-E, and Advanced rows excluded"
data/raw/wildfake/Images/Diffusion_based/DDIM/imgs_bedroom/cf6d84e7d50e799d8ea986d259ff75ad.png,1,wildfake,DDIM,train,"WildFake official ModelScope release; official train metadata only; COCO, DALL-E, and Advanced rows excluded"
data/raw/wildfake/Images/Diffusion_based/DDIM/imgs_bedroom/7f490b52270f24ab625e62f9c6201ca0.png,1,wildfake,DDIM,train,"WildFake official ModelScope release; official train metadata only; COCO, DALL-E, and Advanced rows excluded"
data/raw/wildfake/Images/Diffusion_based/DDIM/imgs_CC9K/2019f5ddea9e4f53da5fabd158f4f786.png,1,wildfake,DDIM,train,"WildFake official ModelScope release; official train metadata only; COCO, DALL-E, and Advanced rows excluded"
data/raw/wildfake/Images/Diffusion_based/DDIM/imgs_bedroom/890f289c44f880d7fdfcd8b800258928.png,1,wildfake,DDIM,train,"WildFake official ModelScope release; official train metadata only; COCO, DALL-E, and Advanced rows excluded"
data/raw/wildfake/Images/Diffusion_based/DDIM/imgs_CC9K/371b42506cfc00705108db0539f50106.png,1,wildfake,DDIM,train,"WildFake official ModelScope release; official train metadata only; COCO, DALL-E, and Advanced rows excluded"
data/raw/wildfake/Images/Real/afhq/afhq_v2/train/cat/img020726.jpg,0,wildfake,afhq,train,"WildFake official ModelScope release; official train metadata only; COCO, DALL-E, and Advanced rows excluded"
data/raw/wildfake/Images/Diffusion_based/DDIM/imgs_bedroom/9fcd7aefadc1d1a2467d1b901ba93c73.png,1,wildfake,DDIM,train,"WildFake official ModelScope release; official train metadata only; COCO, DALL-E, and Advanced rows excluded"
data/raw/wildfake/Images/Real/afhq/afhq_v2/train/wild/img029488.jpg,0,wildfake,afhq,train,"WildFake official ModelScope release; official train metadata only; COCO, DALL-E, and Advanced rows excluded"
data/raw/wildfake/Images/Diffusion_based/DDIM/imgs_bedroom/79bb06ccf613156b2dde210d02da4b17.png,1,wildfake,DDIM,train,"WildFake official ModelScope release; official train metadata only; COCO, DALL-E, and Advanced rows excluded"
data/raw/wildfake/Images/Real/afhq/afhq/train/cat/img004176.jpg,0,wildfake,afhq,train,"WildFake official ModelScope release; official train metadata only; COCO, DALL-E, and Advanced rows excluded"
data/raw/wildfake/Images/Diffusion_based/DDIM/imgs_CC9K/f5bf8ec31c3ed805b2116cfd31767622.png,1,wildfake,DDIM,train,"WildFake official ModelScope release; official train metadata only; COCO, DALL-E, and Advanced rows excluded"
data/raw/wildfake/Images/Diffusion_based/DDIM/imgs_bedroom/a2887a2fda0b7fd2f8d99069dcef37b9.png,1,wildfake,DDIM,train,"WildFake official ModelScope release; official train metadata only; COCO, DALL-E, and Advanced rows excluded"
data/raw/wildfake/Images/Diffusion_based/DDIM/imgs_CC9K/ae6094e7cbaa9df960ed27567c5f85bd.png,1,wildfake,DDIM,train,"WildFake official ModelScope release; official train metadata only; COCO, DALL-E, and Advanced rows excluded"
data/raw/wildfake/Images/Real/afhq/afhq/train/wild/img012651.jpg,0,wildfake,afhq,train,"WildFake official ModelScope release; official train metadata only; COCO, DALL-E, and Advanced rows excluded"
data/raw/wildfake/Images/Diffusion_based/DDIM/imgs_bedroom/43db3c3ff1f0cc6062825cf109a6fc03.png,1,wildfake,DDIM,train,"WildFake official ModelScope release; official train metadata only; COCO, DALL-E, and Advanced rows excluded"
data/raw/wildfake/Images/Real/afhq/afhq/train/cat/img004879.jpg,0,wildfake,afhq,train,"WildFake official ModelScope release; official train metadata only; COCO, DALL-E, and Advanced rows excluded"
data/raw/wildfake/Images/Diffusion_based/DDIM/imgs_CC9K/04f6dbf5608c33908980404a0954957c.png,1,wildfake,DDIM,train,"WildFake official ModelScope release; official train metadata only; COCO, DALL-E, and Advanced rows excluded"
data/raw/wildfake/Images/Real/afhq/afhq/train/cat/img004612.jpg,0,wildfake,afhq,train,"WildFake official ModelScope release; official train metadata only; COCO, DALL-E, and Advanced rows excluded"
data/raw/wildfake/Images/Real/afhq/afhq/train/cat/img004321.jpg,0,wildfake,afhq,train,"WildFake official ModelScope release; official train metadata only; COCO, DALL-E, and Advanced rows excluded"
data/raw/wildfake/Images/Diffusion_based/DDIM/imgs_CC9K/1af429b02abd3940ba8cd8e482214501.png,1,wildfake,DDIM,train,"WildFake official ModelScope release; official train metadata only; COCO, DALL-E, and Advanced rows excluded"
data/raw/wildfake/Images/Diffusion_based/DDIM/imgs_bedroom/86d303ca9edc9cb17ecd1b70ff7bda94.png,1,wildfake,DDIM,train,"WildFake official ModelScope release; official train metadata only; COCO, DALL-E, and Advanced rows excluded"
data/raw/wildfake/Images/Real/afhq/afhq_v2/train/cat/img018301.jpg,0,wildfake,afhq,train,"WildFake official ModelScope release; official train metadata only; COCO, DALL-E, and Advanced rows excluded"
data/raw/wildfake/Images/Diffusion_based/DDIM/imgs_CC9K/68dc2fefb1f8a1a0a882f439a7dcf2db.png,1,wildfake,DDIM,train,"WildFake official ModelScope release; official train metadata only; COCO, DALL-E, and Advanced rows excluded"
data/raw/wildfake/Images/Real/afhq/afhq/train/wild/img011501.jpg,0,wildfake,afhq,train,"WildFake official ModelScope release; official train metadata only; COCO, DALL-E, and Advanced rows excluded"
data/raw/wildfake/Images/Real/afhq/afhq_v2/train/dog/img024546.jpg,0,wildfake,afhq,train,"WildFake official ModelScope release; official train metadata only; COCO, DALL-E, and Advanced rows excluded"
data/raw/wildfake/Images/Real/afhq/afhq_v2/train/cat/img018518.jpg,0,wildfake,afhq,train,"WildFake official ModelScope release; official train metadata only; COCO, DALL-E, and Advanced rows excluded"
data/raw/wildfake/Images/Diffusion_based/DDIM/imgs_bedroom/8ccf2037c69ca861d0f4b62800ee5bb5.png,1,wildfake,DDIM,train,"WildFake official ModelScope release; official train metadata only; COCO, DALL-E, and Advanced rows excluded"
data/raw/wildfake/Images/Diffusion_based/DDIM/imgs_bedroom/51dbf32fea6d05540fc1dff6c5eeb784.png,1,wildfake,DDIM,train,"WildFake official ModelScope release; official train metadata only; COCO, DALL-E, and Advanced rows excluded"
data/raw/wildfake/Images/Real/afhq/afhq_v2/train/cat/img021008.jpg,0,wildfake,afhq,train,"WildFake official ModelScope release; official train metadata only; COCO, DALL-E, and Advanced rows excluded"
data/raw/wildfake/Images/Diffusion_based/DDIM/imgs_bedroom/dc8d18cb2b3024f149fdd4650f42c7a2.png,1,wildfake,DDIM,train,"WildFake official ModelScope release; official train metadata only; COCO, DALL-E, and Advanced rows excluded"
data/raw/wildfake/Images/Diffusion_based/DDIM/imgs_bedroom/2dba307f15732402c597c5c2ac440e9d.png,1,wildfake,DDIM,train,"WildFake official ModelScope release; official train metadata only; COCO, DALL-E, and Advanced rows excluded"
data/raw/wildfake/Images/Diffusion_based/DDIM/imgs_CC9K/86be3ab61dd3f23322eee8c96b674d48.png,1,wildfake,DDIM,train,"WildFake official ModelScope release; official train metadata only; COCO, DALL-E, and Advanced rows excluded"
data/raw/wildfake/Images/Diffusion_based/DDIM/imgs_bedroom/65e2b60017e5f3249e2b69c3f6ccade6.png,1,wildfake,DDIM,train,"WildFake official ModelScope release; official train metadata only; COCO, DALL-E, and Advanced rows excluded"
data/raw/wildfake/Images/Diffusion_based/DDIM/imgs_bedroom/059ed87a39057c2e1be8f9fe0a1b9c3d.png,1,wildfake,DDIM,train,"WildFake official ModelScope release; official train metadata only; COCO, DALL-E, and Advanced rows excluded"
data/raw/wildfake/Images/Real/afhq/afhq/train/cat/img001242.jpg,0,wildfake,afhq,train,"WildFake official ModelScope release; official train metadata only; COCO, DALL-E, and Advanced rows excluded"
data/raw/wildfake/Images/Real/afhq/afhq_v2/test/wild/img017174.jpg,0,wildfake,afhq,train,"WildFake official ModelScope release; official train metadata only; COCO, DALL-E, and Advanced rows excluded"
data/raw/wildfake/Images/Real/afhq/afhq_v2/train/wild/img029446.jpg,0,wildfake,afhq,train,"WildFake official ModelScope release; official train metadata only; COCO, DALL-E, and Advanced rows excluded"
data/raw/wildfake/Images/Diffusion_based/DDIM/imgs_bedroom/78519400220a673eea91f2db812a85c1.png,1,wildfake,DDIM,train,"WildFake official ModelScope release; official train metadata only; COCO, DALL-E, and Advanced rows excluded"
data/raw/wildfake/Images/Real/afhq/afhq/train/dog/img006694.jpg,0,wildfake,afhq,train,"WildFake official ModelScope release; official train metadata only; COCO, DALL-E, and Advanced rows excluded"
data/raw/wildfake/Images/Real/afhq/afhq_v2/train/cat/img022172.jpg,0,wildfake,afhq,train,"WildFake official ModelScope release; official train metadata only; COCO, DALL-E, and Advanced rows excluded"
data/raw/wildfake/Images/Real/afhq/afhq/train/cat/img004412.jpg,0,wildfake,afhq,train,"WildFake official ModelScope release; official train metadata only; COCO, DALL-E, and Advanced rows excluded"
data/raw/wildfake/Images/Real/afhq/afhq/train/wild/img011982.jpg,0,wildfake,afhq,train,"WildFake official ModelScope release; official train metadata only; COCO, DALL-E, and Advanced rows excluded"
data/raw/wildfake/Images/Diffusion_based/DDIM/imgs_bedroom/65c08a8cbce2a36a7dc50078d0f5e0dc.png,1,wildfake,DDIM,train,"WildFake official ModelScope release; official train metadata only; COCO, DALL-E, and Advanced rows excluded"
data/raw/wildfake/Images/Real/afhq/afhq_v2/train/cat/img020047.jpg,0,wildfake,afhq,train,"WildFake official ModelScope release; official train metadata only; COCO, DALL-E, and Advanced rows excluded"
data/raw/wildfake/Images/Diffusion_based/DDIM/imgs_bedroom/5b3eec4ba32685653cb9bd57d58c9c2b.png,1,wildfake,DDIM,train,"WildFake official ModelScope release; official train metadata only; COCO, DALL-E, and Advanced rows excluded"
data/raw/wildfake/Images/Real/afhq/afhq/train/dog/img007373.jpg,0,wildfake,afhq,train,"WildFake official ModelScope release; official train metadata only; COCO, DALL-E, and Advanced rows excluded"
data/raw/wildfake/Images/Diffusion_based/DDIM/imgs_bedroom/861ad89535c6317b4ba110bcfa37ae25.png,1,wildfake,DDIM,train,"WildFake official ModelScope release; official train metadata only; COCO, DALL-E, and Advanced rows excluded"
data/raw/wildfake/Images/Diffusion_based/DDIM/imgs_bedroom/7bca4ecd43db3183bd8d0014c35eb88d.png,1,wildfake,DDIM,train,"WildFake official ModelScope release; official train metadata only; COCO, DALL-E, and Advanced rows excluded"
data/raw/wildfake/Images/Real/afhq/afhq_v2/train/cat/img022541.jpg,0,wildfake,afhq,train,"WildFake official ModelScope release; official train metadata only; COCO, DALL-E, and Advanced rows excluded"
data/raw/wildfake/Images/Real/afhq/afhq_v2/train/dog/img024872.jpg,0,wildfake,afhq,train,"WildFake official ModelScope release; official train metadata only; COCO, DALL-E, and Advanced rows excluded"
data/raw/wildfake/Images/Diffusion_based/DDIM/imgs_bedroom/690fe6198cb8d1896d67929fe2f2a5bc.png,1,wildfake,DDIM,train,"WildFake official ModelScope release; official train metadata only; COCO, DALL-E, and Advanced rows excluded"
data/raw/wildfake/Images/Diffusion_based/DDIM/imgs_bedroom/1136cfb810331bbd607ca8ea0818ae05.png,1,wildfake,DDIM,train,"WildFake official ModelScope release; official train metadata only; COCO, DALL-E, and Advanced rows excluded"
data/raw/wildfake/Images/Real/afhq/afhq/train/wild/img011239.jpg,0,wildfake,afhq,train,"WildFake official ModelScope release; official train metadata only; COCO, DALL-E, and Advanced rows excluded"
data/raw/wildfake/Images/Real/afhq/afhq/train/cat/img000668.jpg,0,wildfake,afhq,train,"WildFake official ModelScope release; official train metadata only; COCO, DALL-E, and Advanced rows excluded"
data/raw/wildfake/Images/Diffusion_based/DDIM/imgs_bedroom/23929b54f7a37f613b34ff0ddc73c61f.png,1,wildfake,DDIM,train,"WildFake official ModelScope release; official train metadata only; COCO, DALL-E, and Advanced rows excluded"
data/raw/wildfake/Images/Real/afhq/afhq/train/dog/img005444.jpg,0,wildfake,afhq,train,"WildFake official ModelScope release; official train metadata only; COCO, DALL-E, and Advanced rows excluded"
data/raw/wildfake/Images/Real/afhq/afhq/train/dog/img008797.jpg,0,wildfake,afhq,train,"WildFake official ModelScope release; official train metadata only; COCO, DALL-E, and Advanced rows excluded"
data/raw/wildfake/Images/Diffusion_based/DDIM/imgs_bedroom/a5c7e9e62cb06c59ed4d27e15389ff4a.png,1,wildfake,DDIM,train,"WildFake official ModelScope release; official train metadata only; COCO, DALL-E, and Advanced rows excluded"
data/raw/wildfake/Images/Real/afhq/afhq/train/cat/img000617.jpg,0,wildfake,afhq,train,"WildFake official ModelScope release; official train metadata only; COCO, DALL-E, and Advanced rows excluded"
data/raw/wildfake/Images/Diffusion_based/DDIM/imgs_CC9K/eed19ce3edf6a1b3467bace174b2ae73.png,1,wildfake,DDIM,train,"WildFake official ModelScope release; official train metadata only; COCO, DALL-E, and Advanced rows excluded"
data/raw/wildfake/Images/Diffusion_based/DDIM/imgs_CC9K/505567c4aae9491efd7c4f2b0ac61017.png,1,wildfake,DDIM,train,"WildFake official ModelScope release; official train metadata only; COCO, DALL-E, and Advanced rows excluded"
data/raw/wildfake/Images/Real/afhq/afhq/train/dog/img006374.jpg,0,wildfake,afhq,train,"WildFake official ModelScope release; official train metadata only; COCO, DALL-E, and Advanced rows excluded"
data/raw/wildfake/Images/Real/afhq/afhq_v2/train/wild/img028194.jpg,0,wildfake,afhq,train,"WildFake official ModelScope release; official train metadata only; COCO, DALL-E, and Advanced rows excluded"
data/raw/wildfake/Images/Real/afhq/afhq/train/dog/img006404.jpg,0,wildfake,afhq,train,"WildFake official ModelScope release; official train metadata only; COCO, DALL-E, and Advanced rows excluded"
data/raw/wildfake/Images/Real/afhq/afhq_v2/train/cat/img021113.jpg,0,wildfake,afhq,train,"WildFake official ModelScope release; official train metadata only; COCO, DALL-E, and Advanced rows excluded"
data/raw/wildfake/Images/Diffusion_based/DDIM/imgs_CC9K/7b470fe1dfbf45fc4d570708604acf07.png,1,wildfake,DDIM,train,"WildFake official ModelScope release; official train metadata only; COCO, DALL-E, and Advanced rows excluded"
data/raw/wildfake/Images/Real/afhq/afhq_v2/train/wild/img029584.jpg,0,wildfake,afhq,train,"WildFake official ModelScope release; official train metadata only; COCO, DALL-E, and Advanced rows excluded"
data/raw/wildfake/Images/Real/afhq/afhq/val/cat/img015063.jpg,0,wildfake,afhq,train,"WildFake official ModelScope release; official train metadata only; COCO, DALL-E, and Advanced rows excluded"
data/raw/wildfake/Images/Diffusion_based/DDIM/imgs_bedroom/29652e759eec956473f7db79f5f649b2.png,1,wildfake,DDIM,train,"WildFake official ModelScope release; official train metadata only; COCO, DALL-E, and Advanced rows excluded"
data/raw/wildfake/Images/Diffusion_based/DDIM/imgs_bedroom/fa1cbd07d75165d775d58fcbd2652c35.png,1,wildfake,DDIM,train,"WildFake official ModelScope release; official train metadata only; COCO, DALL-E, and Advanced rows excluded"
data/raw/wildfake/Images/Real/afhq/afhq_v2/train/wild/img031394.jpg,0,wildfake,afhq,train,"WildFake official ModelScope release; official train metadata only; COCO, DALL-E, and Advanced rows excluded"
data/raw/wildfake/Images/Diffusion_based/DDIM/imgs_bedroom/bfad8a437c1daa02f5cdcb66f545482b.png,1,wildfake,DDIM,train,"WildFake official ModelScope release; official train metadata only; COCO, DALL-E, and Advanced rows excluded"
data/raw/wildfake/Images/Real/afhq/afhq_v2/train/dog/img025811.jpg,0,wildfake,afhq,train,"WildFake official ModelScope release; official train metadata only; COCO, DALL-E, and Advanced rows excluded"
data/raw/wildfake/Images/Real/afhq/afhq_v2/train/wild/img030657.jpg,0,wildfake,afhq,train,"WildFake official ModelScope release; official train metadata only; COCO, DALL-E, and Advanced rows excluded"
data/raw/wildfake/Images/Real/afhq/afhq_v2/train/wild/img030933.jpg,0,wildfake,afhq,train,"WildFake official ModelScope release; official train metadata only; COCO, DALL-E, and Advanced rows excluded"
data/raw/wildfake/Images/Real/afhq/afhq/train/cat/img000472.jpg,0,wildfake,afhq,train,"WildFake official ModelScope release; official train metadata only; COCO, DALL-E, and Advanced rows excluded"
data/raw/wildfake/Images/Real/afhq/afhq_v2/train/wild/img028229.jpg,0,wildfake,afhq,train,"WildFake official ModelScope release; official train metadata only; COCO, DALL-E, and Advanced rows excluded"
data/raw/wildfake/Images/Real/afhq/afhq/train/dog/img008106.jpg,0,wildfake,afhq,train,"WildFake official ModelScope release; official train metadata only; COCO, DALL-E, and Advanced rows excluded"
data/raw/wildfake/Images/Real/afhq/afhq/val/wild/img015782.jpg,0,wildfake,afhq,train,"WildFake official ModelScope release; official train metadata only; COCO, DALL-E, and Advanced rows excluded"
data/raw/wildfake/Images/Diffusion_based/DDIM/imgs_bedroom/466b92e0b320538c941cbe85eff77659.png,1,wildfake,DDIM,train,"WildFake official ModelScope release; official train metadata only; COCO, DALL-E, and Advanced rows excluded"
data/raw/wildfake/Images/Real/afhq/afhq/train/dog/img008838.jpg,0,wildfake,afhq,train,"WildFake official ModelScope release; official train metadata only; COCO, DALL-E, and Advanced rows excluded"
data/raw/wildfake/Images/Real/afhq/afhq/train/cat/img003098.jpg,0,wildfake,afhq,train,"WildFake official ModelScope release; official train metadata only; COCO, DALL-E, and Advanced rows excluded"
data/raw/wildfake/Images/Diffusion_based/DDIM/imgs_CC9K/8606d00c6429915bac8c348831c0140b.png,1,wildfake,DDIM,train,"WildFake official ModelScope release; official train metadata only; COCO, DALL-E, and Advanced rows excluded"
data/raw/wildfake/Images/Diffusion_based/DDIM/imgs_CC9K/4615fd183fd08a44ea096cc00c144773.png,1,wildfake,DDIM,train,"WildFake official ModelScope release; official train metadata only; COCO, DALL-E, and Advanced rows excluded"
data/raw/wildfake/Images/Real/afhq/afhq_v2/test/dog/img017108.jpg,0,wildfake,afhq,train,"WildFake official ModelScope release; official train metadata only; COCO, DALL-E, and Advanced rows excluded"
data/raw/wildfake/Images/Real/afhq/afhq_v2/train/cat/img021259.jpg,0,wildfake,afhq,train,"WildFake official ModelScope release; official train metadata only; COCO, DALL-E, and Advanced rows excluded"
data/raw/wildfake/Images/Real/afhq/afhq_v2/train/cat/img021453.jpg,0,wildfake,afhq,train,"WildFake official ModelScope release; official train metadata only; COCO, DALL-E, and Advanced rows excluded"
data/raw/wildfake/Images/Diffusion_based/DDIM/imgs_CC9K/ac3db9c11653c89cc64a4854dcf4696f.png,1,wildfake,DDIM,train,"WildFake official ModelScope release; official train metadata only; COCO, DALL-E, and Advanced rows excluded"
data/raw/wildfake/Images/Diffusion_based/DDIM/imgs_CC9K/b5c79018e60bd5f332c51988e145089c.png,1,wildfake,DDIM,train,"WildFake official ModelScope release; official train metadata only; COCO, DALL-E, and Advanced rows excluded"
data/raw/wildfake/Images/Real/afhq/afhq_v2/train/dog/img025561.jpg,0,wildfake,afhq,train,"WildFake official ModelScope release; official train metadata only; COCO, DALL-E, and Advanced rows excluded"
data/raw/wildfake/Images/Real/afhq/afhq/train/cat/img001784.jpg,0,wildfake,afhq,train,"WildFake official ModelScope release; official train metadata only; COCO, DALL-E, and Advanced rows excluded"
data/raw/wildfake/Images/Real/afhq/afhq_v2/train/wild/img031431.jpg,0,wildfake,afhq,train,"WildFake official ModelScope release; official train metadata only; COCO, DALL-E, and Advanced rows excluded"
data/raw/wildfake/Images/Diffusion_based/DDIM/imgs_CC9K/16927c8eaac6a2e5d7e82c53fc34ad66.png,1,wildfake,DDIM,train,"WildFake official ModelScope release; official train metadata only; COCO, DALL-E, and Advanced rows excluded"
data/raw/wildfake/Images/Real/afhq/afhq/train/wild/img011311.jpg,0,wildfake,afhq,train,"WildFake official ModelScope release; official train metadata only; COCO, DALL-E, and Advanced rows excluded"
data/raw/wildfake/Images/Diffusion_based/DDIM/imgs_bedroom/f3814e438b8baa80c6a5192e0291d960.png,1,wildfake,DDIM,train,"WildFake official ModelScope release; official train metadata only; COCO, DALL-E, and Advanced rows excluded"
data/raw/wildfake/Images/Real/afhq/afhq_v2/train/cat/img018894.jpg,0,wildfake,afhq,train,"WildFake official ModelScope release; official train metadata only; COCO, DALL-E, and Advanced rows excluded"
data/raw/wildfake/Images/Real/afhq/afhq/train/dog/img009743.jpg,0,wildfake,afhq,train,"WildFake official ModelScope release; official train metadata only; COCO, DALL-E, and Advanced rows excluded"
data/raw/wildfake/Images/Diffusion_based/DDIM/imgs_bedroom/34e0fe8ab0050e7f961e87addb42bed0.png,1,wildfake,DDIM,train,"WildFake official ModelScope release; official train metadata only; COCO, DALL-E, and Advanced rows excluded"
data/raw/wildfake/Images/Diffusion_based/DDIM/imgs_bedroom/f46590fab3466abad90c152ddd3b6ac4.png,1,wildfake,DDIM,train,"WildFake official ModelScope release; official train metadata only; COCO, DALL-E, and Advanced rows excluded"
data/raw/wildfake/Images/Real/afhq/afhq_v2/train/wild/img027557.jpg,0,wildfake,afhq,train,"WildFake official ModelScope release; official train metadata only; COCO, DALL-E, and Advanced rows excluded"
data/raw/wildfake/Images/Diffusion_based/DDIM/imgs_bedroom/b04738f9d2bdd85e34a022d15e8d823a.png,1,wildfake,DDIM,train,"WildFake official ModelScope release; official train metadata only; COCO, DALL-E, and Advanced rows excluded"
data/raw/wildfake/Images/Diffusion_based/DDIM/imgs_bedroom/ba99ad534198d5632c768efcbd7cb8ca.png,1,wildfake,DDIM,train,"WildFake official ModelScope release; official train metadata only; COCO, DALL-E, and Advanced rows excluded"
data/raw/wildfake/Images/Diffusion_based/DDIM/imgs_bedroom/76127c7f27718ae01e84b967005fcf55.png,1,wildfake,DDIM,train,"WildFake official ModelScope release; official train metadata only; COCO, DALL-E, and Advanced rows excluded"
data/raw/wildfake/Images/Real/afhq/afhq_v2/train/cat/img017603.jpg,0,wildfake,afhq,train,"WildFake official ModelScope release; official train metadata only; COCO, DALL-E, and Advanced rows excluded"
data/raw/wildfake/Images/Real/afhq/afhq_v2/train/dog/img024603.jpg,0,wildfake,afhq,train,"WildFake official ModelScope release; official train metadata only; COCO, DALL-E, and Advanced rows excluded"
data/raw/wildfake/Images/Real/afhq/afhq/train/cat/img005028.jpg,0,wildfake,afhq,train,"WildFake official ModelScope release; official train metadata only; COCO, DALL-E, and Advanced rows excluded"
data/raw/wildfake/Images/Diffusion_based/DDIM/imgs_CC9K/0d3146732e566d5554d2df270cec9a5d.png,1,wildfake,DDIM,train,"WildFake official ModelScope release; official train metadata only; COCO, DALL-E, and Advanced rows excluded"
data/raw/wildfake/Images/Diffusion_based/DDIM/imgs_bedroom/7cd350d6e291cce891166edebfe94cbc.png,1,wildfake,DDIM,train,"WildFake official ModelScope release; official train metadata only; COCO, DALL-E, and Advanced rows excluded"
data/raw/wildfake/Images/Real/afhq/afhq/train/wild/img012333.jpg,0,wildfake,afhq,train,"WildFake official ModelScope release; official train metadata only; COCO, DALL-E, and Advanced rows excluded"
data/raw/wildfake/Images/Diffusion_based/DDIM/imgs_CC9K/b89af97177b31cd0c3dc292b83b80f9e.png,1,wildfake,DDIM,train,"WildFake official ModelScope release; official train metadata only; COCO, DALL-E, and Advanced rows excluded"
data/raw/wildfake/Images/Real/afhq/afhq_v2/train/cat/img021247.jpg,0,wildfake,afhq,train,"WildFake official ModelScope release; official train metadata only; COCO, DALL-E, and Advanced rows excluded"
data/raw/wildfake/Images/Real/afhq/afhq_v2/train/dog/img025584.jpg,0,wildfake,afhq,train,"WildFake official ModelScope release; official train metadata only; COCO, DALL-E, and Advanced rows excluded"
data/raw/wildfake/Images/Real/afhq/afhq_v2/train/cat/img018017.jpg,0,wildfake,afhq,train,"WildFake official ModelScope release; official train metadata only; COCO, DALL-E, and Advanced rows excluded"
data/raw/wildfake/Images/Diffusion_based/DDIM/imgs_bedroom/cfa7c174bd479b5d6a3fddcb284a59ed.png,1,wildfake,DDIM,train,"WildFake official ModelScope release; official train metadata only; COCO, DALL-E, and Advanced rows excluded"
data/raw/wildfake/Images/Diffusion_based/DDIM/imgs_bedroom/767c37881415d8b852d3ba1addb63d39.png,1,wildfake,DDIM,train,"WildFake official ModelScope release; official train metadata only; COCO, DALL-E, and Advanced rows excluded"
data/raw/wildfake/Images/Real/afhq/afhq/train/dog/img008696.jpg,0,wildfake,afhq,train,"WildFake official ModelScope release; official train metadata only; COCO, DALL-E, and Advanced rows excluded"
data/raw/wildfake/Images/Diffusion_based/DDIM/imgs_bedroom/4099b4b590777c80c2bf96ff56806b35.png,1,wildfake,DDIM,train,"WildFake official ModelScope release; official train metadata only; COCO, DALL-E, and Advanced rows excluded"
data/raw/wildfake/Images/Diffusion_based/DDIM/imgs_bedroom/ebb1071c8837d31d61b0f31ac1d12402.png,1,wildfake,DDIM,train,"WildFake official ModelScope release; official train metadata only; COCO, DALL-E, and Advanced rows excluded"
data/raw/wildfake/Images/Diffusion_based/DDIM/imgs_bedroom/f0e5d808cab50864eaa8fafda3b29534.png,1,wildfake,DDIM,train,"WildFake official ModelScope release; official train metadata only; COCO, DALL-E, and Advanced rows excluded"
data/raw/wildfake/Images/Diffusion_based/DDIM/imgs_bedroom/a02a6e7812c926f4ed218060ae79fdc4.png,1,wildfake,DDIM,train,"WildFake official ModelScope release; official train metadata only; COCO, DALL-E, and Advanced rows excluded"
data/raw/wildfake/Images/Diffusion_based/DDIM/imgs_bedroom/fda9e9c76f2176a0f2ed7849e60461cb.png,1,wildfake,DDIM,train,"WildFake official ModelScope release; official train metadata only; COCO, DALL-E, and Advanced rows excluded"
data/raw/wildfake/Images/Diffusion_based/DDIM/imgs_bedroom/a43b2672e8472421fc1c5585d89607f4.png,1,wildfake,DDIM,train,"WildFake official ModelScope release; official train metadata only; COCO, DALL-E, and Advanced rows excluded"
data/raw/wildfake/Images/Diffusion_based/DDIM/imgs_bedroom/358e16a661bced3603b5f28537877354.png,1,wildfake,DDIM,train,"WildFake official ModelScope release; official train metadata only; COCO, DALL-E, and Advanced rows excluded"
data/raw/wildfake/Images/Diffusion_based/DDIM/imgs_CC9K/37da962572abb0e6bb49982e261e0874.png,1,wildfake,DDIM,train,"WildFake official ModelScope release; official train metadata only; COCO, DALL-E, and Advanced rows excluded"
data/raw/wildfake/Images/Diffusion_based/DDIM/imgs_bedroom/d798a0dadcf9d6c5aba8e7bf62701c7f.png,1,wildfake,DDIM,train,"WildFake official ModelScope release; official train metadata only; COCO, DALL-E, and Advanced rows excluded"
data/raw/wildfake/Images/Diffusion_based/DDIM/imgs_CC9K/7cabdcb4bc08ab6e1a4c00aca97f40ce.png,1,wildfake,DDIM,train,"WildFake official ModelScope release; official train metadata only; COCO, DALL-E, and Advanced rows excluded"
data/raw/wildfake/Images/Diffusion_based/DDIM/imgs_bedroom/3d1be711074b8234af6d895ac38e9103.png,1,wildfake,DDIM,train,"WildFake official ModelScope release; official train metadata only; COCO, DALL-E, and Advanced rows excluded"
data/raw/wildfake/Images/Diffusion_based/DDIM/imgs_bedroom/718d663b7b3d54e879b8d5f8f22ece1c.png,1,wildfake,DDIM,train,"WildFake official ModelScope release; official train metadata only; COCO, DALL-E, and Advanced rows excluded"
data/raw/wildfake/Images/Diffusion_based/DDIM/imgs_bedroom/3418be064462312eb18d71b069cd8b8a.png,1,wildfake,DDIM,train,"WildFake official ModelScope release; official train metadata only; COCO, DALL-E, and Advanced rows excluded"
data/raw/wildfake/Images/Real/afhq/afhq_v2/train/wild/img029314.jpg,0,wildfake,afhq,train,"WildFake official ModelScope release; official train metadata only; COCO, DALL-E, and Advanced rows excluded"
data/raw/wildfake/Images/Real/afhq/afhq/train/dog/img006159.jpg,0,wildfake,afhq,train,"WildFake official ModelScope release; official train metadata only; COCO, DALL-E, and Advanced rows excluded"
data/raw/wildfake/Images/Diffusion_based/DDIM/imgs_bedroom/8e09f33e1865f4f9294fada08dd01e0b.png,1,wildfake,DDIM,train,"WildFake official ModelScope release; official train metadata only; COCO, DALL-E, and Advanced rows excluded"
data/raw/wildfake/Images/Real/afhq/afhq_v2/train/dog/img026653.jpg,0,wildfake,afhq,train,"WildFake official ModelScope release; official train metadata only; COCO, DALL-E, and Advanced rows excluded"
data/raw/wildfake/Images/Diffusion_based/DDIM/imgs_bedroom/804607a133abe9a36c6499fa6f084f59.png,1,wildfake,DDIM,train,"WildFake official ModelScope release; official train metadata only; COCO, DALL-E, and Advanced rows excluded"
data/raw/wildfake/Images/Real/afhq/afhq/train/wild/img011349.jpg,0,wildfake,afhq,train,"WildFake official ModelScope release; official train metadata only; COCO, DALL-E, and Advanced rows excluded"
data/raw/wildfake/Images/Real/afhq/afhq_v2/train/cat/img020648.jpg,0,wildfake,afhq,train,"WildFake official ModelScope release; official train metadata only; COCO, DALL-E, and Advanced rows excluded"
data/raw/wildfake/Images/Diffusion_based/DDIM/imgs_bedroom/2d7482563d240e0a19e81902948f81b2.png,1,wildfake,DDIM,train,"WildFake official ModelScope release; official train metadata only; COCO, DALL-E, and Advanced rows excluded"
data/raw/wildfake/Images/Real/afhq/afhq_v2/train/dog/img023488.jpg,0,wildfake,afhq,train,"WildFake official ModelScope release; official train metadata only; COCO, DALL-E, and Advanced rows excluded"
data/raw/wildfake/Images/Real/afhq/afhq_v2/train/dog/img023028.jpg,0,wildfake,afhq,train,"WildFake official ModelScope release; official train metadata only; COCO, DALL-E, and Advanced rows excluded"
data/raw/wildfake/Images/Diffusion_based/DDIM/imgs_bedroom/a1c530011cceb44299f57cc587834842.png,1,wildfake,DDIM,train,"WildFake official ModelScope release; official train metadata only; COCO, DALL-E, and Advanced rows excluded"
data/raw/wildfake/Images/Diffusion_based/DDIM/imgs_CC9K/eccb8c296a8e894dc3f226f3e863c09b.png,1,wildfake,DDIM,train,"WildFake official ModelScope release; official train metadata only; COCO, DALL-E, and Advanced rows excluded"
data/raw/wildfake/Images/Diffusion_based/DDIM/imgs_bedroom/13e7e299b69702d8407afde942ab50d0.png,1,wildfake,DDIM,train,"WildFake official ModelScope release; official train metadata only; COCO, DALL-E, and Advanced rows excluded"
data/raw/wildfake/Images/Real/afhq/afhq_v2/train/cat/img018856.jpg,0,wildfake,afhq,train,"WildFake official ModelScope release; official train metadata only; COCO, DALL-E, and Advanced rows excluded"
data/raw/wildfake/Images/Diffusion_based/DDIM/imgs_CC9K/fc05410ec5968147a4682810538f6280.png,1,wildfake,DDIM,train,"WildFake official ModelScope release; official train metadata only; COCO, DALL-E, and Advanced rows excluded"
data/raw/wildfake/Images/Real/afhq/afhq_v2/train/dog/img025722.jpg,0,wildfake,afhq,train,"WildFake official ModelScope release; official train metadata only; COCO, DALL-E, and Advanced rows excluded"
data/raw/wildfake/Images/Real/afhq/afhq_v2/train/wild/img030496.jpg,0,wildfake,afhq,train,"WildFake official ModelScope release; official train metadata only; COCO, DALL-E, and Advanced rows excluded"
data/raw/wildfake/Images/Diffusion_based/DDIM/imgs_bedroom/168eeb1b22f4396847fc040cb3e71e8a.png,1,wildfake,DDIM,train,"WildFake official ModelScope release; official train metadata only; COCO, DALL-E, and Advanced rows excluded"
data/raw/wildfake/Images/Diffusion_based/DDIM/imgs_bedroom/d221778b3831a204704b5b138d523c87.png,1,wildfake,DDIM,train,"WildFake official ModelScope release; official train metadata only; COCO, DALL-E, and Advanced rows excluded"
data/raw/wildfake/Images/Real/afhq/afhq/val/dog/img015513.jpg,0,wildfake,afhq,train,"WildFake official ModelScope release; official train metadata only; COCO, DALL-E, and Advanced rows excluded"
data/raw/wildfake/Images/Diffusion_based/DDIM/imgs_CC9K/75dd6647d57fee6546ee54a294e94dbd.png,1,wildfake,DDIM,train,"WildFake official ModelScope release; official train metadata only; COCO, DALL-E, and Advanced rows excluded"
data/raw/wildfake/Images/Diffusion_based/DDIM/imgs_bedroom/a68b11bd2bd1e576d7a1f97cfcb3b4b1.png,1,wildfake,DDIM,train,"WildFake official ModelScope release; official train metadata only; COCO, DALL-E, and Advanced rows excluded"
data/raw/wildfake/Images/Real/afhq/afhq_v2/train/cat/img018717.jpg,0,wildfake,afhq,train,"WildFake official ModelScope release; official train metadata only; COCO, DALL-E, and Advanced rows excluded"
data/raw/wildfake/Images/Real/afhq/afhq_v2/train/cat/img022661.jpg,0,wildfake,afhq,train,"WildFake official ModelScope release; official train metadata only; COCO, DALL-E, and Advanced rows excluded"
data/raw/wildfake/Images/Diffusion_based/DDIM/imgs_bedroom/61b94ff214609c922ba2eb3513916eda.png,1,wildfake,DDIM,train,"WildFake official ModelScope release; official train metadata only; COCO, DALL-E, and Advanced rows excluded"
data/raw/wildfake/Images/Real/afhq/afhq_v2/train/wild/img029959.jpg,0,wildfake,afhq,train,"WildFake official ModelScope release; official train metadata only; COCO, DALL-E, and Advanced rows excluded"
data/raw/wildfake/Images/Diffusion_based/DDIM/imgs_bedroom/6a957d84f0213028aada9668ea45e4b5.png,1,wildfake,DDIM,train,"WildFake official ModelScope release; official train metadata only; COCO, DALL-E, and Advanced rows excluded"
data/raw/wildfake/Images/Diffusion_based/DDIM/imgs_bedroom/8660dce4a9259d50d90a65e814f8e1fa.png,1,wildfake,DDIM,train,"WildFake official ModelScope release; official train metadata only; COCO, DALL-E, and Advanced rows excluded"
data/raw/wildfake/Images/Diffusion_based/DDIM/imgs_bedroom/14fe6c05c837d54a203654f9d151fe70.png,1,wildfake,DDIM,train,"WildFake official ModelScope release; official train metadata only; COCO, DALL-E, and Advanced rows excluded"
data/raw/wildfake/Images/Real/afhq/afhq/train/wild/img014131.jpg,0,wildfake,afhq,train,"WildFake official ModelScope release; official train metadata only; COCO, DALL-E, and Advanced rows excluded"
data/raw/wildfake/Images/Real/afhq/afhq/train/dog/img007043.jpg,0,wildfake,afhq,train,"WildFake official ModelScope release; official train metadata only; COCO, DALL-E, and Advanced rows excluded"
data/raw/wildfake/Images/Diffusion_based/DDIM/imgs_bedroom/d50abdd3ab26318bd025e8cbffaa5546.png,1,wildfake,DDIM,train,"WildFake official ModelScope release; official train metadata only; COCO, DALL-E, and Advanced rows excluded"
data/raw/wildfake/Images/Real/afhq/afhq_v2/train/dog/img022964.jpg,0,wildfake,afhq,train,"WildFake official ModelScope release; official train metadata only; COCO, DALL-E, and Advanced rows excluded"
data/raw/wildfake/Images/Diffusion_based/DDIM/imgs_bedroom/a9a9b7f5a2939a0536b5b5ce9f7960f5.png,1,wildfake,DDIM,train,"WildFake official ModelScope release; official train metadata only; COCO, DALL-E, and Advanced rows excluded"
data/raw/wildfake/Images/Real/afhq/afhq_v2/train/dog/img025828.jpg,0,wildfake,afhq,train,"WildFake official ModelScope release; official train metadata only; COCO, DALL-E, and Advanced rows excluded"
data/raw/wildfake/Images/Real/afhq/afhq_v2/train/wild/img027643.jpg,0,wildfake,afhq,train,"WildFake official ModelScope release; official train metadata only; COCO, DALL-E, and Advanced rows excluded"
data/raw/wildfake/Images/Diffusion_based/DDIM/imgs_CC9K/0342a94c0726b5074bb152f1739406b9.png,1,wildfake,DDIM,train,"WildFake official ModelScope release; official train metadata only; COCO, DALL-E, and Advanced rows excluded"
data/raw/wildfake/Images/Real/afhq/afhq/val/dog/img015256.jpg,0,wildfake,afhq,train,"WildFake official ModelScope release; official train metadata only; COCO, DALL-E, and Advanced rows excluded"
data/raw/wildfake/Images/Real/afhq/afhq_v2/train/cat/img020253.jpg,0,wildfake,afhq,train,"WildFake official ModelScope release; official train metadata only; COCO, DALL-E, and Advanced rows excluded"
data/raw/wildfake/Images/Real/afhq/afhq/train/dog/img006733.jpg,0,wildfake,afhq,train,"WildFake official ModelScope release; official train metadata only; COCO, DALL-E, and Advanced rows excluded"
data/raw/wildfake/Images/Diffusion_based/DDIM/imgs_bedroom/9340942c6f6654137a60c520e632c639.png,1,wildfake,DDIM,train,"WildFake official ModelScope release; official train metadata only; COCO, DALL-E, and Advanced rows excluded"
data/raw/wildfake/Images/Real/afhq/afhq/train/dog/img008428.jpg,0,wildfake,afhq,train,"WildFake official ModelScope release; official train metadata only; COCO, DALL-E, and Advanced rows excluded"
data/raw/wildfake/Images/Real/afhq/afhq/train/dog/img007556.jpg,0,wildfake,afhq,train,"WildFake official ModelScope release; official train metadata only; COCO, DALL-E, and Advanced rows excluded"
data/raw/wildfake/Images/Diffusion_based/DDIM/imgs_bedroom/03f93e1a24d4d21ea1dc8c7d91b113a6.png,1,wildfake,DDIM,train,"WildFake official ModelScope release; official train metadata only; COCO, DALL-E, and Advanced rows excluded"
data/raw/wildfake/Images/Diffusion_based/DDIM/imgs_bedroom/08a67c4630ca77fdae531e29a702fe20.png,1,wildfake,DDIM,train,"WildFake official ModelScope release; official train metadata only; COCO, DALL-E, and Advanced rows excluded"
data/raw/wildfake/Images/Real/afhq/afhq/val/dog/img015596.jpg,0,wildfake,afhq,train,"WildFake official ModelScope release; official train metadata only; COCO, DALL-E, and Advanced rows excluded"
data/raw/wildfake/Images/Real/afhq/afhq_v2/train/cat/img019792.jpg,0,wildfake,afhq,train,"WildFake official ModelScope release; official train metadata only; COCO, DALL-E, and Advanced rows excluded"
data/raw/wildfake/Images/Real/afhq/afhq_v2/train/cat/img018252.jpg,0,wildfake,afhq,train,"WildFake official ModelScope release; official train metadata only; COCO, DALL-E, and Advanced rows excluded"
data/raw/wildfake/Images/Real/afhq/afhq_v2/train/dog/img026053.jpg,0,wildfake,afhq,train,"WildFake official ModelScope release; official train metadata only; COCO, DALL-E, and Advanced rows excluded"
data/raw/wildfake/Images/Real/afhq/afhq_v2/train/dog/img024253.jpg,0,wildfake,afhq,train,"WildFake official ModelScope release; official train metadata only; COCO, DALL-E, and Advanced rows excluded"
data/raw/wildfake/Images/Real/afhq/afhq_v2/train/wild/img027347.jpg,0,wildfake,afhq,train,"WildFake official ModelScope release; official train metadata only; COCO, DALL-E, and Advanced rows excluded"
data/raw/wildfake/Images/Real/afhq/afhq/train/wild/img014623.jpg,0,wildfake,afhq,train,"WildFake official ModelScope release; official train metadata only; COCO, DALL-E, and Advanced rows excluded"
data/raw/wildfake/Images/Diffusion_based/DDIM/imgs_CC9K/7b53ec3c8862b4ac0306bbe263a9429e.png,1,wildfake,DDIM,train,"WildFake official ModelScope release; official train metadata only; COCO, DALL-E, and Advanced rows excluded"
data/raw/wildfake/Images/Diffusion_based/DDIM/imgs_bedroom/61a066a532becc7b85ea7fdd1063787d.png,1,wildfake,DDIM,train,"WildFake official ModelScope release; official train metadata only; COCO, DALL-E, and Advanced rows excluded"
data/raw/wildfake/Images/Diffusion_based/DDIM/imgs_CC9K/80022e76daf84e123919331b0bc9dcda.png,1,wildfake,DDIM,train,"WildFake official ModelScope release; official train metadata only; COCO, DALL-E, and Advanced rows excluded"
data/raw/wildfake/Images/Real/afhq/afhq_v2/train/dog/img026351.jpg,0,wildfake,afhq,train,"WildFake official ModelScope release; official train metadata only; COCO, DALL-E, and Advanced rows excluded"
data/raw/wildfake/Images/Diffusion_based/DDIM/imgs_bedroom/fd133707abc2c986f8a355624ff3c196.png,1,wildfake,DDIM,train,"WildFake official ModelScope release; official train metadata only; COCO, DALL-E, and Advanced rows excluded"
data/raw/wildfake/Images/Real/afhq/afhq_v2/train/wild/img028459.jpg,0,wildfake,afhq,train,"WildFake official ModelScope release; official train metadata only; COCO, DALL-E, and Advanced rows excluded"
data/raw/wildfake/Images/Real/afhq/afhq/val/dog/img015334.jpg,0,wildfake,afhq,train,"WildFake official ModelScope release; official train metadata only; COCO, DALL-E, and Advanced rows excluded"
data/raw/wildfake/Images/Real/afhq/afhq/train/wild/img013066.jpg,0,wildfake,afhq,train,"WildFake official ModelScope release; official train metadata only; COCO, DALL-E, and Advanced rows excluded"
data/raw/wildfake/Images/Real/afhq/afhq/train/cat/img002037.jpg,0,wildfake,afhq,train,"WildFake official ModelScope release; official train metadata only; COCO, DALL-E, and Advanced rows excluded"
data/raw/wildfake/Images/Real/afhq/afhq/train/dog/img009067.jpg,0,wildfake,afhq,train,"WildFake official ModelScope release; official train metadata only; COCO, DALL-E, and Advanced rows excluded"
data/raw/wildfake/Images/Diffusion_based/DDIM/imgs_bedroom/31ff30e55ef8b41211ccf58a868edef1.png,1,wildfake,DDIM,train,"WildFake official ModelScope release; official train metadata only; COCO, DALL-E, and Advanced rows excluded"
data/raw/wildfake/Images/Real/afhq/afhq_v2/train/cat/img018662.jpg,0,wildfake,afhq,train,"WildFake official ModelScope release; official train metadata only; COCO, DALL-E, and Advanced rows excluded"
data/raw/wildfake/Images/Diffusion_based/DDIM/imgs_bedroom/0fdceeccc41299e8c9e2b35ff7fcdefc.png,1,wildfake,DDIM,train,"WildFake official ModelScope release; official train metadata only; COCO, DALL-E, and Advanced rows excluded"
data/raw/wildfake/Images/Diffusion_based/DDIM/imgs_CC9K/c0a3ecd97cf4d6b77e8a0329c8e1fbba.png,1,wildfake,DDIM,train,"WildFake official ModelScope release; official train metadata only; COCO, DALL-E, and Advanced rows excluded"
data/raw/wildfake/Images/Real/afhq/afhq_v2/test/wild/img017348.jpg,0,wildfake,afhq,train,"WildFake official ModelScope release; official train metadata only; COCO, DALL-E, and Advanced rows excluded"
data/raw/wildfake/Images/Real/afhq/afhq/train/cat/img004589.jpg,0,wildfake,afhq,train,"WildFake official ModelScope release; official train metadata only; COCO, DALL-E, and Advanced rows excluded"
data/raw/wildfake/Images/Diffusion_based/DDIM/imgs_bedroom/d447f25eb9678e5ed34f67f92ed27fd8.png,1,wildfake,DDIM,train,"WildFake official ModelScope release; official train metadata only; COCO, DALL-E, and Advanced rows excluded"
data/raw/wildfake/Images/Diffusion_based/DDIM/imgs_bedroom/17fcefb0efd127f9bf8e188ac14be276.png,1,wildfake,DDIM,train,"WildFake official ModelScope release; official train metadata only; COCO, DALL-E, and Advanced rows excluded"
data/raw/wildfake/Images/Real/afhq/afhq/train/wild/img011591.jpg,0,wildfake,afhq,train,"WildFake official ModelScope release; official train metadata only; COCO, DALL-E, and Advanced rows excluded"
data/raw/wildfake/Images/Diffusion_based/DDIM/imgs_bedroom/0b512381791dda2a64b30d477b089fdc.png,1,wildfake,DDIM,train,"WildFake official ModelScope release; official train metadata only; COCO, DALL-E, and Advanced rows excluded"
data/raw/wildfake/Images/Diffusion_based/DDIM/imgs_bedroom/c9f12308db8ebd6e07228e9f29c8d7f9.png,1,wildfake,DDIM,train,"WildFake official ModelScope release; official train metadata only; COCO, DALL-E, and Advanced rows excluded"
data/raw/wildfake/Images/Real/afhq/afhq_v2/train/cat/img018073.jpg,0,wildfake,afhq,train,"WildFake official ModelScope release; official train metadata only; COCO, DALL-E, and Advanced rows excluded"
data/raw/wildfake/Images/Diffusion_based/DDIM/imgs_bedroom/067c49328e82804c8c9454f6bd0e1141.png,1,wildfake,DDIM,train,"WildFake official ModelScope release; official train metadata only; COCO, DALL-E, and Advanced rows excluded"
data/raw/wildfake/Images/Diffusion_based/DDIM/imgs_bedroom/0c3c0f5451340ff90c018ef9fc340869.png,1,wildfake,DDIM,train,"WildFake official ModelScope release; official train metadata only; COCO, DALL-E, and Advanced rows excluded"
data/raw/wildfake/Images/Diffusion_based/DDIM/imgs_CC9K/438da56be6225d54c5044b931d27e102.png,1,wildfake,DDIM,train,"WildFake official ModelScope release; official train metadata only; COCO, DALL-E, and Advanced rows excluded"
data/raw/wildfake/Images/Real/afhq/afhq/train/cat/img004833.jpg,0,wildfake,afhq,train,"WildFake official ModelScope release; official train metadata only; COCO, DALL-E, and Advanced rows excluded"
data/raw/wildfake/Images/Real/afhq/afhq/train/dog/img007902.jpg,0,wildfake,afhq,train,"WildFake official ModelScope release; official train metadata only; COCO, DALL-E, and Advanced rows excluded"
data/raw/wildfake/Images/Real/afhq/afhq/train/dog/img006309.jpg,0,wildfake,afhq,train,"WildFake official ModelScope release; official train metadata only; COCO, DALL-E, and Advanced rows excluded"
data/raw/wildfake/Images/Real/afhq/afhq_v2/train/wild/img028174.jpg,0,wildfake,afhq,train,"WildFake official ModelScope release; official train metadata only; COCO, DALL-E, and Advanced rows excluded"
data/raw/wildfake/Images/Diffusion_based/DDIM/imgs_bedroom/63f00f561c69388b1982c6feb67df45b.png,1,wildfake,DDIM,train,"WildFake official ModelScope release; official train metadata only; COCO, DALL-E, and Advanced rows excluded"
data/raw/wildfake/Images/Real/afhq/afhq_v2/train/cat/img020619.jpg,0,wildfake,afhq,train,"WildFake official ModelScope release; official train metadata only; COCO, DALL-E, and Advanced rows excluded"
data/raw/wildfake/Images/Real/afhq/afhq_v2/train/wild/img030299.jpg,0,wildfake,afhq,train,"WildFake official ModelScope release; official train metadata only; COCO, DALL-E, and Advanced rows excluded"
data/raw/wildfake/Images/Real/afhq/afhq/train/cat/img003653.jpg,0,wildfake,afhq,train,"WildFake official ModelScope release; official train metadata only; COCO, DALL-E, and Advanced rows excluded"
data/raw/wildfake/Images/Real/afhq/afhq_v2/train/cat/img017994.jpg,0,wildfake,afhq,train,"WildFake official ModelScope release; official train metadata only; COCO, DALL-E, and Advanced rows excluded"
data/raw/wildfake/Images/Diffusion_based/DDIM/imgs_bedroom/e5b197b11783c09071c4eb1abbd18170.png,1,wildfake,DDIM,train,"WildFake official ModelScope release; official train metadata only; COCO, DALL-E, and Advanced rows excluded"
data/raw/wildfake/Images/Diffusion_based/DDIM/imgs_bedroom/42821116a611596b2e98bfbdaca10334.png,1,wildfake,DDIM,train,"WildFake official ModelScope release; official train metadata only; COCO, DALL-E, and Advanced rows excluded"
data/raw/wildfake/Images/Real/afhq/afhq_v2/train/dog/img024587.jpg,0,wildfake,afhq,train,"WildFake official ModelScope release; official train metadata only; COCO, DALL-E, and Advanced rows excluded"
data/raw/wildfake/Images/Real/afhq/afhq_v2/train/cat/img018018.jpg,0,wildfake,afhq,train,"WildFake official ModelScope release; official train metadata only; COCO, DALL-E, and Advanced rows excluded"
data/raw/wildfake/Images/Diffusion_based/DDIM/imgs_CC9K/637db55159686c0afa77e5f1c956202e.png,1,wildfake,DDIM,train,"WildFake official ModelScope release; official train metadata only; COCO, DALL-E, and Advanced rows excluded"
data/raw/wildfake/Images/Real/afhq/afhq/train/dog/img008379.jpg,0,wildfake,afhq,train,"WildFake official ModelScope release; official train metadata only; COCO, DALL-E, and Advanced rows excluded"
data/raw/wildfake/Images/Real/afhq/afhq/train/dog/img005338.jpg,0,wildfake,afhq,train,"WildFake official ModelScope release; official train metadata only; COCO, DALL-E, and Advanced rows excluded"
data/raw/wildfake/Images/Real/afhq/afhq_v2/train/cat/img019871.jpg,0,wildfake,afhq,train,"WildFake official ModelScope release; official train metadata only; COCO, DALL-E, and Advanced rows excluded"
data/raw/wildfake/Images/Diffusion_based/DDIM/imgs_bedroom/9156bd19ab932be546885857cd5f1313.png,1,wildfake,DDIM,train,"WildFake official ModelScope release; official train metadata only; COCO, DALL-E, and Advanced rows excluded"
data/raw/wildfake/Images/Real/afhq/afhq_v2/train/cat/img018186.jpg,0,wildfake,afhq,train,"WildFake official ModelScope release; official train metadata only; COCO, DALL-E, and Advanced rows excluded"
data/raw/wildfake/Images/Real/afhq/afhq/train/dog/img007683.jpg,0,wildfake,afhq,train,"WildFake official ModelScope release; official train metadata only; COCO, DALL-E, and Advanced rows excluded"
data/raw/wildfake/Images/Diffusion_based/DDIM/imgs_bedroom/9c48830af202161367f8e9b53040a1eb.png,1,wildfake,DDIM,train,"WildFake official ModelScope release; official train metadata only; COCO, DALL-E, and Advanced rows excluded"
data/raw/wildfake/Images/Diffusion_based/DDIM/imgs_bedroom/a504e5d05c294fd793157ef5a5c355f1.png,1,wildfake,DDIM,train,"WildFake official ModelScope release; official train metadata only; COCO, DALL-E, and Advanced rows excluded"
data/raw/wildfake/Images/Diffusion_based/DDIM/imgs_bedroom/a4300a961f3f914901b4557cc3e52293.png,1,wildfake,DDIM,train,"WildFake official ModelScope release; official train metadata only; COCO, DALL-E, and Advanced rows excluded"
data/raw/wildfake/Images/Real/afhq/afhq_v2/train/dog/img025086.jpg,0,wildfake,afhq,train,"WildFake official ModelScope release; official train metadata only; COCO, DALL-E, and Advanced rows excluded"
data/raw/wildfake/Images/Diffusion_based/DDIM/imgs_bedroom/bc0d440725b40bf94350b64d2475bbb3.png,1,wildfake,DDIM,train,"WildFake official ModelScope release; official train metadata only; COCO, DALL-E, and Advanced rows excluded"
data/raw/wildfake/Images/Diffusion_based/DDIM/imgs_CC9K/5705c6cf0efd381ea0e41f1b720ce660.png,1,wildfake,DDIM,train,"WildFake official ModelScope release; official train metadata only; COCO, DALL-E, and Advanced rows excluded"
data/raw/wildfake/Images/Diffusion_based/DDIM/imgs_bedroom/2040bbccd06709eac7636ac96c46b29e.png,1,wildfake,DDIM,train,"WildFake official ModelScope release; official train metadata only; COCO, DALL-E, and Advanced rows excluded"
data/raw/wildfake/Images/Diffusion_based/DDIM/imgs_bedroom/227281ac1cfe796c600fa6bd6252c7e9.png,1,wildfake,DDIM,train,"WildFake official ModelScope release; official train metadata only; COCO, DALL-E, and Advanced rows excluded"
data/raw/wildfake/Images/Real/afhq/afhq/train/cat/img004932.jpg,0,wildfake,afhq,train,"WildFake official ModelScope release; official train metadata only; COCO, DALL-E, and Advanced rows excluded"
data/raw/wildfake/Images/Real/afhq/afhq/train/cat/img001263.jpg,0,wildfake,afhq,train,"WildFake official ModelScope release; official train metadata only; COCO, DALL-E, and Advanced rows excluded"
data/raw/wildfake/Images/Diffusion_based/DDIM/imgs_bedroom/c8f330bb96220bcf1a5e93b9f4d27d8c.png,1,wildfake,DDIM,train,"WildFake official ModelScope release; official train metadata only; COCO, DALL-E, and Advanced rows excluded"
data/raw/wildfake/Images/Real/afhq/afhq/train/wild/img012778.jpg,0,wildfake,afhq,train,"WildFake official ModelScope release; official train metadata only; COCO, DALL-E, and Advanced rows excluded"
data/raw/wildfake/Images/Diffusion_based/DDIM/imgs_bedroom/5590bac3296eef3d99b9752f2f1c4cbe.png,1,wildfake,DDIM,train,"WildFake official ModelScope release; official train metadata only; COCO, DALL-E, and Advanced rows excluded"
data/raw/wildfake/Images/Diffusion_based/DDIM/imgs_bedroom/2d9edbf70394c4b0375f60c8312a8b14.png,1,wildfake,DDIM,train,"WildFake official ModelScope release; official train metadata only; COCO, DALL-E, and Advanced rows excluded"
data/raw/wildfake/Images/Diffusion_based/DDIM/imgs_bedroom/439c62fc673b47ec849dfffd851e2db3.png,1,wildfake,DDIM,train,"WildFake official ModelScope release; official train metadata only; COCO, DALL-E, and Advanced rows excluded"
data/raw/wildfake/Images/Real/afhq/afhq/val/cat/img014891.jpg,0,wildfake,afhq,train,"WildFake official ModelScope release; official train metadata only; COCO, DALL-E, and Advanced rows excluded"
data/raw/wildfake/Images/Real/afhq/afhq/train/wild/img011089.jpg,0,wildfake,afhq,train,"WildFake official ModelScope release; official train metadata only; COCO, DALL-E, and Advanced rows excluded"
data/raw/wildfake/Images/Diffusion_based/DDIM/imgs_CC9K/31431d78be21ff02073c6ceecb26d9c7.png,1,wildfake,DDIM,train,"WildFake official ModelScope release; official train metadata only; COCO, DALL-E, and Advanced rows excluded"
data/raw/wildfake/Images/Real/afhq/afhq_v2/train/wild/img029849.jpg,0,wildfake,afhq,train,"WildFake official ModelScope release; official train metadata only; COCO, DALL-E, and Advanced rows excluded"
data/raw/wildfake/Images/Real/afhq/afhq/train/dog/img007684.jpg,0,wildfake,afhq,train,"WildFake official ModelScope release; official train metadata only; COCO, DALL-E, and Advanced rows excluded"
data/raw/wildfake/Images/Real/afhq/afhq/train/dog/img006176.jpg,0,wildfake,afhq,train,"WildFake official ModelScope release; official train metadata only; COCO, DALL-E, and Advanced rows excluded"
data/raw/wildfake/Images/Diffusion_based/DDIM/imgs_bedroom/c7b4f8612f125bbf485e50a6ba58681b.png,1,wildfake,DDIM,train,"WildFake official ModelScope release; official train metadata only; COCO, DALL-E, and Advanced rows excluded"
data/raw/wildfake/Images/Real/afhq/afhq/train/wild/img013093.jpg,0,wildfake,afhq,train,"WildFake official ModelScope release; official train metadata only; COCO, DALL-E, and Advanced rows excluded"
data/raw/wildfake/Images/Real/afhq/afhq_v2/train/wild/img027429.jpg,0,wildfake,afhq,train,"WildFake official ModelScope release; official train metadata only; COCO, DALL-E, and Advanced rows excluded"
data/raw/wildfake/Images/Diffusion_based/DDIM/imgs_CC9K/01fdaaedd8915410683f22a07732deaa.png,1,wildfake,DDIM,train,"WildFake official ModelScope release; official train metadata only; COCO, DALL-E, and Advanced rows excluded"
data/raw/wildfake/Images/Diffusion_based/DDIM/imgs_CC9K/0a8afac1f293f8ef9e625077f53646c7.png,1,wildfake,DDIM,train,"WildFake official ModelScope release; official train metadata only; COCO, DALL-E, and Advanced rows excluded"
data/raw/wildfake/Images/Real/afhq/afhq_v2/train/dog/img026972.jpg,0,wildfake,afhq,train,"WildFake official ModelScope release; official train metadata only; COCO, DALL-E, and Advanced rows excluded"
data/raw/wildfake/Images/Real/afhq/afhq/train/wild/img012313.jpg,0,wildfake,afhq,train,"WildFake official ModelScope release; official train metadata only; COCO, DALL-E, and Advanced rows excluded"
data/raw/wildfake/Images/Real/afhq/afhq_v2/train/cat/img017818.jpg,0,wildfake,afhq,train,"WildFake official ModelScope release; official train metadata only; COCO, DALL-E, and Advanced rows excluded"
data/raw/wildfake/Images/Diffusion_based/DDIM/imgs_bedroom/b7256f43b90f2ba610879312b2df2319.png,1,wildfake,DDIM,train,"WildFake official ModelScope release; official train metadata only; COCO, DALL-E, and Advanced rows excluded"
data/raw/wildfake/Images/Real/afhq/afhq/train/cat/img002099.jpg,0,wildfake,afhq,train,"WildFake official ModelScope release; official train metadata only; COCO, DALL-E, and Advanced rows excluded"
data/raw/wildfake/Images/Diffusion_based/DDIM/imgs_bedroom/e4932fd3f27fadc03c48583a5e74c8dc.png,1,wildfake,DDIM,train,"WildFake official ModelScope release; official train metadata only; COCO, DALL-E, and Advanced rows excluded"
data/raw/wildfake/Images/Diffusion_based/DDIM/imgs_bedroom/8e33ed849489f5b935d31bb56e58c9b4.png,1,wildfake,DDIM,train,"WildFake official ModelScope release; official train metadata only; COCO, DALL-E, and Advanced rows excluded"
data/raw/wildfake/Images/Real/afhq/afhq/train/cat/img001558.jpg,0,wildfake,afhq,train,"WildFake official ModelScope release; official train metadata only; COCO, DALL-E, and Advanced rows excluded"
data/raw/wildfake/Images/Diffusion_based/DDIM/imgs_bedroom/f762fe1020b2de5a9893b899932823fb.png,1,wildfake,DDIM,train,"WildFake official ModelScope release; official train metadata only; COCO, DALL-E, and Advanced rows excluded"
data/raw/wildfake/Images/Diffusion_based/DDIM/imgs_bedroom/cfa38a57868a38e098d6caad7b3590da.png,1,wildfake,DDIM,train,"WildFake official ModelScope release; official train metadata only; COCO, DALL-E, and Advanced rows excluded"
data/raw/wildfake/Images/Diffusion_based/DDIM/imgs_bedroom/f8f02189fc0f1a07a423d558be85a497.png,1,wildfake,DDIM,train,"WildFake official ModelScope release; official train metadata only; COCO, DALL-E, and Advanced rows excluded"
data/raw/wildfake/Images/Real/afhq/afhq/train/cat/img000654.jpg,0,wildfake,afhq,train,"WildFake official ModelScope release; official train metadata only; COCO, DALL-E, and Advanced rows excluded"
data/raw/wildfake/Images/Real/afhq/afhq/train/cat/img003527.jpg,0,wildfake,afhq,train,"WildFake official ModelScope release; official train metadata only; COCO, DALL-E, and Advanced rows excluded"
data/raw/wildfake/Images/Real/afhq/afhq_v2/train/wild/img031759.jpg,0,wildfake,afhq,train,"WildFake official ModelScope release; official train metadata only; COCO, DALL-E, and Advanced rows excluded"
data/raw/wildfake/Images/Real/afhq/afhq/train/wild/img014588.jpg,0,wildfake,afhq,train,"WildFake official ModelScope release; official train metadata only; COCO, DALL-E, and Advanced rows excluded"
data/raw/wildfake/Images/Diffusion_based/DDIM/imgs_bedroom/6def67d95b3e71b71195afc2f70f8d56.png,1,wildfake,DDIM,train,"WildFake official ModelScope release; official train metadata only; COCO, DALL-E, and Advanced rows excluded"
data/raw/wildfake/Images/Real/afhq/afhq_v2/train/cat/img022656.jpg,0,wildfake,afhq,train,"WildFake official ModelScope release; official train metadata only; COCO, DALL-E, and Advanced rows excluded"
data/raw/wildfake/Images/Diffusion_based/DDIM/imgs_bedroom/d4c3b4b2831983a9bb9e0e1618c9445d.png,1,wildfake,DDIM,train,"WildFake official ModelScope release; official train metadata only; COCO, DALL-E, and Advanced rows excluded"
data/raw/wildfake/Images/Diffusion_based/DDIM/imgs_bedroom/44f55a8632fbe8ff8e3f374c271411d1.png,1,wildfake,DDIM,train,"WildFake official ModelScope release; official train metadata only; COCO, DALL-E, and Advanced rows excluded"
data/raw/wildfake/Images/Real/afhq/afhq/train/cat/img005051.jpg,0,wildfake,afhq,train,"WildFake official ModelScope release; official train metadata only; COCO, DALL-E, and Advanced rows excluded"
data/raw/wildfake/Images/Real/afhq/afhq_v2/train/wild/img031426.jpg,0,wildfake,afhq,train,"WildFake official ModelScope release; official train metadata only; COCO, DALL-E, and Advanced rows excluded"
data/raw/wildfake/Images/Diffusion_based/DDIM/imgs_CC9K/667d3801f8a05153872e642c2f7c7f6b.png,1,wildfake,DDIM,train,"WildFake official ModelScope release; official train metadata only; COCO, DALL-E, and Advanced rows excluded"
data/raw/wildfake/Images/Real/afhq/afhq_v2/train/cat/img021978.jpg,0,wildfake,afhq,train,"WildFake official ModelScope release; official train metadata only; COCO, DALL-E, and Advanced rows excluded"
data/raw/wildfake/Images/Diffusion_based/DDIM/imgs_CC9K/7e13f908d8b0be31a45f8a5f364282d0.png,1,wildfake,DDIM,train,"WildFake official ModelScope release; official train metadata only; COCO, DALL-E, and Advanced rows excluded"
data/raw/wildfake/Images/Diffusion_based/DDIM/imgs_bedroom/a1815bf0dce74e5abc9f6424bff96581.png,1,wildfake,DDIM,train,"WildFake official ModelScope release; official train metadata only; COCO, DALL-E, and Advanced rows excluded"
data/raw/wildfake/Images/Real/afhq/afhq/train/wild/img012408.jpg,0,wildfake,afhq,train,"WildFake official ModelScope release; official train metadata only; COCO, DALL-E, and Advanced rows excluded"
data/raw/wildfake/Images/Real/afhq/afhq_v2/train/cat/img018598.jpg,0,wildfake,afhq,train,"WildFake official ModelScope release; official train metadata only; COCO, DALL-E, and Advanced rows excluded"
data/raw/wildfake/Images/Real/afhq/afhq/train/wild/img011154.jpg,0,wildfake,afhq,train,"WildFake official ModelScope release; official train metadata only; COCO, DALL-E, and Advanced rows excluded"
data/raw/wildfake/Images/Real/afhq/afhq_v2/train/dog/img023096.jpg,0,wildfake,afhq,train,"WildFake official ModelScope release; official train metadata only; COCO, DALL-E, and Advanced rows excluded"
data/raw/wildfake/Images/Diffusion_based/DDIM/imgs_CC9K/01c8093d90dbc7e1f65d3bcd1117e13f.png,1,wildfake,DDIM,train,"WildFake official ModelScope release; official train metadata only; COCO, DALL-E, and Advanced rows excluded"
data/raw/wildfake/Images/Diffusion_based/DDIM/imgs_bedroom/49b6c3cd3319ad12870f7289d696b6d1.png,1,wildfake,DDIM,train,"WildFake official ModelScope release; official train metadata only; COCO, DALL-E, and Advanced rows excluded"
data/raw/wildfake/Images/Diffusion_based/DDIM/imgs_bedroom/a10e02551fcb60398cdc9564078bf274.png,1,wildfake,DDIM,train,"WildFake official ModelScope release; official train metadata only; COCO, DALL-E, and Advanced rows excluded"
data/raw/wildfake/Images/Diffusion_based/DDIM/imgs_CC9K/0d5e3dc8f8690216846c1e35faa19ca4.png,1,wildfake,DDIM,train,"WildFake official ModelScope release; official train metadata only; COCO, DALL-E, and Advanced rows excluded"
data/raw/wildfake/Images/Real/afhq/afhq/train/dog/img009673.jpg,0,wildfake,afhq,train,"WildFake official ModelScope release; official train metadata only; COCO, DALL-E, and Advanced rows excluded"
data/raw/wildfake/Images/Real/afhq/afhq/train/wild/img010273.jpg,0,wildfake,afhq,train,"WildFake official ModelScope release; official train metadata only; COCO, DALL-E, and Advanced rows excluded"
data/raw/wildfake/Images/Real/afhq/afhq/train/wild/img013069.jpg,0,wildfake,afhq,train,"WildFake official ModelScope release; official train metadata only; COCO, DALL-E, and Advanced rows excluded"
data/raw/wildfake/Images/Diffusion_based/DDIM/imgs_bedroom/3472d1a3855969df7a1a0d1bfa188d23.png,1,wildfake,DDIM,train,"WildFake official ModelScope release; official train metadata only; COCO, DALL-E, and Advanced rows excluded"
data/raw/wildfake/Images/Diffusion_based/DDIM/imgs_CC9K/95d3bbfa8ae698549de150ad00227118.png,1,wildfake,DDIM,train,"WildFake official ModelScope release; official train metadata only; COCO, DALL-E, and Advanced rows excluded"
data/raw/wildfake/Images/Real/afhq/afhq_v2/train/cat/img021093.jpg,0,wildfake,afhq,train,"WildFake official ModelScope release; official train metadata only; COCO, DALL-E, and Advanced rows excluded"
data/raw/wildfake/Images/Diffusion_based/DDIM/imgs_bedroom/9167747cfba04276d40a4c4431460036.png,1,wildfake,DDIM,train,"WildFake official ModelScope release; official train metadata only; COCO, DALL-E, and Advanced rows excluded"
data/raw/wildfake/Images/Real/afhq/afhq/train/wild/img009903.jpg,0,wildfake,afhq,train,"WildFake official ModelScope release; official train metadata only; COCO, DALL-E, and Advanced rows excluded"
data/raw/wildfake/Images/Real/afhq/afhq_v2/train/cat/img018362.jpg,0,wildfake,afhq,train,"WildFake official ModelScope release; official train metadata only; COCO, DALL-E, and Advanced rows excluded"
data/raw/wildfake/Images/Real/afhq/afhq_v2/train/wild/img031214.jpg,0,wildfake,afhq,train,"WildFake official ModelScope release; official train metadata only; COCO, DALL-E, and Advanced rows excluded"
data/raw/wildfake/Images/Real/afhq/afhq_v2/test/dog/img016857.jpg,0,wildfake,afhq,train,"WildFake official ModelScope release; official train metadata only; COCO, DALL-E, and Advanced rows excluded"
data/raw/wildfake/Images/Diffusion_based/DDIM/imgs_CC9K/f36d02f962a8f3f8597b58b3f1bb04e4.png,1,wildfake,DDIM,train,"WildFake official ModelScope release; official train metadata only; COCO, DALL-E, and Advanced rows excluded"
data/raw/wildfake/Images/Real/afhq/afhq/train/cat/img003512.jpg,0,wildfake,afhq,train,"WildFake official ModelScope release; official train metadata only; COCO, DALL-E, and Advanced rows excluded"
data/raw/wildfake/Images/Real/afhq/afhq_v2/train/cat/img021351.jpg,0,wildfake,afhq,train,"WildFake official ModelScope release; official train metadata only; COCO, DALL-E, and Advanced rows excluded"
data/raw/wildfake/Images/Diffusion_based/DDIM/imgs_bedroom/6153aa45ed2689f87710ebdbc4fc7b4b.png,1,wildfake,DDIM,train,"WildFake official ModelScope release; official train metadata only; COCO, DALL-E, and Advanced rows excluded"
data/raw/wildfake/Images/Real/afhq/afhq_v2/train/wild/img031183.jpg,0,wildfake,afhq,train,"WildFake official ModelScope release; official train metadata only; COCO, DALL-E, and Advanced rows excluded"
data/raw/wildfake/Images/Real/afhq/afhq/train/wild/img011894.jpg,0,wildfake,afhq,train,"WildFake official ModelScope release; official train metadata only; COCO, DALL-E, and Advanced rows excluded"
data/raw/wildfake/Images/Real/afhq/afhq_v2/train/dog/img022711.jpg,0,wildfake,afhq,train,"WildFake official ModelScope release; official train metadata only; COCO, DALL-E, and Advanced rows excluded"
data/raw/wildfake/Images/Diffusion_based/DDIM/imgs_bedroom/d781a89221a4f6324bc15920a9c569a3.png,1,wildfake,DDIM,train,"WildFake official ModelScope release; official train metadata only; COCO, DALL-E, and Advanced rows excluded"
data/raw/wildfake/Images/Real/afhq/afhq_v2/train/wild/img028992.jpg,0,wildfake,afhq,train,"WildFake official ModelScope release; official train metadata only; COCO, DALL-E, and Advanced rows excluded"
data/raw/wildfake/Images/Real/afhq/afhq/train/dog/img008892.jpg,0,wildfake,afhq,train,"WildFake official ModelScope release; official train metadata only; COCO, DALL-E, and Advanced rows excluded"
data/raw/wildfake/Images/Real/afhq/afhq/train/cat/img003511.jpg,0,wildfake,afhq,train,"WildFake official ModelScope release; official train metadata only; COCO, DALL-E, and Advanced rows excluded"
data/raw/wildfake/Images/Real/afhq/afhq_v2/train/cat/img020861.jpg,0,wildfake,afhq,train,"WildFake official ModelScope release; official train metadata only; COCO, DALL-E, and Advanced rows excluded"
data/raw/wildfake/Images/Diffusion_based/DDIM/imgs_bedroom/121504113579a85ff234df6f39cdf573.png,1,wildfake,DDIM,train,"WildFake official ModelScope release; official train metadata only; COCO, DALL-E, and Advanced rows excluded"
data/raw/wildfake/Images/Diffusion_based/DDIM/imgs_CC9K/afe65dfa03e7c1aeda678e5bd29fc94e.png,1,wildfake,DDIM,train,"WildFake official ModelScope release; official train metadata only; COCO, DALL-E, and Advanced rows excluded"
data/raw/wildfake/Images/Diffusion_based/DDIM/imgs_bedroom/646eaa43fec93122d02cf09b9bc617e2.png,1,wildfake,DDIM,train,"WildFake official ModelScope release; official train metadata only; COCO, DALL-E, and Advanced rows excluded"
data/raw/wildfake/Images/Real/afhq/afhq_v2/train/cat/img020816.jpg,0,wildfake,afhq,train,"WildFake official ModelScope release; official train metadata only; COCO, DALL-E, and Advanced rows excluded"
data/raw/wildfake/Images/Diffusion_based/DDIM/imgs_bedroom/73600934deef0c0e7d8841fab11697af.png,1,wildfake,DDIM,train,"WildFake official ModelScope release; official train metadata only; COCO, DALL-E, and Advanced rows excluded"
data/raw/wildfake/Images/Real/afhq/afhq_v2/test/dog/img017061.jpg,0,wildfake,afhq,train,"WildFake official ModelScope release; official train metadata only; COCO, DALL-E, and Advanced rows excluded"
data/raw/wildfake/Images/Diffusion_based/DDIM/imgs_bedroom/dc3e4b5d7e52e5e1bd5a28b3c0a6d1b7.png,1,wildfake,DDIM,train,"WildFake official ModelScope release; official train metadata only; COCO, DALL-E, and Advanced rows excluded"
data/raw/wildfake/Images/Diffusion_based/DDIM/imgs_bedroom/5602b846be49aa5c5d06e91ee9d79f26.png,1,wildfake,DDIM,train,"WildFake official ModelScope release; official train metadata only; COCO, DALL-E, and Advanced rows excluded"
data/raw/wildfake/Images/Diffusion_based/DDIM/imgs_bedroom/23c728b99bc9b9228f621eb50ff0fe6c.png,1,wildfake,DDIM,train,"WildFake official ModelScope release; official train metadata only; COCO, DALL-E, and Advanced rows excluded"
data/raw/wildfake/Images/Real/afhq/afhq/train/cat/img004319.jpg,0,wildfake,afhq,train,"WildFake official ModelScope release; official train metadata only; COCO, DALL-E, and Advanced rows excluded"
data/raw/wildfake/Images/Real/afhq/afhq_v2/train/cat/img019076.jpg,0,wildfake,afhq,train,"WildFake official ModelScope release; official train metadata only; COCO, DALL-E, and Advanced rows excluded"
data/raw/wildfake/Images/Diffusion_based/DDIM/imgs_CC9K/ccbff79adb218209dcce88ec8f7a0b37.png,1,wildfake,DDIM,train,"WildFake official ModelScope release; official train metadata only; COCO, DALL-E, and Advanced rows excluded"
data/raw/wildfake/Images/Diffusion_based/DDIM/imgs_bedroom/90513142eab12e39f15febc2d8badd5d.png,1,wildfake,DDIM,train,"WildFake official ModelScope release; official train metadata only; COCO, DALL-E, and Advanced rows excluded"
data/raw/wildfake/Images/Real/afhq/afhq/val/wild/img015982.jpg,0,wildfake,afhq,train,"WildFake official ModelScope release; official train metadata only; COCO, DALL-E, and Advanced rows excluded"
data/raw/wildfake/Images/Real/afhq/afhq_v2/train/wild/img030467.jpg,0,wildfake,afhq,train,"WildFake official ModelScope release; official train metadata only; COCO, DALL-E, and Advanced rows excluded"
data/raw/wildfake/Images/Real/afhq/afhq_v2/train/wild/img027538.jpg,0,wildfake,afhq,train,"WildFake official ModelScope release; official train metadata only; COCO, DALL-E, and Advanced rows excluded"
data/raw/wildfake/Images/Real/afhq/afhq_v2/train/wild/img028812.jpg,0,wildfake,afhq,train,"WildFake official ModelScope release; official train metadata only; COCO, DALL-E, and Advanced rows excluded"
data/raw/wildfake/Images/Real/afhq/afhq_v2/train/cat/img018429.jpg,0,wildfake,afhq,train,"WildFake official ModelScope release; official train metadata only; COCO, DALL-E, and Advanced rows excluded"
data/raw/wildfake/Images/Real/afhq/afhq_v2/train/wild/img030279.jpg,0,wildfake,afhq,train,"WildFake official ModelScope release; official train metadata only; COCO, DALL-E, and Advanced rows excluded"
data/raw/wildfake/Images/Real/afhq/afhq/train/cat/img002653.jpg,0,wildfake,afhq,train,"WildFake official ModelScope release; official train metadata only; COCO, DALL-E, and Advanced rows excluded"
data/raw/wildfake/Images/Diffusion_based/DDIM/imgs_bedroom/37ac13b5640ce06b23fc01ece2a21c05.png,1,wildfake,DDIM,train,"WildFake official ModelScope release; official train metadata only; COCO, DALL-E, and Advanced rows excluded"
data/raw/wildfake/Images/Diffusion_based/DDIM/imgs_bedroom/b01b282aa5be8fff42610a9216f66ac4.png,1,wildfake,DDIM,train,"WildFake official ModelScope release; official train metadata only; COCO, DALL-E, and Advanced rows excluded"
data/raw/wildfake/Images/Real/afhq/afhq/train/wild/img014083.jpg,0,wildfake,afhq,train,"WildFake official ModelScope release; official train metadata only; COCO, DALL-E, and Advanced rows excluded"
data/raw/wildfake/Images/Diffusion_based/DDIM/imgs_bedroom/4ea454c2e72447b104de7720d908c263.png,1,wildfake,DDIM,train,"WildFake official ModelScope release; official train metadata only; COCO, DALL-E, and Advanced rows excluded"
data/raw/wildfake/Images/Real/afhq/afhq/train/cat/img001408.jpg,0,wildfake,afhq,train,"WildFake official ModelScope release; official train metadata only; COCO, DALL-E, and Advanced rows excluded"
data/raw/wildfake/Images/Diffusion_based/DDIM/imgs_bedroom/42fd26cc3875567e54cd5c48c066354f.png,1,wildfake,DDIM,train,"WildFake official ModelScope release; official train metadata only; COCO, DALL-E, and Advanced rows excluded"
data/raw/wildfake/Images/Real/afhq/afhq/train/cat/img001648.jpg,0,wildfake,afhq,train,"WildFake official ModelScope release; official train metadata only; COCO, DALL-E, and Advanced rows excluded"
data/raw/wildfake/Images/Diffusion_based/DDIM/imgs_CC9K/f0f981d9bb5573c3730525b4021456b8.png,1,wildfake,DDIM,train,"WildFake official ModelScope release; official train metadata only; COCO, DALL-E, and Advanced rows excluded"
data/raw/wildfake/Images/Real/afhq/afhq/train/dog/img007118.jpg,0,wildfake,afhq,train,"WildFake official ModelScope release; official train metadata only; COCO, DALL-E, and Advanced rows excluded"
data/raw/wildfake/Images/Diffusion_based/DDIM/imgs_bedroom/a264a2056885a8f533eb11f05fa4f223.png,1,wildfake,DDIM,train,"WildFake official ModelScope release; official train metadata only; COCO, DALL-E, and Advanced rows excluded"
data/raw/wildfake/Images/Diffusion_based/DDIM/imgs_bedroom/db86fd6dac505934ecd3751e781d1dfb.png,1,wildfake,DDIM,train,"WildFake official ModelScope release; official train metadata only; COCO, DALL-E, and Advanced rows excluded"
data/raw/wildfake/Images/Real/afhq/afhq/train/wild/img012878.jpg,0,wildfake,afhq,train,"WildFake official ModelScope release; official train metadata only; COCO, DALL-E, and Advanced rows excluded"
data/raw/wildfake/Images/Real/afhq/afhq_v2/train/wild/img027691.jpg,0,wildfake,afhq,train,"WildFake official ModelScope release; official train metadata only; COCO, DALL-E, and Advanced rows excluded"
data/raw/wildfake/Images/Real/afhq/afhq_v2/train/dog/img023077.jpg,0,wildfake,afhq,train,"WildFake official ModelScope release; official train metadata only; COCO, DALL-E, and Advanced rows excluded"
data/raw/wildfake/Images/Real/afhq/afhq_v2/train/wild/img028383.jpg,0,wildfake,afhq,train,"WildFake official ModelScope release; official train metadata only; COCO, DALL-E, and Advanced rows excluded"
data/raw/wildfake/Images/Real/afhq/afhq_v2/train/wild/img028088.jpg,0,wildfake,afhq,train,"WildFake official ModelScope release; official train metadata only; COCO, DALL-E, and Advanced rows excluded"
data/raw/wildfake/Images/Diffusion_based/DDIM/imgs_bedroom/a0626ce7492df081519be96c2fe9c4d3.png,1,wildfake,DDIM,train,"WildFake official ModelScope release; official train metadata only; COCO, DALL-E, and Advanced rows excluded"
data/raw/wildfake/Images/Diffusion_based/DDIM/imgs_bedroom/2b0d9bb25b0e14c3a327810158b7ff16.png,1,wildfake,DDIM,train,"WildFake official ModelScope release; official train metadata only; COCO, DALL-E, and Advanced rows excluded"
data/raw/wildfake/Images/Real/afhq/afhq/train/wild/img014433.jpg,0,wildfake,afhq,train,"WildFake official ModelScope release; official train metadata only; COCO, DALL-E, and Advanced rows excluded"
data/raw/wildfake/Images/Real/afhq/afhq_v2/test/cat/img016278.jpg,0,wildfake,afhq,train,"WildFake official ModelScope release; official train metadata only; COCO, DALL-E, and Advanced rows excluded"
data/raw/wildfake/Images/Diffusion_based/DDIM/imgs_bedroom/a6a95a619d45955f4ce1e1c45d661158.png,1,wildfake,DDIM,train,"WildFake official ModelScope release; official train metadata only; COCO, DALL-E, and Advanced rows excluded"
data/raw/wildfake/Images/Diffusion_based/DDIM/imgs_bedroom/65142f3362f8f4630e224cfbc768b8be.png,1,wildfake,DDIM,train,"WildFake official ModelScope release; official train metadata only; COCO, DALL-E, and Advanced rows excluded"
data/raw/wildfake/Images/Diffusion_based/DDIM/imgs_bedroom/8a65874abb8a278902b4e53a68e16bc2.png,1,wildfake,DDIM,train,"WildFake official ModelScope release; official train metadata only; COCO, DALL-E, and Advanced rows excluded"
data/raw/wildfake/Images/Real/afhq/afhq_v2/train/wild/img027568.jpg,0,wildfake,afhq,train,"WildFake official ModelScope release; official train metadata only; COCO, DALL-E, and Advanced rows excluded"
data/raw/wildfake/Images/Real/afhq/afhq_v2/train/wild/img030137.jpg,0,wildfake,afhq,train,"WildFake official ModelScope release; official train metadata only; COCO, DALL-E, and Advanced rows excluded"
data/raw/wildfake/Images/Real/afhq/afhq_v2/train/wild/img028358.jpg,0,wildfake,afhq,train,"WildFake official ModelScope release; official train metadata only; COCO, DALL-E, and Advanced rows excluded"
data/raw/wildfake/Images/Diffusion_based/DDIM/imgs_bedroom/9a470c92ef9204d0bba35b244fedc861.png,1,wildfake,DDIM,train,"WildFake official ModelScope release; official train metadata only; COCO, DALL-E, and Advanced rows excluded"
data/raw/wildfake/Images/Diffusion_based/DDIM/imgs_CC9K/f6c0ac4195f0e50c8e22ee3d984daba8.png,1,wildfake,DDIM,train,"WildFake official ModelScope release; official train metadata only; COCO, DALL-E, and Advanced rows excluded"
data/raw/wildfake/Images/Real/afhq/afhq/val/wild/img015641.jpg,0,wildfake,afhq,train,"WildFake official ModelScope release; official train metadata only; COCO, DALL-E, and Advanced rows excluded"
data/raw/wildfake/Images/Real/afhq/afhq_v2/train/dog/img026638.jpg,0,wildfake,afhq,train,"WildFake official ModelScope release; official train metadata only; COCO, DALL-E, and Advanced rows excluded"
data/raw/wildfake/Images/Diffusion_based/DDIM/imgs_bedroom/aa1eb3fa80539d3f662ec578f24af58f.png,1,wildfake,DDIM,train,"WildFake official ModelScope release; official train metadata only; COCO, DALL-E, and Advanced rows excluded"
data/raw/wildfake/Images/Diffusion_based/DDIM/imgs_bedroom/77f5d319b55399df5af8ee7a7d388beb.png,1,wildfake,DDIM,train,"WildFake official ModelScope release; official train metadata only; COCO, DALL-E, and Advanced rows excluded"
data/raw/wildfake/Images/Real/afhq/afhq/train/dog/img006901.jpg,0,wildfake,afhq,train,"WildFake official ModelScope release; official train metadata only; COCO, DALL-E, and Advanced rows excluded"
data/raw/wildfake/Images/Diffusion_based/DDIM/imgs_bedroom/a37457e9022712a0cce2a9ed6d97aba5.png,1,wildfake,DDIM,train,"WildFake official ModelScope release; official train metadata only; COCO, DALL-E, and Advanced rows excluded"
data/raw/wildfake/Images/Real/afhq/afhq/train/wild/img013917.jpg,0,wildfake,afhq,train,"WildFake official ModelScope release; official train metadata only; COCO, DALL-E, and Advanced rows excluded"
data/raw/wildfake/Images/Real/afhq/afhq/val/wild/img015634.jpg,0,wildfake,afhq,train,"WildFake official ModelScope release; official train metadata only; COCO, DALL-E, and Advanced rows excluded"
data/raw/wildfake/Images/Diffusion_based/DDIM/imgs_bedroom/cb24f4140f692c7321021a901efc4f1a.png,1,wildfake,DDIM,train,"WildFake official ModelScope release; official train metadata only; COCO, DALL-E, and Advanced rows excluded"
data/raw/wildfake/Images/Diffusion_based/DDIM/imgs_CC9K/b3452ebb94b3995a18cab95dc7ebc208.png,1,wildfake,DDIM,train,"WildFake official ModelScope release; official train metadata only; COCO, DALL-E, and Advanced rows excluded"
data/raw/wildfake/Images/Diffusion_based/DDIM/imgs_CC9K/bcc4c2b091120dd42296031f5471c702.png,1,wildfake,DDIM,train,"WildFake official ModelScope release; official train metadata only; COCO, DALL-E, and Advanced rows excluded"
data/raw/wildfake/Images/Real/afhq/afhq_v2/train/dog/img023058.jpg,0,wildfake,afhq,train,"WildFake official ModelScope release; official train metadata only; COCO, DALL-E, and Advanced rows excluded"
data/raw/wildfake/Images/Diffusion_based/DDIM/imgs_bedroom/5005e314b2d24927e700bad861669a9c.png,1,wildfake,DDIM,train,"WildFake official ModelScope release; official train metadata only; COCO, DALL-E, and Advanced rows excluded"
data/raw/wildfake/Images/Diffusion_based/DDIM/imgs_CC9K/0e3c1593f5e600e3f346ab954d41c376.png,1,wildfake,DDIM,train,"WildFake official ModelScope release; official train metadata only; COCO, DALL-E, and Advanced rows excluded"
data/raw/wildfake/Images/Real/afhq/afhq/train/cat/img004492.jpg,0,wildfake,afhq,train,"WildFake official ModelScope release; official train metadata only; COCO, DALL-E, and Advanced rows excluded"
data/raw/wildfake/Images/Real/afhq/afhq/train/cat/img001466.jpg,0,wildfake,afhq,train,"WildFake official ModelScope release; official train metadata only; COCO, DALL-E, and Advanced rows excluded"
data/raw/wildfake/Images/Diffusion_based/DDIM/imgs_bedroom/4f1189ed812e52ea02ec741c2c203294.png,1,wildfake,DDIM,train,"WildFake official ModelScope release; official train metadata only; COCO, DALL-E, and Advanced rows excluded"
data/raw/wildfake/Images/Real/afhq/afhq/train/dog/img007594.jpg,0,wildfake,afhq,train,"WildFake official ModelScope release; official train metadata only; COCO, DALL-E, and Advanced rows excluded"
data/raw/wildfake/Images/Diffusion_based/DDIM/imgs_bedroom/50cc3972ae08b715bb856608736fce8c.png,1,wildfake,DDIM,train,"WildFake official ModelScope release; official train metadata only; COCO, DALL-E, and Advanced rows excluded"
data/raw/wildfake/Images/Real/afhq/afhq_v2/train/dog/img025774.jpg,0,wildfake,afhq,train,"WildFake official ModelScope release; official train metadata only; COCO, DALL-E, and Advanced rows excluded"
data/raw/wildfake/Images/Real/afhq/afhq_v2/train/cat/img019889.jpg,0,wildfake,afhq,train,"WildFake official ModelScope release; official train metadata only; COCO, DALL-E, and Advanced rows excluded"
data/raw/wildfake/Images/Real/afhq/afhq_v2/train/dog/img024161.jpg,0,wildfake,afhq,train,"WildFake official ModelScope release; official train metadata only; COCO, DALL-E, and Advanced rows excluded"
data/raw/wildfake/Images/Real/afhq/afhq/train/wild/img011818.jpg,0,wildfake,afhq,train,"WildFake official ModelScope release; official train metadata only; COCO, DALL-E, and Advanced rows excluded"
data/raw/wildfake/Images/Diffusion_based/DDIM/imgs_CC9K/5f9694faf0dd9559f7a859656e8c56c7.png,1,wildfake,DDIM,train,"WildFake official ModelScope release; official train metadata only; COCO, DALL-E, and Advanced rows excluded"
data/raw/wildfake/Images/Real/afhq/afhq_v2/train/dog/img025416.jpg,0,wildfake,afhq,train,"WildFake official ModelScope release; official train metadata only; COCO, DALL-E, and Advanced rows excluded"
data/raw/wildfake/Images/Diffusion_based/DDIM/imgs_bedroom/753853434e177f18e7ff6ba2b5bfb727.png,1,wildfake,DDIM,train,"WildFake official ModelScope release; official train metadata only; COCO, DALL-E, and Advanced rows excluded"
data/raw/wildfake/Images/Diffusion_based/DDIM/imgs_bedroom/1782fec45b363592375817668eed4abc.png,1,wildfake,DDIM,train,"WildFake official ModelScope release; official train metadata only; COCO, DALL-E, and Advanced rows excluded"
data/raw/wildfake/Images/Diffusion_based/DDIM/imgs_bedroom/4758d0bf06ce821678917d8174c57a2e.png,1,wildfake,DDIM,train,"WildFake official ModelScope release; official train metadata only; COCO, DALL-E, and Advanced rows excluded"
data/raw/wildfake/Images/Diffusion_based/DDIM/imgs_bedroom/d6e5f4389c0fd9d21c5039a9b836b7f2.png,1,wildfake,DDIM,train,"WildFake official ModelScope release; official train metadata only; COCO, DALL-E, and Advanced rows excluded"
data/raw/wildfake/Images/Diffusion_based/DDIM/imgs_bedroom/43524e481e93eefb0b0132fd3440ab83.png,1,wildfake,DDIM,train,"WildFake official ModelScope release; official train metadata only; COCO, DALL-E, and Advanced rows excluded"
data/raw/wildfake/Images/Diffusion_based/DDIM/imgs_CC9K/e6e32055c10d13d2a97bc4636c924d51.png,1,wildfake,DDIM,train,"WildFake official ModelScope release; official train metadata only; COCO, DALL-E, and Advanced rows excluded"
data/raw/wildfake/Images/Diffusion_based/DDIM/imgs_bedroom/79e8bba7e365650b61344df4886a40c6.png,1,wildfake,DDIM,train,"WildFake official ModelScope release; official train metadata only; COCO, DALL-E, and Advanced rows excluded"
data/raw/wildfake/Images/Real/afhq/afhq_v2/train/cat/img019062.jpg,0,wildfake,afhq,train,"WildFake official ModelScope release; official train metadata only; COCO, DALL-E, and Advanced rows excluded"
data/raw/wildfake/Images/Diffusion_based/DDIM/imgs_bedroom/c3ee0652b3e5b9fe36b752cff6427315.png,1,wildfake,DDIM,train,"WildFake official ModelScope release; official train metadata only; COCO, DALL-E, and Advanced rows excluded"
data/raw/wildfake/Images/Real/afhq/afhq/val/cat/img014643.jpg,0,wildfake,afhq,train,"WildFake official ModelScope release; official train metadata only; COCO, DALL-E, and Advanced rows excluded"
data/raw/wildfake/Images/Diffusion_based/DDIM/imgs_CC9K/161b3fbeb014f427bb13b2ad19669059.png,1,wildfake,DDIM,train,"WildFake official ModelScope release; official train metadata only; COCO, DALL-E, and Advanced rows excluded"
data/raw/wildfake/Images/Diffusion_based/DDIM/imgs_bedroom/da3dc1c08289c2e809fbea7380e963a1.png,1,wildfake,DDIM,train,"WildFake official ModelScope release; official train metadata only; COCO, DALL-E, and Advanced rows excluded"
data/raw/wildfake/Images/Diffusion_based/DDIM/imgs_bedroom/3ebe8799df1a3f0222d408a4590b9e86.png,1,wildfake,DDIM,train,"WildFake official ModelScope release; official train metadata only; COCO, DALL-E, and Advanced rows excluded"
data/raw/wildfake/Images/Diffusion_based/DDIM/imgs_bedroom/8e0dba3cf3e9f94ba741813ee404fc92.png,1,wildfake,DDIM,train,"WildFake official ModelScope release; official train metadata only; COCO, DALL-E, and Advanced rows excluded"
data/raw/wildfake/Images/Real/afhq/afhq_v2/train/wild/img028883.jpg,0,wildfake,afhq,train,"WildFake official ModelScope release; official train metadata only; COCO, DALL-E, and Advanced rows excluded"
data/raw/wildfake/Images/Diffusion_based/DDIM/imgs_bedroom/8341b0a269a21fc1fa88f0bd9fc07b89.png,1,wildfake,DDIM,train,"WildFake official ModelScope release; official train metadata only; COCO, DALL-E, and Advanced rows excluded"
data/raw/wildfake/Images/Diffusion_based/DDIM/imgs_CC9K/327a5711662b32d9cfd7dd9449995a50.png,1,wildfake,DDIM,train,"WildFake official ModelScope release; official train metadata only; COCO, DALL-E, and Advanced rows excluded"
data/raw/wildfake/Images/Real/afhq/afhq_v2/train/dog/img024051.jpg,0,wildfake,afhq,train,"WildFake official ModelScope release; official train metadata only; COCO, DALL-E, and Advanced rows excluded"
data/raw/wildfake/Images/Real/afhq/afhq_v2/train/wild/img030456.jpg,0,wildfake,afhq,train,"WildFake official ModelScope release; official train metadata only; COCO, DALL-E, and Advanced rows excluded"
data/raw/wildfake/Images/Real/afhq/afhq_v2/train/dog/img024293.jpg,0,wildfake,afhq,train,"WildFake official ModelScope release; official train metadata only; COCO, DALL-E, and Advanced rows excluded"
data/raw/wildfake/Images/Diffusion_based/DDIM/imgs_CC9K/ce53d62da721b8bbcf61efb4bc154db5.png,1,wildfake,DDIM,train,"WildFake official ModelScope release; official train metadata only; COCO, DALL-E, and Advanced rows excluded"
data/raw/wildfake/Images/Real/afhq/afhq/train/dog/img007854.jpg,0,wildfake,afhq,train,"WildFake official ModelScope release; official train metadata only; COCO, DALL-E, and Advanced rows excluded"
data/raw/wildfake/Images/Real/afhq/afhq_v2/train/cat/img018513.jpg,0,wildfake,afhq,train,"WildFake official ModelScope release; official train metadata only; COCO, DALL-E, and Advanced rows excluded"
data/raw/wildfake/Images/Diffusion_based/DDIM/imgs_CC9K/92c9716a7d009c67bb30833698921359.png,1,wildfake,DDIM,train,"WildFake official ModelScope release; official train metadata only; COCO, DALL-E, and Advanced rows excluded"
data/raw/wildfake/Images/Diffusion_based/DDIM/imgs_bedroom/d0d92ffef329981b873d16fe75913927.png,1,wildfake,DDIM,train,"WildFake official ModelScope release; official train metadata only; COCO, DALL-E, and Advanced rows excluded"
data/raw/wildfake/Images/Diffusion_based/DDIM/imgs_bedroom/4f0887530cec35bb9cb5044278ba7bbd.png,1,wildfake,DDIM,train,"WildFake official ModelScope release; official train metadata only; COCO, DALL-E, and Advanced rows excluded"
data/raw/wildfake/Images/Real/afhq/afhq/val/wild/img015637.jpg,0,wildfake,afhq,train,"WildFake official ModelScope release; official train metadata only; COCO, DALL-E, and Advanced rows excluded"
data/raw/wildfake/Images/Real/afhq/afhq/train/wild/img010181.jpg,0,wildfake,afhq,train,"WildFake official ModelScope release; official train metadata only; COCO, DALL-E, and Advanced rows excluded"
data/raw/wildfake/Images/Real/afhq/afhq/train/cat/img001717.jpg,0,wildfake,afhq,train,"WildFake official ModelScope release; official train metadata only; COCO, DALL-E, and Advanced rows excluded"
data/raw/wildfake/Images/Diffusion_based/DDIM/imgs_bedroom/b70cd86cab2de7a319edd4b7f7776a18.png,1,wildfake,DDIM,train,"WildFake official ModelScope release; official train metadata only; COCO, DALL-E, and Advanced rows excluded"
data/raw/wildfake/Images/Diffusion_based/DDIM/imgs_bedroom/77fb547ba9d605ce686346875c2f0636.png,1,wildfake,DDIM,train,"WildFake official ModelScope release; official train metadata only; COCO, DALL-E, and Advanced rows excluded"
data/raw/wildfake/Images/Diffusion_based/DDIM/imgs_bedroom/689c67cb63ddc731de51e53994337076.png,1,wildfake,DDIM,train,"WildFake official ModelScope release; official train metadata only; COCO, DALL-E, and Advanced rows excluded"
data/raw/wildfake/Images/Real/afhq/afhq/train/wild/img011656.jpg,0,wildfake,afhq,train,"WildFake official ModelScope release; official train metadata only; COCO, DALL-E, and Advanced rows excluded"
data/raw/wildfake/Images/Diffusion_based/DDIM/imgs_bedroom/a866e378b7c036d311aadf6b53b12a9c.png,1,wildfake,DDIM,train,"WildFake official ModelScope release; official train metadata only; COCO, DALL-E, and Advanced rows excluded"
data/raw/wildfake/Images/Diffusion_based/DDIM/imgs_bedroom/46b9ae4e256cef7ca4a427ac3cd5db5e.png,1,wildfake,DDIM,train,"WildFake official ModelScope release; official train metadata only; COCO, DALL-E, and Advanced rows excluded"
data/raw/wildfake/Images/Diffusion_based/DDIM/imgs_bedroom/7ed90ff9829727431fe6e694964c22a7.png,1,wildfake,DDIM,train,"WildFake official ModelScope release; official train metadata only; COCO, DALL-E, and Advanced rows excluded"
data/raw/wildfake/Images/Diffusion_based/DDIM/imgs_CC9K/dca17aa38542daed6ce044a146c335bb.png,1,wildfake,DDIM,train,"WildFake official ModelScope release; official train metadata only; COCO, DALL-E, and Advanced rows excluded"
data/raw/wildfake/Images/Diffusion_based/DDIM/imgs_bedroom/eaf41e8d07f7337af192a08bfc52d075.png,1,wildfake,DDIM,train,"WildFake official ModelScope release; official train metadata only; COCO, DALL-E, and Advanced rows excluded"
data/raw/wildfake/Images/Diffusion_based/DDIM/imgs_CC9K/6961e971f46baaf5643fa96c6d1ddb8d.png,1,wildfake,DDIM,train,"WildFake official ModelScope release; official train metadata only; COCO, DALL-E, and Advanced rows excluded"
data/raw/wildfake/Images/Real/afhq/afhq/val/cat/img014728.jpg,0,wildfake,afhq,train,"WildFake official ModelScope release; official train metadata only; COCO, DALL-E, and Advanced rows excluded"
data/raw/wildfake/Images/Real/afhq/afhq/train/wild/img010081.jpg,0,wildfake,afhq,train,"WildFake official ModelScope release; official train metadata only; COCO, DALL-E, and Advanced rows excluded"
data/raw/wildfake/Images/Real/afhq/afhq/train/cat/img000387.jpg,0,wildfake,afhq,train,"WildFake official ModelScope release; official train metadata only; COCO, DALL-E, and Advanced rows excluded"
data/raw/wildfake/Images/Diffusion_based/DDIM/imgs_bedroom/1b74ed8fed673523677555c3b92f2980.png,1,wildfake,DDIM,train,"WildFake official ModelScope release; official train metadata only; COCO, DALL-E, and Advanced rows excluded"
data/raw/wildfake/Images/Diffusion_based/DDIM/imgs_bedroom/18e263edb8cf2b9218de721dc7a043f7.png,1,wildfake,DDIM,train,"WildFake official ModelScope release; official train metadata only; COCO, DALL-E, and Advanced rows excluded"
data/raw/wildfake/Images/Diffusion_based/DDIM/imgs_bedroom/3db2f8e095e4caa9aaef9cfd409c74c7.png,1,wildfake,DDIM,train,"WildFake official ModelScope release; official train metadata only; COCO, DALL-E, and Advanced rows excluded"
data/raw/wildfake/Images/Real/afhq/afhq_v2/train/cat/img019539.jpg,0,wildfake,afhq,train,"WildFake official ModelScope release; official train metadata only; COCO, DALL-E, and Advanced rows excluded"
data/raw/wildfake/Images/Real/afhq/afhq_v2/train/dog/img023138.jpg,0,wildfake,afhq,train,"WildFake official ModelScope release; official train metadata only; COCO, DALL-E, and Advanced rows excluded"
data/raw/wildfake/Images/Real/afhq/afhq_v2/train/cat/img021542.jpg,0,wildfake,afhq,train,"WildFake official ModelScope release; official train metadata only; COCO, DALL-E, and Advanced rows excluded"
data/raw/wildfake/Images/Diffusion_based/DDIM/imgs_CC9K/d0ade9fb1a0ba4ac23f6fd9616db3f93.png,1,wildfake,DDIM,train,"WildFake official ModelScope release; official train metadata only; COCO, DALL-E, and Advanced rows excluded"
data/raw/wildfake/Images/Diffusion_based/DDIM/imgs_bedroom/766316341437ee6dabb8b01108729a2d.png,1,wildfake,DDIM,train,"WildFake official ModelScope release; official train metadata only; COCO, DALL-E, and Advanced rows excluded"
data/raw/wildfake/Images/Real/afhq/afhq_v2/train/wild/img030832.jpg,0,wildfake,afhq,train,"WildFake official ModelScope release; official train metadata only; COCO, DALL-E, and Advanced rows excluded"
data/raw/wildfake/Images/Diffusion_based/DDIM/imgs_bedroom/a9c141f7ece55ac2f9c64774f5210ff2.png,1,wildfake,DDIM,train,"WildFake official ModelScope release; official train metadata only; COCO, DALL-E, and Advanced rows excluded"
data/raw/wildfake/Images/Real/afhq/afhq_v2/train/cat/img022123.jpg,0,wildfake,afhq,train,"WildFake official ModelScope release; official train metadata only; COCO, DALL-E, and Advanced rows excluded"
data/raw/wildfake/Images/Real/afhq/afhq_v2/train/cat/img019029.jpg,0,wildfake,afhq,train,"WildFake official ModelScope release; official train metadata only; COCO, DALL-E, and Advanced rows excluded"
data/raw/wildfake/Images/Real/afhq/afhq/train/wild/img013342.jpg,0,wildfake,afhq,train,"WildFake official ModelScope release; official train metadata only; COCO, DALL-E, and Advanced rows excluded"
data/raw/wildfake/Images/Diffusion_based/DDIM/imgs_bedroom/71b7f778ae5422efb244612a9544b557.png,1,wildfake,DDIM,train,"WildFake official ModelScope release; official train metadata only; COCO, DALL-E, and Advanced rows excluded"
data/raw/wildfake/Images/Diffusion_based/DDIM/imgs_CC9K/3370b3942db3d9f5e173c87dc827a089.png,1,wildfake,DDIM,train,"WildFake official ModelScope release; official train metadata only; COCO, DALL-E, and Advanced rows excluded"
data/raw/wildfake/Images/Real/afhq/afhq/train/cat/img003777.jpg,0,wildfake,afhq,train,"WildFake official ModelScope release; official train metadata only; COCO, DALL-E, and Advanced rows excluded"
data/raw/wildfake/Images/Diffusion_based/DDIM/imgs_bedroom/57283ad14499f3abca7327d0fbf7bef1.png,1,wildfake,DDIM,train,"WildFake official ModelScope release; official train metadata only; COCO, DALL-E, and Advanced rows excluded"
data/raw/wildfake/Images/Real/afhq/afhq_v2/train/wild/img027976.jpg,0,wildfake,afhq,train,"WildFake official ModelScope release; official train metadata only; COCO, DALL-E, and Advanced rows excluded"
data/raw/wildfake/Images/Real/afhq/afhq_v2/test/cat/img016338.jpg,0,wildfake,afhq,train,"WildFake official ModelScope release; official train metadata only; COCO, DALL-E, and Advanced rows excluded"
data/raw/wildfake/Images/Real/afhq/afhq/train/wild/img014317.jpg,0,wildfake,afhq,train,"WildFake official ModelScope release; official train metadata only; COCO, DALL-E, and Advanced rows excluded"
data/raw/wildfake/Images/Diffusion_based/DDIM/imgs_CC9K/63e9dc821afe37535cdc94f94ddfffbf.png,1,wildfake,DDIM,train,"WildFake official ModelScope release; official train metadata only; COCO, DALL-E, and Advanced rows excluded"
data/raw/wildfake/Images/Real/afhq/afhq/train/cat/img002157.jpg,0,wildfake,afhq,train,"WildFake official ModelScope release; official train metadata only; COCO, DALL-E, and Advanced rows excluded"
data/raw/wildfake/Images/Real/afhq/afhq_v2/train/dog/img023049.jpg,0,wildfake,afhq,train,"WildFake official ModelScope release; official train metadata only; COCO, DALL-E, and Advanced rows excluded"
data/raw/wildfake/Images/Real/afhq/afhq/train/wild/img009934.jpg,0,wildfake,afhq,train,"WildFake official ModelScope release; official train metadata only; COCO, DALL-E, and Advanced rows excluded"
data/raw/wildfake/Images/Diffusion_based/DDIM/imgs_bedroom/3cc8876946f28c43a5ee8748f1d2c303.png,1,wildfake,DDIM,train,"WildFake official ModelScope release; official train metadata only; COCO, DALL-E, and Advanced rows excluded"
data/raw/wildfake/Images/Diffusion_based/DDIM/imgs_bedroom/a88377aa807a89e700c4ee4e336c163d.png,1,wildfake,DDIM,train,"WildFake official ModelScope release; official train metadata only; COCO, DALL-E, and Advanced rows excluded"
data/raw/wildfake/Images/Real/afhq/afhq_v2/train/dog/img026607.jpg,0,wildfake,afhq,train,"WildFake official ModelScope release; official train metadata only; COCO, DALL-E, and Advanced rows excluded"
data/raw/wildfake/Images/Diffusion_based/DDIM/imgs_CC9K/612332d4b47c06d3dd2f2cc40af4a1fb.png,1,wildfake,DDIM,train,"WildFake official ModelScope release; official train metadata only; COCO, DALL-E, and Advanced rows excluded"
data/raw/wildfake/Images/Diffusion_based/DDIM/imgs_CC9K/563572f9bfd51937c7696b264d85a4f8.png,1,wildfake,DDIM,train,"WildFake official ModelScope release; official train metadata only; COCO, DALL-E, and Advanced rows excluded"
data/raw/wildfake/Images/Real/afhq/afhq_v2/train/dog/img026989.jpg,0,wildfake,afhq,train,"WildFake official ModelScope release; official train metadata only; COCO, DALL-E, and Advanced rows excluded"
data/raw/wildfake/Images/Real/afhq/afhq_v2/train/dog/img023766.jpg,0,wildfake,afhq,train,"WildFake official ModelScope release; official train metadata only; COCO, DALL-E, and Advanced rows excluded"
data/raw/wildfake/Images/Diffusion_based/DDIM/imgs_bedroom/6db942e4aff2b20f628c2ce253a6f5af.png,1,wildfake,DDIM,train,"WildFake official ModelScope release; official train metadata only; COCO, DALL-E, and Advanced rows excluded"
data/raw/wildfake/Images/Diffusion_based/DDIM/imgs_CC9K/b07d3c7b9c375921c72c0e888b585fab.png,1,wildfake,DDIM,train,"WildFake official ModelScope release; official train metadata only; COCO, DALL-E, and Advanced rows excluded"
data/raw/wildfake/Images/Diffusion_based/DDIM/imgs_bedroom/ff786079a4851db09e0970d073e18d31.png,1,wildfake,DDIM,train,"WildFake official ModelScope release; official train metadata only; COCO, DALL-E, and Advanced rows excluded"
data/raw/wildfake/Images/Diffusion_based/DDIM/imgs_bedroom/b02b837ebb6fdda5751c24cfb99d5354.png,1,wildfake,DDIM,train,"WildFake official ModelScope release; official train metadata only; COCO, DALL-E, and Advanced rows excluded"
data/raw/wildfake/Images/Diffusion_based/DDIM/imgs_bedroom/f37b36f111e92f35a82e57b06900eb7d.png,1,wildfake,DDIM,train,"WildFake official ModelScope release; official train metadata only; COCO, DALL-E, and Advanced rows excluded"
data/raw/wildfake/Images/Real/afhq/afhq_v2/train/cat/img020418.jpg,0,wildfake,afhq,train,"WildFake official ModelScope release; official train metadata only; COCO, DALL-E, and Advanced rows excluded"
data/raw/wildfake/Images/Diffusion_based/DDIM/imgs_bedroom/71a6b1104c672f9ad526161866d72161.png,1,wildfake,DDIM,train,"WildFake official ModelScope release; official train metadata only; COCO, DALL-E, and Advanced rows excluded"
data/raw/wildfake/Images/Diffusion_based/DDIM/imgs_bedroom/756861f7eb5e392e15fea4bda8b84bdd.png,1,wildfake,DDIM,train,"WildFake official ModelScope release; official train metadata only; COCO, DALL-E, and Advanced rows excluded"
data/raw/wildfake/Images/Real/afhq/afhq/train/wild/img011511.jpg,0,wildfake,afhq,train,"WildFake official ModelScope release; official train metadata only; COCO, DALL-E, and Advanced rows excluded"
data/raw/wildfake/Images/Diffusion_based/DDIM/imgs_bedroom/e1cfa750cc0a45983502ee29b441b44b.png,1,wildfake,DDIM,train,"WildFake official ModelScope release; official train metadata only; COCO, DALL-E, and Advanced rows excluded"
data/raw/wildfake/Images/Diffusion_based/DDIM/imgs_bedroom/5be08697faa08c803e733021467a30f2.png,1,wildfake,DDIM,train,"WildFake official ModelScope release; official train metadata only; COCO, DALL-E, and Advanced rows excluded"
data/raw/wildfake/Images/Diffusion_based/DDIM/imgs_bedroom/4b32113e661857d9cad277e614fe1486.png,1,wildfake,DDIM,train,"WildFake official ModelScope release; official train metadata only; COCO, DALL-E, and Advanced rows excluded"
data/raw/wildfake/Images/Real/afhq/afhq/val/wild/img015918.jpg,0,wildfake,afhq,train,"WildFake official ModelScope release; official train metadata only; COCO, DALL-E, and Advanced rows excluded"
data/raw/wildfake/Images/Diffusion_based/DDIM/imgs_CC9K/b6f40bca5d58e50a9cdcd81717958d8f.png,1,wildfake,DDIM,train,"WildFake official ModelScope release; official train metadata only; COCO, DALL-E, and Advanced rows excluded"
data/raw/wildfake/Images/Real/afhq/afhq_v2/train/cat/img019576.jpg,0,wildfake,afhq,train,"WildFake official ModelScope release; official train metadata only; COCO, DALL-E, and Advanced rows excluded"
data/raw/wildfake/Images/Diffusion_based/DDIM/imgs_bedroom/2a4eb509ae52af7e59f2f7dd68237dd1.png,1,wildfake,DDIM,train,"WildFake official ModelScope release; official train metadata only; COCO, DALL-E, and Advanced rows excluded"
data/raw/wildfake/Images/Diffusion_based/DDIM/imgs_bedroom/d24af99569fa7f8464ff6e8579f4ee46.png,1,wildfake,DDIM,train,"WildFake official ModelScope release; official train metadata only; COCO, DALL-E, and Advanced rows excluded"
data/raw/wildfake/Images/Real/afhq/afhq/train/wild/img011419.jpg,0,wildfake,afhq,train,"WildFake official ModelScope release; official train metadata only; COCO, DALL-E, and Advanced rows excluded"
data/raw/wildfake/Images/Diffusion_based/DDIM/imgs_CC9K/16837ac2d49fe9a5d6dfe2b2dcd0d43c.png,1,wildfake,DDIM,train,"WildFake official ModelScope release; official train metadata only; COCO, DALL-E, and Advanced rows excluded"
data/raw/wildfake/Images/Real/afhq/afhq/train/cat/img000226.jpg,0,wildfake,afhq,train,"WildFake official ModelScope release; official train metadata only; COCO, DALL-E, and Advanced rows excluded"
data/raw/wildfake/Images/Real/afhq/afhq/train/cat/img002436.jpg,0,wildfake,afhq,train,"WildFake official ModelScope release; official train metadata only; COCO, DALL-E, and Advanced rows excluded"
data/raw/wildfake/Images/Real/afhq/afhq/train/cat/img002356.jpg,0,wildfake,afhq,train,"WildFake official ModelScope release; official train metadata only; COCO, DALL-E, and Advanced rows excluded"
data/raw/wildfake/Images/Diffusion_based/DDIM/imgs_bedroom/5607f255bab61b9c10d48c0719c10c0d.png,1,wildfake,DDIM,train,"WildFake official ModelScope release; official train metadata only; COCO, DALL-E, and Advanced rows excluded"
data/raw/wildfake/Images/Diffusion_based/DDIM/imgs_bedroom/215691ec549206be7f82f9e2cd44a31a.png,1,wildfake,DDIM,train,"WildFake official ModelScope release; official train metadata only; COCO, DALL-E, and Advanced rows excluded"
data/raw/wildfake/Images/Diffusion_based/DDIM/imgs_bedroom/79bdb13b31aa37b78d54034c2ec813b8.png,1,wildfake,DDIM,train,"WildFake official ModelScope release; official train metadata only; COCO, DALL-E, and Advanced rows excluded"
data/raw/wildfake/Images/Real/afhq/afhq_v2/train/cat/img022048.jpg,0,wildfake,afhq,train,"WildFake official ModelScope release; official train metadata only; COCO, DALL-E, and Advanced rows excluded"
data/raw/wildfake/Images/Real/afhq/afhq_v2/train/wild/img031154.jpg,0,wildfake,afhq,train,"WildFake official ModelScope release; official train metadata only; COCO, DALL-E, and Advanced rows excluded"
data/raw/wildfake/Images/Diffusion_based/DDIM/imgs_bedroom/d5d56325980c1f41c1c63eb37dc727d6.png,1,wildfake,DDIM,train,"WildFake official ModelScope release; official train metadata only; COCO, DALL-E, and Advanced rows excluded"
data/raw/wildfake/Images/Diffusion_based/DDIM/imgs_bedroom/0837a98563d8e29418e745e9197bd2a2.png,1,wildfake,DDIM,train,"WildFake official ModelScope release; official train metadata only; COCO, DALL-E, and Advanced rows excluded"
data/raw/wildfake/Images/Diffusion_based/DDIM/imgs_bedroom/240f60321a0bcf319b481f0f3a279597.png,1,wildfake,DDIM,train,"WildFake official ModelScope release; official train metadata only; COCO, DALL-E, and Advanced rows excluded"
data/raw/wildfake/Images/Diffusion_based/DDIM/imgs_bedroom/47ce765b610b358d6be4870c21c1cc04.png,1,wildfake,DDIM,train,"WildFake official ModelScope release; official train metadata only; COCO, DALL-E, and Advanced rows excluded"
data/raw/wildfake/Images/Real/afhq/afhq/train/wild/img011622.jpg,0,wildfake,afhq,train,"WildFake official ModelScope release; official train metadata only; COCO, DALL-E, and Advanced rows excluded"
data/raw/wildfake/Images/Real/afhq/afhq/train/dog/img007151.jpg,0,wildfake,afhq,train,"WildFake official ModelScope release; official train metadata only; COCO, DALL-E, and Advanced rows excluded"
data/raw/wildfake/Images/Real/afhq/afhq_v2/train/cat/img019978.jpg,0,wildfake,afhq,train,"WildFake official ModelScope release; official train metadata only; COCO, DALL-E, and Advanced rows excluded"
data/raw/wildfake/Images/Real/afhq/afhq/train/cat/img003404.jpg,0,wildfake,afhq,train,"WildFake official ModelScope release; official train metadata only; COCO, DALL-E, and Advanced rows excluded"
data/raw/wildfake/Images/Diffusion_based/DDIM/imgs_bedroom/05d6ff60bb5190e67e8cbd242c00b1e3.png,1,wildfake,DDIM,train,"WildFake official ModelScope release; official train metadata only; COCO, DALL-E, and Advanced rows excluded"
data/raw/wildfake/Images/Real/afhq/afhq_v2/train/wild/img030913.jpg,0,wildfake,afhq,train,"WildFake official ModelScope release; official train metadata only; COCO, DALL-E, and Advanced rows excluded"
data/raw/wildfake/Images/Real/afhq/afhq_v2/train/dog/img023158.jpg,0,wildfake,afhq,train,"WildFake official ModelScope release; official train metadata only; COCO, DALL-E, and Advanced rows excluded"
data/raw/wildfake/Images/Real/afhq/afhq_v2/train/wild/img027913.jpg,0,wildfake,afhq,train,"WildFake official ModelScope release; official train metadata only; COCO, DALL-E, and Advanced rows excluded"
data/raw/wildfake/Images/Real/afhq/afhq/train/cat/img002338.jpg,0,wildfake,afhq,train,"WildFake official ModelScope release; official train metadata only; COCO, DALL-E, and Advanced rows excluded"
data/raw/wildfake/Images/Real/afhq/afhq/train/dog/img008584.jpg,0,wildfake,afhq,train,"WildFake official ModelScope release; official train metadata only; COCO, DALL-E, and Advanced rows excluded"
data/raw/wildfake/Images/Diffusion_based/DDIM/imgs_CC9K/a9f2959c35b0a70799edca2b49c86276.png,1,wildfake,DDIM,train,"WildFake official ModelScope release; official train metadata only; COCO, DALL-E, and Advanced rows excluded"
data/raw/wildfake/Images/Diffusion_based/DDIM/imgs_bedroom/899cf5d08ee22c2c0c83954e6360f96e.png,1,wildfake,DDIM,train,"WildFake official ModelScope release; official train metadata only; COCO, DALL-E, and Advanced rows excluded"
data/raw/wildfake/Images/Diffusion_based/DDIM/imgs_bedroom/7cf1e0a9496b0bc24f5d8497d9d17bd6.png,1,wildfake,DDIM,train,"WildFake official ModelScope release; official train metadata only; COCO, DALL-E, and Advanced rows excluded"
data/raw/wildfake/Images/Real/afhq/afhq_v2/train/dog/img025573.jpg,0,wildfake,afhq,train,"WildFake official ModelScope release; official train metadata only; COCO, DALL-E, and Advanced rows excluded"
data/raw/wildfake/Images/Diffusion_based/DDIM/imgs_bedroom/4b05414c0cd5a8e3dfd9f9e5da2b3629.png,1,wildfake,DDIM,train,"WildFake official ModelScope release; official train metadata only; COCO, DALL-E, and Advanced rows excluded"
data/raw/wildfake/Images/Diffusion_based/DDIM/imgs_bedroom/3aad6736854ece66832aa3208d0cebc5.png,1,wildfake,DDIM,train,"WildFake official ModelScope release; official train metadata only; COCO, DALL-E, and Advanced rows excluded"
data/raw/wildfake/Images/Real/afhq/afhq/train/wild/img013896.jpg,0,wildfake,afhq,train,"WildFake official ModelScope release; official train metadata only; COCO, DALL-E, and Advanced rows excluded"
data/raw/wildfake/Images/Real/afhq/afhq/train/dog/img009642.jpg,0,wildfake,afhq,train,"WildFake official ModelScope release; official train metadata only; COCO, DALL-E, and Advanced rows excluded"
data/raw/wildfake/Images/Diffusion_based/DDIM/imgs_bedroom/ea18b9d1873462d38e4feed3a9f7d20f.png,1,wildfake,DDIM,train,"WildFake official ModelScope release; official train metadata only; COCO, DALL-E, and Advanced rows excluded"
data/raw/wildfake/Images/Diffusion_based/DDIM/imgs_bedroom/f32c9e9b5d5cccb4c33b5070d3455937.png,1,wildfake,DDIM,train,"WildFake official ModelScope release; official train metadata only; COCO, DALL-E, and Advanced rows excluded"
data/raw/wildfake/Images/Diffusion_based/DDIM/imgs_bedroom/750d7c54bb0337a3fdc8ff21c6ef4de3.png,1,wildfake,DDIM,train,"WildFake official ModelScope release; official train metadata only; COCO, DALL-E, and Advanced rows excluded"
data/raw/wildfake/Images/Diffusion_based/DDIM/imgs_CC9K/592c19ab6acfb487d0ccd0ee6fa7ac4a.png,1,wildfake,DDIM,train,"WildFake official ModelScope release; official train metadata only; COCO, DALL-E, and Advanced rows excluded"
data/raw/wildfake/Images/Real/afhq/afhq_v2/train/cat/img020213.jpg,0,wildfake,afhq,train,"WildFake official ModelScope release; official train metadata only; COCO, DALL-E, and Advanced rows excluded"
data/raw/wildfake/Images/Real/afhq/afhq/train/dog/img008598.jpg,0,wildfake,afhq,train,"WildFake official ModelScope release; official train metadata only; COCO, DALL-E, and Advanced rows excluded"
data/raw/wildfake/Images/Diffusion_based/DDIM/imgs_bedroom/126732ac3c97a274dcd024389a55cb14.png,1,wildfake,DDIM,train,"WildFake official ModelScope release; official train metadata only; COCO, DALL-E, and Advanced rows excluded"
data/raw/wildfake/Images/Real/afhq/afhq_v2/train/dog/img023656.jpg,0,wildfake,afhq,train,"WildFake official ModelScope release; official train metadata only; COCO, DALL-E, and Advanced rows excluded"
data/raw/wildfake/Images/Diffusion_based/DDIM/imgs_bedroom/9c38cd6d90dd288823229e57d17a0d8b.png,1,wildfake,DDIM,train,"WildFake official ModelScope release; official train metadata only; COCO, DALL-E, and Advanced rows excluded"
data/raw/wildfake/Images/Real/afhq/afhq/train/cat/img002942.jpg,0,wildfake,afhq,train,"WildFake official ModelScope release; official train metadata only; COCO, DALL-E, and Advanced rows excluded"
data/raw/wildfake/Images/Diffusion_based/DDIM/imgs_bedroom/2407e24e0259b03b0f9b5aef5b1ac249.png,1,wildfake,DDIM,train,"WildFake official ModelScope release; official train metadata only; COCO, DALL-E, and Advanced rows excluded"
data/raw/wildfake/Images/Real/afhq/afhq_v2/train/wild/img031096.jpg,0,wildfake,afhq,train,"WildFake official ModelScope release; official train metadata only; COCO, DALL-E, and Advanced rows excluded"
data/raw/wildfake/Images/Diffusion_based/DDIM/imgs_bedroom/7735ee5c00a39e22cbf78d35ebd90c0b.png,1,wildfake,DDIM,train,"WildFake official ModelScope release; official train metadata only; COCO, DALL-E, and Advanced rows excluded"
data/raw/wildfake/Images/Diffusion_based/DDIM/imgs_bedroom/9e62586d766379170c06e2f4ba242542.png,1,wildfake,DDIM,train,"WildFake official ModelScope release; official train metadata only; COCO, DALL-E, and Advanced rows excluded"
data/raw/wildfake/Images/Diffusion_based/DDIM/imgs_bedroom/0a5c79f79a9092da5e871b6cc6ea07e5.png,1,wildfake,DDIM,train,"WildFake official ModelScope release; official train metadata only; COCO, DALL-E, and Advanced rows excluded"
data/raw/wildfake/Images/Diffusion_based/DDIM/imgs_CC9K/523459101b30ca4ceb5a97c4a3b2456a.png,1,wildfake,DDIM,train,"WildFake official ModelScope release; official train metadata only; COCO, DALL-E, and Advanced rows excluded"
data/raw/wildfake/Images/Diffusion_based/DDIM/imgs_bedroom/78faedbbacb17719d20d274b046dec24.png,1,wildfake,DDIM,train,"WildFake official ModelScope release; official train metadata only; COCO, DALL-E, and Advanced rows excluded"
data/raw/wildfake/Images/Real/afhq/afhq_v2/train/wild/img030888.jpg,0,wildfake,afhq,train,"WildFake official ModelScope release; official train metadata only; COCO, DALL-E, and Advanced rows excluded"
data/raw/wildfake/Images/Real/afhq/afhq_v2/train/wild/img027689.jpg,0,wildfake,afhq,train,"WildFake official ModelScope release; official train metadata only; COCO, DALL-E, and Advanced rows excluded"
data/raw/wildfake/Images/Diffusion_based/DDIM/imgs_bedroom/cd032f6c152ff25e48de8de271c90ec0.png,1,wildfake,DDIM,train,"WildFake official ModelScope release; official train metadata only; COCO, DALL-E, and Advanced rows excluded"
data/raw/wildfake/Images/Diffusion_based/DDIM/imgs_CC9K/ba3319b5f9e270ebddd3e02f00d93f65.png,1,wildfake,DDIM,train,"WildFake official ModelScope release; official train metadata only; COCO, DALL-E, and Advanced rows excluded"
data/raw/wildfake/Images/Real/afhq/afhq_v2/train/wild/img027888.jpg,0,wildfake,afhq,train,"WildFake official ModelScope release; official train metadata only; COCO, DALL-E, and Advanced rows excluded"
data/raw/wildfake/Images/Diffusion_based/DDIM/imgs_bedroom/d7b36d81dfe9aaba30a0b4281df09b9a.png,1,wildfake,DDIM,train,"WildFake official ModelScope release; official train metadata only; COCO, DALL-E, and Advanced rows excluded"
data/raw/wildfake/Images/Diffusion_based/DDIM/imgs_bedroom/a586e8b470410ac8fbbadf2b49ac17de.png,1,wildfake,DDIM,train,"WildFake official ModelScope release; official train metadata only; COCO, DALL-E, and Advanced rows excluded"
data/raw/wildfake/Images/Real/afhq/afhq_v2/train/cat/img020939.jpg,0,wildfake,afhq,train,"WildFake official ModelScope release; official train metadata only; COCO, DALL-E, and Advanced rows excluded"
data/raw/wildfake/Images/Diffusion_based/DDIM/imgs_bedroom/c18153754b41229805dc912c3fcf0e08.png,1,wildfake,DDIM,train,"WildFake official ModelScope release; official train metadata only; COCO, DALL-E, and Advanced rows excluded"
data/raw/wildfake/Images/Real/afhq/afhq_v2/train/cat/img017962.jpg,0,wildfake,afhq,train,"WildFake official ModelScope release; official train metadata only; COCO, DALL-E, and Advanced rows excluded"
data/raw/wildfake/Images/Diffusion_based/DDIM/imgs_CC9K/250a28410102ec91a89e0dbe13e80f5e.png,1,wildfake,DDIM,train,"WildFake official ModelScope release; official train metadata only; COCO, DALL-E, and Advanced rows excluded"
data/raw/wildfake/Images/Real/afhq/afhq_v2/train/dog/img022946.jpg,0,wildfake,afhq,train,"WildFake official ModelScope release; official train metadata only; COCO, DALL-E, and Advanced rows excluded"
data/raw/wildfake/Images/Diffusion_based/DDIM/imgs_bedroom/adeeba1ffabcf78a75baafabe32008ac.png,1,wildfake,DDIM,train,"WildFake official ModelScope release; official train metadata only; COCO, DALL-E, and Advanced rows excluded"
data/raw/wildfake/Images/Real/afhq/afhq/val/cat/img015107.jpg,0,wildfake,afhq,train,"WildFake official ModelScope release; official train metadata only; COCO, DALL-E, and Advanced rows excluded"
data/raw/wildfake/Images/Real/afhq/afhq/train/cat/img001726.jpg,0,wildfake,afhq,train,"WildFake official ModelScope release; official train metadata only; COCO, DALL-E, and Advanced rows excluded"
data/raw/wildfake/Images/Diffusion_based/DDIM/imgs_bedroom/5b1574c0292d184511bcee08471cdf95.png,1,wildfake,DDIM,train,"WildFake official ModelScope release; official train metadata only; COCO, DALL-E, and Advanced rows excluded"
data/raw/wildfake/Images/Diffusion_based/DDIM/imgs_bedroom/96c167b6cfa289744dec8c69c566733f.png,1,wildfake,DDIM,train,"WildFake official ModelScope release; official train metadata only; COCO, DALL-E, and Advanced rows excluded"
data/raw/wildfake/Images/Real/afhq/afhq_v2/test/wild/img017254.jpg,0,wildfake,afhq,train,"WildFake official ModelScope release; official train metadata only; COCO, DALL-E, and Advanced rows excluded"
data/raw/wildfake/Images/Diffusion_based/DDIM/imgs_CC9K/36ea2b25a94e86a40fc95d22e7bde413.png,1,wildfake,DDIM,train,"WildFake official ModelScope release; official train metadata only; COCO, DALL-E, and Advanced rows excluded"
data/raw/wildfake/Images/Real/afhq/afhq_v2/train/wild/img027787.jpg,0,wildfake,afhq,train,"WildFake official ModelScope release; official train metadata only; COCO, DALL-E, and Advanced rows excluded"
data/raw/wildfake/Images/Diffusion_based/DDIM/imgs_bedroom/dd4de37a9b8868fb5eb1a3a9c08fc57a.png,1,wildfake,DDIM,train,"WildFake official ModelScope release; official train metadata only; COCO, DALL-E, and Advanced rows excluded"
data/raw/wildfake/Images/Real/afhq/afhq/train/cat/img001457.jpg,0,wildfake,afhq,train,"WildFake official ModelScope release; official train metadata only; COCO, DALL-E, and Advanced rows excluded"
data/raw/wildfake/Images/Real/afhq/afhq/train/cat/img003187.jpg,0,wildfake,afhq,train,"WildFake official ModelScope release; official train metadata only; COCO, DALL-E, and Advanced rows excluded"
data/raw/wildfake/Images/Diffusion_based/DDIM/imgs_CC9K/9b46d39d6afc640900bb7f88163239e9.png,1,wildfake,DDIM,train,"WildFake official ModelScope release; official train metadata only; COCO, DALL-E, and Advanced rows excluded"
data/raw/wildfake/Images/Real/afhq/afhq_v2/train/dog/img027126.jpg,0,wildfake,afhq,train,"WildFake official ModelScope release; official train metadata only; COCO, DALL-E, and Advanced rows excluded"
data/raw/wildfake/Images/Real/afhq/afhq/val/wild/img015759.jpg,0,wildfake,afhq,train,"WildFake official ModelScope release; official train metadata only; COCO, DALL-E, and Advanced rows excluded"
data/raw/wildfake/Images/Real/afhq/afhq/train/cat/img002274.jpg,0,wildfake,afhq,train,"WildFake official ModelScope release; official train metadata only; COCO, DALL-E, and Advanced rows excluded"
data/raw/wildfake/Images/Diffusion_based/DDIM/imgs_bedroom/74eeb301649e23a38d47c27aec8826ec.png,1,wildfake,DDIM,train,"WildFake official ModelScope release; official train metadata only; COCO, DALL-E, and Advanced rows excluded"
data/raw/wildfake/Images/Diffusion_based/DDIM/imgs_bedroom/b68c4de10e22ccd19081bb90fd5bcd78.png,1,wildfake,DDIM,train,"WildFake official ModelScope release; official train metadata only; COCO, DALL-E, and Advanced rows excluded"
data/raw/wildfake/Images/Real/afhq/afhq_v2/train/wild/img030501.jpg,0,wildfake,afhq,train,"WildFake official ModelScope release; official train metadata only; COCO, DALL-E, and Advanced rows excluded"
data/raw/wildfake/Images/Diffusion_based/DDIM/imgs_bedroom/203a2b5fcf2ec73be08bb05c217d395e.png,1,wildfake,DDIM,train,"WildFake official ModelScope release; official train metadata only; COCO, DALL-E, and Advanced rows excluded"
data/raw/wildfake/Images/Real/afhq/afhq/train/dog/img008416.jpg,0,wildfake,afhq,train,"WildFake official ModelScope release; official train metadata only; COCO, DALL-E, and Advanced rows excluded"
data/raw/wildfake/Images/Real/afhq/afhq_v2/train/cat/img019399.jpg,0,wildfake,afhq,train,"WildFake official ModelScope release; official train metadata only; COCO, DALL-E, and Advanced rows excluded"
data/raw/wildfake/Images/Real/afhq/afhq_v2/train/cat/img019931.jpg,0,wildfake,afhq,train,"WildFake official ModelScope release; official train metadata only; COCO, DALL-E, and Advanced rows excluded"
data/raw/wildfake/Images/Diffusion_based/DDIM/imgs_bedroom/208e181ab9d329308b9770729620b8ca.png,1,wildfake,DDIM,train,"WildFake official ModelScope release; official train metadata only; COCO, DALL-E, and Advanced rows excluded"
data/raw/wildfake/Images/Diffusion_based/DDIM/imgs_bedroom/59fb3ad1d594132b4af4dfba51b2ea91.png,1,wildfake,DDIM,train,"WildFake official ModelScope release; official train metadata only; COCO, DALL-E, and Advanced rows excluded"
data/raw/wildfake/Images/Diffusion_based/DDIM/imgs_bedroom/8266d36ec36be993b18f426ef60f35a0.png,1,wildfake,DDIM,train,"WildFake official ModelScope release; official train metadata only; COCO, DALL-E, and Advanced rows excluded"
data/raw/wildfake/Images/Real/afhq/afhq/train/cat/img001549.jpg,0,wildfake,afhq,train,"WildFake official ModelScope release; official train metadata only; COCO, DALL-E, and Advanced rows excluded"
data/raw/wildfake/Images/Real/afhq/afhq/train/dog/img008296.jpg,0,wildfake,afhq,train,"WildFake official ModelScope release; official train metadata only; COCO, DALL-E, and Advanced rows excluded"
data/raw/wildfake/Images/Diffusion_based/DDIM/imgs_bedroom/b0231f4dd8c99d3812662c5a3fc67301.png,1,wildfake,DDIM,train,"WildFake official ModelScope release; official train metadata only; COCO, DALL-E, and Advanced rows excluded"
data/raw/wildfake/Images/Real/afhq/afhq/train/cat/img000743.jpg,0,wildfake,afhq,train,"WildFake official ModelScope release; official train metadata only; COCO, DALL-E, and Advanced rows excluded"
data/raw/wildfake/Images/Real/afhq/afhq_v2/test/dog/img016851.jpg,0,wildfake,afhq,train,"WildFake official ModelScope release; official train metadata only; COCO, DALL-E, and Advanced rows excluded"
data/raw/wildfake/Images/Real/afhq/afhq_v2/train/cat/img019646.jpg,0,wildfake,afhq,train,"WildFake official ModelScope release; official train metadata only; COCO, DALL-E, and Advanced rows excluded"
data/raw/wildfake/Images/Real/afhq/afhq_v2/train/dog/img024042.jpg,0,wildfake,afhq,train,"WildFake official ModelScope release; official train metadata only; COCO, DALL-E, and Advanced rows excluded"
data/raw/wildfake/Images/Diffusion_based/DDIM/imgs_bedroom/836476cc861136fedeba4578e4bbfc45.png,1,wildfake,DDIM,train,"WildFake official ModelScope release; official train metadata only; COCO, DALL-E, and Advanced rows excluded"
data/raw/wildfake/Images/Diffusion_based/DDIM/imgs_bedroom/e04e3238862fa77b9db7287bfd02e0f5.png,1,wildfake,DDIM,train,"WildFake official ModelScope release; official train metadata only; COCO, DALL-E, and Advanced rows excluded"
data/raw/wildfake/Images/Real/afhq/afhq_v2/train/wild/img031349.jpg,0,wildfake,afhq,train,"WildFake official ModelScope release; official train metadata only; COCO, DALL-E, and Advanced rows excluded"
data/raw/wildfake/Images/Real/afhq/afhq_v2/train/wild/img029007.jpg,0,wildfake,afhq,train,"WildFake official ModelScope release; official train metadata only; COCO, DALL-E, and Advanced rows excluded"
data/raw/wildfake/Images/Diffusion_based/DDIM/imgs_bedroom/a4a2645a6512461e8d2cbfd0eb7e2600.png,1,wildfake,DDIM,train,"WildFake official ModelScope release; official train metadata only; COCO, DALL-E, and Advanced rows excluded"
data/raw/wildfake/Images/Real/afhq/afhq/train/dog/img007058.jpg,0,wildfake,afhq,train,"WildFake official ModelScope release; official train metadata only; COCO, DALL-E, and Advanced rows excluded"
data/raw/wildfake/Images/Diffusion_based/DDIM/imgs_bedroom/828c08ddfa7b5055fdf756062565be9f.png,1,wildfake,DDIM,train,"WildFake official ModelScope release; official train metadata only; COCO, DALL-E, and Advanced rows excluded"
data/raw/wildfake/Images/Diffusion_based/DDIM/imgs_bedroom/59620bbf2cb88897e726c2c15779e71f.png,1,wildfake,DDIM,train,"WildFake official ModelScope release; official train metadata only; COCO, DALL-E, and Advanced rows excluded"
data/raw/wildfake/Images/Diffusion_based/DDIM/imgs_bedroom/6d4251623e61eb8ca437c4658dc03a83.png,1,wildfake,DDIM,train,"WildFake official ModelScope release; official train metadata only; COCO, DALL-E, and Advanced rows excluded"
data/raw/wildfake/Images/Real/afhq/afhq_v2/train/cat/img019526.jpg,0,wildfake,afhq,train,"WildFake official ModelScope release; official train metadata only; COCO, DALL-E, and Advanced rows excluded"
data/raw/wildfake/Images/Real/afhq/afhq/train/dog/img005421.jpg,0,wildfake,afhq,train,"WildFake official ModelScope release; official train metadata only; COCO, DALL-E, and Advanced rows excluded"
data/raw/wildfake/Images/Real/afhq/afhq/train/dog/img005722.jpg,0,wildfake,afhq,train,"WildFake official ModelScope release; official train metadata only; COCO, DALL-E, and Advanced rows excluded"
data/raw/wildfake/Images/Diffusion_based/DDIM/imgs_bedroom/e299c6c4c845268e377603275e10b981.png,1,wildfake,DDIM,train,"WildFake official ModelScope release; official train metadata only; COCO, DALL-E, and Advanced rows excluded"
data/raw/wildfake/Images/Diffusion_based/DDIM/imgs_bedroom/92e0eff6c4f883177a878375958e96a2.png,1,wildfake,DDIM,train,"WildFake official ModelScope release; official train metadata only; COCO, DALL-E, and Advanced rows excluded"
data/raw/wildfake/Images/Diffusion_based/DDIM/imgs_bedroom/efce7e63d399b304884cdb9d1bcb8ac5.png,1,wildfake,DDIM,train,"WildFake official ModelScope release; official train metadata only; COCO, DALL-E, and Advanced rows excluded"
data/raw/wildfake/Images/Real/afhq/afhq_v2/train/wild/img029764.jpg,0,wildfake,afhq,train,"WildFake official ModelScope release; official train metadata only; COCO, DALL-E, and Advanced rows excluded"
data/raw/wildfake/Images/Real/afhq/afhq_v2/train/dog/img024203.jpg,0,wildfake,afhq,train,"WildFake official ModelScope release; official train metadata only; COCO, DALL-E, and Advanced rows excluded"
data/raw/wildfake/Images/Diffusion_based/DDIM/imgs_bedroom/049d40523fc2ef0b1ab931329c054ff5.png,1,wildfake,DDIM,train,"WildFake official ModelScope release; official train metadata only; COCO, DALL-E, and Advanced rows excluded"
data/raw/wildfake/Images/Diffusion_based/DDIM/imgs_CC9K/237bccb4cbf760a80b2032e73a8a2109.png,1,wildfake,DDIM,train,"WildFake official ModelScope release; official train metadata only; COCO, DALL-E, and Advanced rows excluded"
data/raw/wildfake/Images/Real/afhq/afhq/val/wild/img015754.jpg,0,wildfake,afhq,train,"WildFake official ModelScope release; official train metadata only; COCO, DALL-E, and Advanced rows excluded"
data/raw/wildfake/Images/Real/afhq/afhq/train/wild/img014136.jpg,0,wildfake,afhq,train,"WildFake official ModelScope release; official train metadata only; COCO, DALL-E, and Advanced rows excluded"
data/raw/wildfake/Images/Real/afhq/afhq_v2/train/wild/img030721.jpg,0,wildfake,afhq,train,"WildFake official ModelScope release; official train metadata only; COCO, DALL-E, and Advanced rows excluded"
data/raw/wildfake/Images/Diffusion_based/DDIM/imgs_bedroom/5ee504415e0c3da0535a9beddc4c5e68.png,1,wildfake,DDIM,train,"WildFake official ModelScope release; official train metadata only; COCO, DALL-E, and Advanced rows excluded"
data/raw/wildfake/Images/Diffusion_based/DDIM/imgs_bedroom/bd16bdfea0314a23ece2c32997a5d29b.png,1,wildfake,DDIM,train,"WildFake official ModelScope release; official train metadata only; COCO, DALL-E, and Advanced rows excluded"
data/raw/wildfake/Images/Real/afhq/afhq_v2/train/dog/img025641.jpg,0,wildfake,afhq,train,"WildFake official ModelScope release; official train metadata only; COCO, DALL-E, and Advanced rows excluded"
data/raw/wildfake/Images/Diffusion_based/DDIM/imgs_CC9K/867d7362283712493e7d4907f6e8fb31.png,1,wildfake,DDIM,train,"WildFake official ModelScope release; official train metadata only; COCO, DALL-E, and Advanced rows excluded"
data/raw/wildfake/Images/Diffusion_based/DDIM/imgs_bedroom/5f6303e71bfac08c7ed380cb560b9a9c.png,1,wildfake,DDIM,train,"WildFake official ModelScope release; official train metadata only; COCO, DALL-E, and Advanced rows excluded"
data/raw/wildfake/Images/Diffusion_based/DDIM/imgs_bedroom/c4210104ca4db58f2d9ee16db8c2d13a.png,1,wildfake,DDIM,train,"WildFake official ModelScope release; official train metadata only; COCO, DALL-E, and Advanced rows excluded"
data/raw/wildfake/Images/Real/afhq/afhq/train/wild/img010522.jpg,0,wildfake,afhq,train,"WildFake official ModelScope release; official train metadata only; COCO, DALL-E, and Advanced rows excluded"
data/raw/wildfake/Images/Real/afhq/afhq/train/cat/img001016.jpg,0,wildfake,afhq,train,"WildFake official ModelScope release; official train metadata only; COCO, DALL-E, and Advanced rows excluded"
data/raw/wildfake/Images/Diffusion_based/DDIM/imgs_bedroom/9b325bf5c487cd1266e47b86be1a1ff6.png,1,wildfake,DDIM,train,"WildFake official ModelScope release; official train metadata only; COCO, DALL-E, and Advanced rows excluded"
data/raw/wildfake/Images/Diffusion_based/DDIM/imgs_bedroom/e21afa567950d111531ff09ac657cc70.png,1,wildfake,DDIM,train,"WildFake official ModelScope release; official train metadata only; COCO, DALL-E, and Advanced rows excluded"
data/raw/wildfake/Images/Real/afhq/afhq/train/dog/img005368.jpg,0,wildfake,afhq,train,"WildFake official ModelScope release; official train metadata only; COCO, DALL-E, and Advanced rows excluded"
data/raw/wildfake/Images/Diffusion_based/DDIM/imgs_CC9K/b88f22f1418da300619b9cc640a7c918.png,1,wildfake,DDIM,train,"WildFake official ModelScope release; official train metadata only; COCO, DALL-E, and Advanced rows excluded"
data/raw/wildfake/Images/Diffusion_based/DDIM/imgs_CC9K/71179fe5ca473f9232a4722e541ade8c.png,1,wildfake,DDIM,train,"WildFake official ModelScope release; official train metadata only; COCO, DALL-E, and Advanced rows excluded"
data/raw/wildfake/Images/Real/afhq/afhq/train/wild/img011434.jpg,0,wildfake,afhq,train,"WildFake official ModelScope release; official train metadata only; COCO, DALL-E, and Advanced rows excluded"
data/raw/wildfake/Images/Real/afhq/afhq_v2/train/dog/img024596.jpg,0,wildfake,afhq,train,"WildFake official ModelScope release; official train metadata only; COCO, DALL-E, and Advanced rows excluded"
data/raw/wildfake/Images/Diffusion_based/DDIM/imgs_CC9K/c27be8f053d619b1b991dc14296c523a.png,1,wildfake,DDIM,train,"WildFake official ModelScope release; official train metadata only; COCO, DALL-E, and Advanced rows excluded"
data/raw/wildfake/Images/Diffusion_based/DDIM/imgs_bedroom/65915fb40bd50640f2bcd00685997062.png,1,wildfake,DDIM,train,"WildFake official ModelScope release; official train metadata only; COCO, DALL-E, and Advanced rows excluded"
data/raw/wildfake/Images/Real/afhq/afhq_v2/train/cat/img018568.jpg,0,wildfake,afhq,train,"WildFake official ModelScope release; official train metadata only; COCO, DALL-E, and Advanced rows excluded"
data/raw/wildfake/Images/Real/afhq/afhq/train/cat/img000096.jpg,0,wildfake,afhq,train,"WildFake official ModelScope release; official train metadata only; COCO, DALL-E, and Advanced rows excluded"
data/raw/wildfake/Images/Diffusion_based/DDIM/imgs_CC9K/e028ab469eb27acbc5a8c88f33816afd.png,1,wildfake,DDIM,train,"WildFake official ModelScope release; official train metadata only; COCO, DALL-E, and Advanced rows excluded"
data/raw/wildfake/Images/Real/afhq/afhq/train/cat/img003866.jpg,0,wildfake,afhq,train,"WildFake official ModelScope release; official train metadata only; COCO, DALL-E, and Advanced rows excluded"
data/raw/wildfake/Images/Diffusion_based/DDIM/imgs_CC9K/f5ebaa071d532871e39a27f3e70e3a0b.png,1,wildfake,DDIM,train,"WildFake official ModelScope release; official train metadata only; COCO, DALL-E, and Advanced rows excluded"
data/raw/wildfake/Images/Diffusion_based/DDIM/imgs_bedroom/f428469c936f422498cad1fe8cd94afd.png,1,wildfake,DDIM,train,"WildFake official ModelScope release; official train metadata only; COCO, DALL-E, and Advanced rows excluded"
data/raw/wildfake/Images/Real/afhq/afhq_v2/train/dog/img022928.jpg,0,wildfake,afhq,train,"WildFake official ModelScope release; official train metadata only; COCO, DALL-E, and Advanced rows excluded"
data/raw/wildfake/Images/Diffusion_based/DDIM/imgs_bedroom/7c32bc6bf54ca7eb4612d32dc30a4533.png,1,wildfake,DDIM,train,"WildFake official ModelScope release; official train metadata only; COCO, DALL-E, and Advanced rows excluded"
data/raw/wildfake/Images/Real/afhq/afhq/train/dog/img006343.jpg,0,wildfake,afhq,train,"WildFake official ModelScope release; official train metadata only; COCO, DALL-E, and Advanced rows excluded"
data/raw/wildfake/Images/Real/afhq/afhq/train/dog/img006569.jpg,0,wildfake,afhq,train,"WildFake official ModelScope release; official train metadata only; COCO, DALL-E, and Advanced rows excluded"
data/raw/wildfake/Images/Diffusion_based/DDIM/imgs_bedroom/1c2a066176da01d80de8edb1b444d0c1.png,1,wildfake,DDIM,train,"WildFake official ModelScope release; official train metadata only; COCO, DALL-E, and Advanced rows excluded"
data/raw/wildfake/Images/Real/afhq/afhq/train/cat/img000641.jpg,0,wildfake,afhq,train,"WildFake official ModelScope release; official train metadata only; COCO, DALL-E, and Advanced rows excluded"
data/raw/wildfake/Images/Diffusion_based/DDIM/imgs_bedroom/3e1d2f45047fb2d9bb02eeecd0266572.png,1,wildfake,DDIM,train,"WildFake official ModelScope release; official train metadata only; COCO, DALL-E, and Advanced rows excluded"
data/raw/wildfake/Images/Diffusion_based/DDIM/imgs_bedroom/03ada014d7cf0a8c529154e6bab9e9db.png,1,wildfake,DDIM,train,"WildFake official ModelScope release; official train metadata only; COCO, DALL-E, and Advanced rows excluded"
data/raw/wildfake/Images/Diffusion_based/DDIM/imgs_bedroom/685a7694dc95414e35e4b670b4704ed4.png,1,wildfake,DDIM,train,"WildFake official ModelScope release; official train metadata only; COCO, DALL-E, and Advanced rows excluded"
data/raw/wildfake/Images/Diffusion_based/DDIM/imgs_bedroom/a880bb096e4d3250f0fba958a4fc13ea.png,1,wildfake,DDIM,train,"WildFake official ModelScope release; official train metadata only; COCO, DALL-E, and Advanced rows excluded"
data/raw/wildfake/Images/Real/afhq/afhq/train/wild/img010322.jpg,0,wildfake,afhq,train,"WildFake official ModelScope release; official train metadata only; COCO, DALL-E, and Advanced rows excluded"
data/raw/wildfake/Images/Diffusion_based/DDIM/imgs_bedroom/93ed7e6295db32e0ff4b23e8f9482234.png,1,wildfake,DDIM,train,"WildFake official ModelScope release; official train metadata only; COCO, DALL-E, and Advanced rows excluded"
data/raw/wildfake/Images/Diffusion_based/DDIM/imgs_bedroom/c0b0d0d66bc7db5ba7440d9934ed9fa4.png,1,wildfake,DDIM,train,"WildFake official ModelScope release; official train metadata only; COCO, DALL-E, and Advanced rows excluded"
data/raw/wildfake/Images/Diffusion_based/DDIM/imgs_CC9K/3362e09d67eb52c15f241fea38ef22c6.png,1,wildfake,DDIM,train,"WildFake official ModelScope release; official train metadata only; COCO, DALL-E, and Advanced rows excluded"
data/raw/wildfake/Images/Diffusion_based/DDIM/imgs_bedroom/d63c9873613965a85cdbb7f748a7784e.png,1,wildfake,DDIM,train,"WildFake official ModelScope release; official train metadata only; COCO, DALL-E, and Advanced rows excluded"
data/raw/wildfake/Images/Diffusion_based/DDIM/imgs_CC9K/b459560023ea3ee034b826de6a10d229.png,1,wildfake,DDIM,train,"WildFake official ModelScope release; official train metadata only; COCO, DALL-E, and Advanced rows excluded"
data/raw/wildfake/Images/Real/afhq/afhq_v2/train/cat/img019279.jpg,0,wildfake,afhq,train,"WildFake official ModelScope release; official train metadata only; COCO, DALL-E, and Advanced rows excluded"
data/raw/wildfake/Images/Diffusion_based/DDIM/imgs_bedroom/b45f333352b9d6f6ab49dcd8053a6f0a.png,1,wildfake,DDIM,train,"WildFake official ModelScope release; official train metadata only; COCO, DALL-E, and Advanced rows excluded"
data/raw/wildfake/Images/Real/afhq/afhq/train/wild/img011321.jpg,0,wildfake,afhq,train,"WildFake official ModelScope release; official train metadata only; COCO, DALL-E, and Advanced rows excluded"
data/raw/wildfake/Images/Real/afhq/afhq/train/cat/img001621.jpg,0,wildfake,afhq,train,"WildFake official ModelScope release; official train metadata only; COCO, DALL-E, and Advanced rows excluded"
data/raw/wildfake/Images/Diffusion_based/DDIM/imgs_bedroom/6cdc7d39ffbcf055b53afc55cca8f6b0.png,1,wildfake,DDIM,train,"WildFake official ModelScope release; official train metadata only; COCO, DALL-E, and Advanced rows excluded"
data/raw/wildfake/Images/Real/afhq/afhq_v2/train/wild/img028373.jpg,0,wildfake,afhq,train,"WildFake official ModelScope release; official train metadata only; COCO, DALL-E, and Advanced rows excluded"
data/raw/wildfake/Images/Real/afhq/afhq_v2/train/wild/img030531.jpg,0,wildfake,afhq,train,"WildFake official ModelScope release; official train metadata only; COCO, DALL-E, and Advanced rows excluded"
data/raw/wildfake/Images/Diffusion_based/DDIM/imgs_bedroom/4ed712db5188083c31c969396aedc120.png,1,wildfake,DDIM,train,"WildFake official ModelScope release; official train metadata only; COCO, DALL-E, and Advanced rows excluded"
data/raw/wildfake/Images/Real/afhq/afhq_v2/train/cat/img020548.jpg,0,wildfake,afhq,train,"WildFake official ModelScope release; official train metadata only; COCO, DALL-E, and Advanced rows excluded"
data/raw/wildfake/Images/Diffusion_based/DDIM/imgs_bedroom/18c202ef164e14f3d2fdbcd84358d3ec.png,1,wildfake,DDIM,train,"WildFake official ModelScope release; official train metadata only; COCO, DALL-E, and Advanced rows excluded"
data/raw/wildfake/Images/Real/afhq/afhq/train/wild/img013309.jpg,0,wildfake,afhq,train,"WildFake official ModelScope release; official train metadata only; COCO, DALL-E, and Advanced rows excluded"
data/raw/wildfake/Images/Real/afhq/afhq_v2/train/wild/img029558.jpg,0,wildfake,afhq,train,"WildFake official ModelScope release; official train metadata only; COCO, DALL-E, and Advanced rows excluded"
data/raw/wildfake/Images/Real/afhq/afhq_v2/train/wild/img027978.jpg,0,wildfake,afhq,train,"WildFake official ModelScope release; official train metadata only; COCO, DALL-E, and Advanced rows excluded"
data/raw/wildfake/Images/Real/afhq/afhq_v2/train/wild/img030754.jpg,0,wildfake,afhq,train,"WildFake official ModelScope release; official train metadata only; COCO, DALL-E, and Advanced rows excluded"
data/raw/wildfake/Images/Diffusion_based/DDIM/imgs_bedroom/8d0af79c7ed880d9a81bdc0e3661844e.png,1,wildfake,DDIM,train,"WildFake official ModelScope release; official train metadata only; COCO, DALL-E, and Advanced rows excluded"
data/raw/wildfake/Images/Diffusion_based/DDIM/imgs_CC9K/8ca2aed1004ef6f8250179cab360e4bf.png,1,wildfake,DDIM,train,"WildFake official ModelScope release; official train metadata only; COCO, DALL-E, and Advanced rows excluded"
data/raw/wildfake/Images/Real/afhq/afhq/train/cat/img003719.jpg,0,wildfake,afhq,train,"WildFake official ModelScope release; official train metadata only; COCO, DALL-E, and Advanced rows excluded"
data/raw/wildfake/Images/Real/afhq/afhq/train/cat/img002869.jpg,0,wildfake,afhq,train,"WildFake official ModelScope release; official train metadata only; COCO, DALL-E, and Advanced rows excluded"
data/raw/wildfake/Images/Diffusion_based/DDIM/imgs_bedroom/025f2977f63b3e68965b6fdfd90151d0.png,1,wildfake,DDIM,train,"WildFake official ModelScope release; official train metadata only; COCO, DALL-E, and Advanced rows excluded"
data/raw/wildfake/Images/Diffusion_based/DDIM/imgs_CC9K/1e6841f724a0d659cda15b2a9bed6545.png,1,wildfake,DDIM,train,"WildFake official ModelScope release; official train metadata only; COCO, DALL-E, and Advanced rows excluded"
data/raw/wildfake/Images/Real/afhq/afhq_v2/train/cat/img021856.jpg,0,wildfake,afhq,train,"WildFake official ModelScope release; official train metadata only; COCO, DALL-E, and Advanced rows excluded"
data/raw/wildfake/Images/Real/afhq/afhq_v2/train/dog/img024071.jpg,0,wildfake,afhq,train,"WildFake official ModelScope release; official train metadata only; COCO, DALL-E, and Advanced rows excluded"
data/raw/wildfake/Images/Diffusion_based/DDIM/imgs_bedroom/f962b4a7f5600c6702363629a0915090.png,1,wildfake,DDIM,train,"WildFake official ModelScope release; official train metadata only; COCO, DALL-E, and Advanced rows excluded"
data/raw/wildfake/Images/Diffusion_based/DDIM/imgs_bedroom/ef6e0710a48dce80cf01d231935483aa.png,1,wildfake,DDIM,train,"WildFake official ModelScope release; official train metadata only; COCO, DALL-E, and Advanced rows excluded"
data/raw/wildfake/Images/Diffusion_based/DDIM/imgs_bedroom/0699d911ba1eb505a63b21f0bff474ad.png,1,wildfake,DDIM,train,"WildFake official ModelScope release; official train metadata only; COCO, DALL-E, and Advanced rows excluded"
data/raw/wildfake/Images/Diffusion_based/DDIM/imgs_bedroom/a7eb6a655dadee87307f7844a97a6db8.png,1,wildfake,DDIM,train,"WildFake official ModelScope release; official train metadata only; COCO, DALL-E, and Advanced rows excluded"
data/raw/wildfake/Images/Diffusion_based/DDIM/imgs_bedroom/cf929d11d888d5492868371a1d6305fa.png,1,wildfake,DDIM,train,"WildFake official ModelScope release; official train metadata only; COCO, DALL-E, and Advanced rows excluded"
data/raw/wildfake/Images/Diffusion_based/DDIM/imgs_bedroom/cdfd82675cfef7fbc471c743666d5547.png,1,wildfake,DDIM,train,"WildFake official ModelScope release; official train metadata only; COCO, DALL-E, and Advanced rows excluded"
data/raw/wildfake/Images/Real/afhq/afhq_v2/train/cat/img021314.jpg,0,wildfake,afhq,train,"WildFake official ModelScope release; official train metadata only; COCO, DALL-E, and Advanced rows excluded"
data/raw/wildfake/Images/Real/afhq/afhq_v2/train/cat/img018968.jpg,0,wildfake,afhq,train,"WildFake official ModelScope release; official train metadata only; COCO, DALL-E, and Advanced rows excluded"
data/raw/wildfake/Images/Real/afhq/afhq/train/dog/img009747.jpg,0,wildfake,afhq,train,"WildFake official ModelScope release; official train metadata only; COCO, DALL-E, and Advanced rows excluded"
data/raw/wildfake/Images/Real/afhq/afhq_v2/train/wild/img030433.jpg,0,wildfake,afhq,train,"WildFake official ModelScope release; official train metadata only; COCO, DALL-E, and Advanced rows excluded"
data/raw/wildfake/Images/Real/afhq/afhq/train/wild/img010489.jpg,0,wildfake,afhq,train,"WildFake official ModelScope release; official train metadata only; COCO, DALL-E, and Advanced rows excluded"
data/raw/wildfake/Images/Diffusion_based/DDIM/imgs_bedroom/1019888cf9c6a7ce5e1270826c49457d.png,1,wildfake,DDIM,train,"WildFake official ModelScope release; official train metadata only; COCO, DALL-E, and Advanced rows excluded"
data/raw/wildfake/Images/Real/afhq/afhq_v2/train/dog/img024134.jpg,0,wildfake,afhq,train,"WildFake official ModelScope release; official train metadata only; COCO, DALL-E, and Advanced rows excluded"
data/raw/wildfake/Images/Diffusion_based/DDIM/imgs_bedroom/63982226d75075efcf883e9ae1120da2.png,1,wildfake,DDIM,train,"WildFake official ModelScope release; official train metadata only; COCO, DALL-E, and Advanced rows excluded"
data/raw/wildfake/Images/Real/afhq/afhq_v2/train/dog/img024299.jpg,0,wildfake,afhq,train,"WildFake official ModelScope release; official train metadata only; COCO, DALL-E, and Advanced rows excluded"
data/raw/wildfake/Images/Diffusion_based/DDIM/imgs_bedroom/cf2fca575c3640fcd951c3be33fd95df.png,1,wildfake,DDIM,train,"WildFake official ModelScope release; official train metadata only; COCO, DALL-E, and Advanced rows excluded"
data/raw/wildfake/Images/Diffusion_based/DDIM/imgs_CC9K/ccc0279b305c04899aa966f19b795594.png,1,wildfake,DDIM,train,"WildFake official ModelScope release; official train metadata only; COCO, DALL-E, and Advanced rows excluded"
data/raw/wildfake/Images/Diffusion_based/DDIM/imgs_bedroom/47ddfa1824388ca61aaf50446f9a2e21.png,1,wildfake,DDIM,train,"WildFake official ModelScope release; official train metadata only; COCO, DALL-E, and Advanced rows excluded"
data/raw/wildfake/Images/Diffusion_based/DDIM/imgs_bedroom/25b811bdbba1c28552d1d5a524a69915.png,1,wildfake,DDIM,train,"WildFake official ModelScope release; official train metadata only; COCO, DALL-E, and Advanced rows excluded"
data/raw/wildfake/Images/Real/afhq/afhq_v2/train/wild/img030426.jpg,0,wildfake,afhq,train,"WildFake official ModelScope release; official train metadata only; COCO, DALL-E, and Advanced rows excluded"
data/raw/wildfake/Images/Real/afhq/afhq_v2/train/cat/img018747.jpg,0,wildfake,afhq,train,"WildFake official ModelScope release; official train metadata only; COCO, DALL-E, and Advanced rows excluded"
data/raw/wildfake/Images/Diffusion_based/DDIM/imgs_CC9K/d2810ead465ce72b3690e66d25e6339e.png,1,wildfake,DDIM,train,"WildFake official ModelScope release; official train metadata only; COCO, DALL-E, and Advanced rows excluded"
data/raw/wildfake/Images/Diffusion_based/DDIM/imgs_bedroom/81690b905aa26d6cac4068ffe35c217c.png,1,wildfake,DDIM,train,"WildFake official ModelScope release; official train metadata only; COCO, DALL-E, and Advanced rows excluded"
data/raw/wildfake/Images/Real/afhq/afhq_v2/train/cat/img018416.jpg,0,wildfake,afhq,train,"WildFake official ModelScope release; official train metadata only; COCO, DALL-E, and Advanced rows excluded"
data/raw/wildfake/Images/Diffusion_based/DDIM/imgs_bedroom/c0d606b7d2426d42fa0e77d867bdb3d8.png,1,wildfake,DDIM,train,"WildFake official ModelScope release; official train metadata only; COCO, DALL-E, and Advanced rows excluded"
data/raw/wildfake/Images/Diffusion_based/DDIM/imgs_bedroom/143ed83b864d5a162385d2c4ef4d6540.png,1,wildfake,DDIM,train,"WildFake official ModelScope release; official train metadata only; COCO, DALL-E, and Advanced rows excluded"
data/raw/wildfake/Images/Diffusion_based/DDIM/imgs_bedroom/3db3a20e9f036399561aa635d249ffed.png,1,wildfake,DDIM,train,"WildFake official ModelScope release; official train metadata only; COCO, DALL-E, and Advanced rows excluded"
data/raw/wildfake/Images/Diffusion_based/DDIM/imgs_CC9K/c6e1561edb5447033c03ca486d2dad83.png,1,wildfake,DDIM,train,"WildFake official ModelScope release; official train metadata only; COCO, DALL-E, and Advanced rows excluded"
data/raw/wildfake/Images/Diffusion_based/DDIM/imgs_bedroom/ef5ea7103e047fbb46a262895ccf8a56.png,1,wildfake,DDIM,train,"WildFake official ModelScope release; official train metadata only; COCO, DALL-E, and Advanced rows excluded"
data/raw/wildfake/Images/Diffusion_based/DDIM/imgs_CC9K/4ff4ff56330e7ffd2105bd76c8aa28cc.png,1,wildfake,DDIM,train,"WildFake official ModelScope release; official train metadata only; COCO, DALL-E, and Advanced rows excluded"
data/raw/wildfake/Images/Real/afhq/afhq/train/cat/img003311.jpg,0,wildfake,afhq,train,"WildFake official ModelScope release; official train metadata only; COCO, DALL-E, and Advanced rows excluded"
data/raw/wildfake/Images/Real/afhq/afhq_v2/train/wild/img031443.jpg,0,wildfake,afhq,train,"WildFake official ModelScope release; official train metadata only; COCO, DALL-E, and Advanced rows excluded"
data/raw/wildfake/Images/Real/afhq/afhq/train/wild/img010083.jpg,0,wildfake,afhq,train,"WildFake official ModelScope release; official train metadata only; COCO, DALL-E, and Advanced rows excluded"
data/raw/wildfake/Images/Diffusion_based/DDIM/imgs_bedroom/a54de58739d69ed6aa3dcef97c3012a9.png,1,wildfake,DDIM,train,"WildFake official ModelScope release; official train metadata only; COCO, DALL-E, and Advanced rows excluded"
data/raw/wildfake/Images/Real/afhq/afhq/train/wild/img011858.jpg,0,wildfake,afhq,train,"WildFake official ModelScope release; official train metadata only; COCO, DALL-E, and Advanced rows excluded"
data/raw/wildfake/Images/Real/afhq/afhq/train/cat/img001094.jpg,0,wildfake,afhq,train,"WildFake official ModelScope release; official train metadata only; COCO, DALL-E, and Advanced rows excluded"
data/raw/wildfake/Images/Diffusion_based/DDIM/imgs_bedroom/8a76c17bd09cf7ba64e7d135d42d2381.png,1,wildfake,DDIM,train,"WildFake official ModelScope release; official train metadata only; COCO, DALL-E, and Advanced rows excluded"
data/raw/wildfake/Images/Diffusion_based/DDIM/imgs_CC9K/f2c7571e933f352d35bc4039d56d9209.png,1,wildfake,DDIM,train,"WildFake official ModelScope release; official train metadata only; COCO, DALL-E, and Advanced rows excluded"
data/raw/wildfake/Images/Diffusion_based/DDIM/imgs_CC9K/2167ca87aea1cbe8bb32524919d504ba.png,1,wildfake,DDIM,train,"WildFake official ModelScope release; official train metadata only; COCO, DALL-E, and Advanced rows excluded"
data/raw/wildfake/Images/Diffusion_based/DDIM/imgs_bedroom/57d968b61cc000df075411dea1f03c69.png,1,wildfake,DDIM,train,"WildFake official ModelScope release; official train metadata only; COCO, DALL-E, and Advanced rows excluded"
data/raw/wildfake/Images/Real/afhq/afhq_v2/train/cat/img020578.jpg,0,wildfake,afhq,train,"WildFake official ModelScope release; official train metadata only; COCO, DALL-E, and Advanced rows excluded"
data/raw/wildfake/Images/Diffusion_based/DDIM/imgs_bedroom/ddad6075985a667bd7e94369fe8cc835.png,1,wildfake,DDIM,train,"WildFake official ModelScope release; official train metadata only; COCO, DALL-E, and Advanced rows excluded"
data/raw/wildfake/Images/Diffusion_based/DDIM/imgs_bedroom/30f1f1687b4e475287128c8fd9b8e11f.png,1,wildfake,DDIM,train,"WildFake official ModelScope release; official train metadata only; COCO, DALL-E, and Advanced rows excluded"
data/raw/wildfake/Images/Real/afhq/afhq_v2/train/dog/img026274.jpg,0,wildfake,afhq,train,"WildFake official ModelScope release; official train metadata only; COCO, DALL-E, and Advanced rows excluded"
data/raw/wildfake/Images/Diffusion_based/DDIM/imgs_bedroom/6c6bc36f241ce46474c31e1e0ec82784.png,1,wildfake,DDIM,train,"WildFake official ModelScope release; official train metadata only; COCO, DALL-E, and Advanced rows excluded"
data/raw/wildfake/Images/Real/afhq/afhq_v2/train/cat/img022061.jpg,0,wildfake,afhq,train,"WildFake official ModelScope release; official train metadata only; COCO, DALL-E, and Advanced rows excluded"
data/raw/wildfake/Images/Real/afhq/afhq/val/dog/img015198.jpg,0,wildfake,afhq,train,"WildFake official ModelScope release; official train metadata only; COCO, DALL-E, and Advanced rows excluded"
data/raw/wildfake/Images/Diffusion_based/DDIM/imgs_bedroom/77ff14ba5f7392fcc32c47a8dea2970b.png,1,wildfake,DDIM,train,"WildFake official ModelScope release; official train metadata only; COCO, DALL-E, and Advanced rows excluded"
data/raw/wildfake/Images/Diffusion_based/DDIM/imgs_bedroom/9ffe4e0a940ad206bdc7da118590ed28.png,1,wildfake,DDIM,train,"WildFake official ModelScope release; official train metadata only; COCO, DALL-E, and Advanced rows excluded"
data/raw/wildfake/Images/Real/afhq/afhq/val/wild/img015674.jpg,0,wildfake,afhq,train,"WildFake official ModelScope release; official train metadata only; COCO, DALL-E, and Advanced rows excluded"
data/raw/wildfake/Images/Diffusion_based/DDIM/imgs_bedroom/8687dd02098669561afb8ca49e4b2aa4.png,1,wildfake,DDIM,train,"WildFake official ModelScope release; official train metadata only; COCO, DALL-E, and Advanced rows excluded"
data/raw/wildfake/Images/Diffusion_based/DDIM/imgs_CC9K/4445b85bbfb346d9654ae3e25cb449ec.png,1,wildfake,DDIM,train,"WildFake official ModelScope release; official train metadata only; COCO, DALL-E, and Advanced rows excluded"
data/raw/wildfake/Images/Real/afhq/afhq/val/wild/img015757.jpg,0,wildfake,afhq,train,"WildFake official ModelScope release; official train metadata only; COCO, DALL-E, and Advanced rows excluded"
data/raw/wildfake/Images/Diffusion_based/DDIM/imgs_bedroom/228d79f3ec21344ad720f8e6ae8b6670.png,1,wildfake,DDIM,train,"WildFake official ModelScope release; official train metadata only; COCO, DALL-E, and Advanced rows excluded"
data/raw/wildfake/Images/Diffusion_based/DDIM/imgs_CC9K/3f816db01a20fed62a65fcaeda397760.png,1,wildfake,DDIM,train,"WildFake official ModelScope release; official train metadata only; COCO, DALL-E, and Advanced rows excluded"
data/raw/wildfake/Images/Diffusion_based/DDIM/imgs_bedroom/92d4cb32a83cdf3ed6793b200a40341b.png,1,wildfake,DDIM,train,"WildFake official ModelScope release; official train metadata only; COCO, DALL-E, and Advanced rows excluded"
data/raw/wildfake/Images/Diffusion_based/DDIM/imgs_bedroom/12c2ae74e9257256e000174a7bf56c81.png,1,wildfake,DDIM,train,"WildFake official ModelScope release; official train metadata only; COCO, DALL-E, and Advanced rows excluded"
data/raw/wildfake/Images/Real/afhq/afhq_v2/train/dog/img025709.jpg,0,wildfake,afhq,train,"WildFake official ModelScope release; official train metadata only; COCO, DALL-E, and Advanced rows excluded"
data/raw/wildfake/Images/Diffusion_based/DDIM/imgs_CC9K/7e4a6fcbd252eddddac099da47b230d9.png,1,wildfake,DDIM,train,"WildFake official ModelScope release; official train metadata only; COCO, DALL-E, and Advanced rows excluded"
data/raw/wildfake/Images/Real/afhq/afhq_v2/train/wild/img028611.jpg,0,wildfake,afhq,train,"WildFake official ModelScope release; official train metadata only; COCO, DALL-E, and Advanced rows excluded"
data/raw/wildfake/Images/Real/afhq/afhq/train/dog/img009672.jpg,0,wildfake,afhq,train,"WildFake official ModelScope release; official train metadata only; COCO, DALL-E, and Advanced rows excluded"
data/raw/wildfake/Images/Diffusion_based/DDIM/imgs_bedroom/e858f7e6374d22edafcc71eea6fd88ee.png,1,wildfake,DDIM,train,"WildFake official ModelScope release; official train metadata only; COCO, DALL-E, and Advanced rows excluded"
data/raw/wildfake/Images/Diffusion_based/DDIM/imgs_bedroom/78e15262dd7bbad67026ec9e022eff2d.png,1,wildfake,DDIM,train,"WildFake official ModelScope release; official train metadata only; COCO, DALL-E, and Advanced rows excluded"
data/raw/wildfake/Images/Diffusion_based/DDIM/imgs_bedroom/af92c60cc4128fa47eb531fdd1f6b94e.png,1,wildfake,DDIM,train,"WildFake official ModelScope release; official train metadata only; COCO, DALL-E, and Advanced rows excluded"
data/raw/wildfake/Images/Diffusion_based/DDIM/imgs_CC9K/9a0a5037588a74ea5b425febfc36dd8a.png,1,wildfake,DDIM,train,"WildFake official ModelScope release; official train metadata only; COCO, DALL-E, and Advanced rows excluded"
data/raw/wildfake/Images/Real/afhq/afhq/train/cat/img002446.jpg,0,wildfake,afhq,train,"WildFake official ModelScope release; official train metadata only; COCO, DALL-E, and Advanced rows excluded"
data/raw/wildfake/Images/Real/afhq/afhq_v2/train/cat/img022387.jpg,0,wildfake,afhq,train,"WildFake official ModelScope release; official train metadata only; COCO, DALL-E, and Advanced rows excluded"
data/raw/wildfake/Images/Real/afhq/afhq/train/wild/img013522.jpg,0,wildfake,afhq,train,"WildFake official ModelScope release; official train metadata only; COCO, DALL-E, and Advanced rows excluded"
data/raw/wildfake/Images/Real/afhq/afhq/train/wild/img013829.jpg,0,wildfake,afhq,train,"WildFake official ModelScope release; official train metadata only; COCO, DALL-E, and Advanced rows excluded"
data/raw/wildfake/Images/Real/afhq/afhq_v2/train/dog/img026138.jpg,0,wildfake,afhq,train,"WildFake official ModelScope release; official train metadata only; COCO, DALL-E, and Advanced rows excluded"
data/raw/wildfake/Images/Real/afhq/afhq/train/cat/img003499.jpg,0,wildfake,afhq,train,"WildFake official ModelScope release; official train metadata only; COCO, DALL-E, and Advanced rows excluded"
data/raw/wildfake/Images/Diffusion_based/DDIM/imgs_bedroom/d51f0e84f3ea5e8b0db6e8b534b8912d.png,1,wildfake,DDIM,train,"WildFake official ModelScope release; official train metadata only; COCO, DALL-E, and Advanced rows excluded"
data/raw/wildfake/Images/Real/afhq/afhq_v2/train/cat/img018206.jpg,0,wildfake,afhq,train,"WildFake official ModelScope release; official train metadata only; COCO, DALL-E, and Advanced rows excluded"
data/raw/wildfake/Images/Diffusion_based/DDIM/imgs_bedroom/242ea9bcab0121a50f1ed49186f62b9f.png,1,wildfake,DDIM,train,"WildFake official ModelScope release; official train metadata only; COCO, DALL-E, and Advanced rows excluded"
data/raw/wildfake/Images/Diffusion_based/DDIM/imgs_bedroom/2538eadd632a228d75ab02be06db4302.png,1,wildfake,DDIM,train,"WildFake official ModelScope release; official train metadata only; COCO, DALL-E, and Advanced rows excluded"
data/raw/wildfake/Images/Diffusion_based/DDIM/imgs_bedroom/84b7aed7d954390ee4ce8f26302ca779.png,1,wildfake,DDIM,train,"WildFake official ModelScope release; official train metadata only; COCO, DALL-E, and Advanced rows excluded"
data/raw/wildfake/Images/Diffusion_based/DDIM/imgs_bedroom/9d9edab078f74bbc9c305eeb6ab75d01.png,1,wildfake,DDIM,train,"WildFake official ModelScope release; official train metadata only; COCO, DALL-E, and Advanced rows excluded"
data/raw/wildfake/Images/Diffusion_based/DDIM/imgs_bedroom/fd46f4a02dd11c75f17439e12f87111c.png,1,wildfake,DDIM,train,"WildFake official ModelScope release; official train metadata only; COCO, DALL-E, and Advanced rows excluded"
data/raw/wildfake/Images/Diffusion_based/DDIM/imgs_bedroom/59c4899abb972d55cab1cbe23e19ed35.png,1,wildfake,DDIM,train,"WildFake official ModelScope release; official train metadata only; COCO, DALL-E, and Advanced rows excluded"
data/raw/wildfake/Images/Diffusion_based/DDIM/imgs_bedroom/4df5e9331c79970be04097912b03c32e.png,1,wildfake,DDIM,train,"WildFake official ModelScope release; official train metadata only; COCO, DALL-E, and Advanced rows excluded"
data/raw/wildfake/Images/Diffusion_based/DDIM/imgs_CC9K/d9d04431e80dac76ea6d1180f6273ef2.png,1,wildfake,DDIM,train,"WildFake official ModelScope release; official train metadata only; COCO, DALL-E, and Advanced rows excluded"
data/raw/wildfake/Images/Diffusion_based/DDIM/imgs_bedroom/bc0ff332a5aea9202077a2e55af27a38.png,1,wildfake,DDIM,train,"WildFake official ModelScope release; official train metadata only; COCO, DALL-E, and Advanced rows excluded"
data/raw/wildfake/Images/Real/afhq/afhq_v2/train/wild/img028341.jpg,0,wildfake,afhq,train,"WildFake official ModelScope release; official train metadata only; COCO, DALL-E, and Advanced rows excluded"
data/raw/wildfake/Images/Real/afhq/afhq_v2/train/dog/img027154.jpg,0,wildfake,afhq,train,"WildFake official ModelScope release; official train metadata only; COCO, DALL-E, and Advanced rows excluded"
data/raw/wildfake/Images/Real/afhq/afhq/train/wild/img014001.jpg,0,wildfake,afhq,train,"WildFake official ModelScope release; official train metadata only; COCO, DALL-E, and Advanced rows excluded"
data/raw/wildfake/Images/Diffusion_based/DDIM/imgs_CC9K/102790df423a5deefa8238f67932626b.png,1,wildfake,DDIM,train,"WildFake official ModelScope release; official train metadata only; COCO, DALL-E, and Advanced rows excluded"
data/raw/wildfake/Images/Real/afhq/afhq/train/wild/img014341.jpg,0,wildfake,afhq,train,"WildFake official ModelScope release; official train metadata only; COCO, DALL-E, and Advanced rows excluded"
data/raw/wildfake/Images/Diffusion_based/DDIM/imgs_bedroom/1da666fa5e6843e10ef8250563fde26c.png,1,wildfake,DDIM,train,"WildFake official ModelScope release; official train metadata only; COCO, DALL-E, and Advanced rows excluded"
data/raw/wildfake/Images/Real/afhq/afhq/train/cat/img002722.jpg,0,wildfake,afhq,train,"WildFake official ModelScope release; official train metadata only; COCO, DALL-E, and Advanced rows excluded"
data/raw/wildfake/Images/Real/afhq/afhq/train/dog/img008514.jpg,0,wildfake,afhq,train,"WildFake official ModelScope release; official train metadata only; COCO, DALL-E, and Advanced rows excluded"
data/raw/wildfake/Images/Diffusion_based/DDIM/imgs_bedroom/3a8eeba8f873799af29574b2caf559f4.png,1,wildfake,DDIM,train,"WildFake official ModelScope release; official train metadata only; COCO, DALL-E, and Advanced rows excluded"
data/raw/wildfake/Images/Diffusion_based/DDIM/imgs_bedroom/66a1eda3269f90ec730cfd7bc5850a7f.png,1,wildfake,DDIM,train,"WildFake official ModelScope release; official train metadata only; COCO, DALL-E, and Advanced rows excluded"
data/raw/wildfake/Images/Diffusion_based/DDIM/imgs_bedroom/43057e2bfcb132ccc7562be97cacc555.png,1,wildfake,DDIM,train,"WildFake official ModelScope release; official train metadata only; COCO, DALL-E, and Advanced rows excluded"
data/raw/wildfake/Images/Diffusion_based/DDIM/imgs_bedroom/88202769ffcd007fd8f9b3eeda037ebe.png,1,wildfake,DDIM,train,"WildFake official ModelScope release; official train metadata only; COCO, DALL-E, and Advanced rows excluded"
data/raw/wildfake/Images/Real/afhq/afhq_v2/train/wild/img028612.jpg,0,wildfake,afhq,train,"WildFake official ModelScope release; official train metadata only; COCO, DALL-E, and Advanced rows excluded"
data/raw/wildfake/Images/Real/afhq/afhq_v2/test/dog/img016663.jpg,0,wildfake,afhq,train,"WildFake official ModelScope release; official train metadata only; COCO, DALL-E, and Advanced rows excluded"
data/raw/wildfake/Images/Real/afhq/afhq_v2/train/dog/img025932.jpg,0,wildfake,afhq,train,"WildFake official ModelScope release; official train metadata only; COCO, DALL-E, and Advanced rows excluded"
data/raw/wildfake/Images/Real/afhq/afhq/train/cat/img000783.jpg,0,wildfake,afhq,train,"WildFake official ModelScope release; official train metadata only; COCO, DALL-E, and Advanced rows excluded"
data/raw/wildfake/Images/Diffusion_based/DDIM/imgs_bedroom/851e21c8d86224612dd996a03aa5b247.png,1,wildfake,DDIM,train,"WildFake official ModelScope release; official train metadata only; COCO, DALL-E, and Advanced rows excluded"
data/raw/wildfake/Images/Real/afhq/afhq/train/dog/img009263.jpg,0,wildfake,afhq,train,"WildFake official ModelScope release; official train metadata only; COCO, DALL-E, and Advanced rows excluded"
data/raw/wildfake/Images/Diffusion_based/DDIM/imgs_bedroom/aee827622e3b4aaf3773053769262dad.png,1,wildfake,DDIM,train,"WildFake official ModelScope release; official train metadata only; COCO, DALL-E, and Advanced rows excluded"
data/raw/wildfake/Images/Diffusion_based/DDIM/imgs_bedroom/31be42a9803e3162f554827771663cbe.png,1,wildfake,DDIM,train,"WildFake official ModelScope release; official train metadata only; COCO, DALL-E, and Advanced rows excluded"
data/raw/wildfake/Images/Diffusion_based/DDIM/imgs_bedroom/4452778db602978019b8bd85cf5aba7e.png,1,wildfake,DDIM,train,"WildFake official ModelScope release; official train metadata only; COCO, DALL-E, and Advanced rows excluded"
data/raw/wildfake/Images/Diffusion_based/DDIM/imgs_bedroom/39c68e22b9f227ab48f05a3dcada6bae.png,1,wildfake,DDIM,train,"WildFake official ModelScope release; official train metadata only; COCO, DALL-E, and Advanced rows excluded"
data/raw/wildfake/Images/Diffusion_based/DDIM/imgs_bedroom/fde1e7f9b636c774473a9e45ed176a05.png,1,wildfake,DDIM,train,"WildFake official ModelScope release; official train metadata only; COCO, DALL-E, and Advanced rows excluded"
data/raw/wildfake/Images/Diffusion_based/DDIM/imgs_bedroom/0b1f928531ca089b5d23ab31522874b3.png,1,wildfake,DDIM,train,"WildFake official ModelScope release; official train metadata only; COCO, DALL-E, and Advanced rows excluded"
data/raw/wildfake/Images/Diffusion_based/DDIM/imgs_bedroom/8a8bdc0a40eaed17ab1389ad04e4c6f0.png,1,wildfake,DDIM,train,"WildFake official ModelScope release; official train metadata only; COCO, DALL-E, and Advanced rows excluded"
data/raw/wildfake/Images/Real/afhq/afhq/train/dog/img008947.jpg,0,wildfake,afhq,train,"WildFake official ModelScope release; official train metadata only; COCO, DALL-E, and Advanced rows excluded"
data/raw/wildfake/Images/Real/afhq/afhq/train/wild/img012407.jpg,0,wildfake,afhq,train,"WildFake official ModelScope release; official train metadata only; COCO, DALL-E, and Advanced rows excluded"
data/raw/wildfake/Images/Diffusion_based/DDIM/imgs_bedroom/d386ea5f379f879b3ae587745b1dba9d.png,1,wildfake,DDIM,train,"WildFake official ModelScope release; official train metadata only; COCO, DALL-E, and Advanced rows excluded"
data/raw/wildfake/Images/Diffusion_based/DDIM/imgs_bedroom/b7e8ac89601018e7f9c5f17cf35b7793.png,1,wildfake,DDIM,train,"WildFake official ModelScope release; official train metadata only; COCO, DALL-E, and Advanced rows excluded"
data/raw/wildfake/Images/Diffusion_based/DDIM/imgs_bedroom/29d0905c0a9460c6f94a443428680eb0.png,1,wildfake,DDIM,train,"WildFake official ModelScope release; official train metadata only; COCO, DALL-E, and Advanced rows excluded"
data/raw/wildfake/Images/Real/afhq/afhq/val/wild/img016026.jpg,0,wildfake,afhq,train,"WildFake official ModelScope release; official train metadata only; COCO, DALL-E, and Advanced rows excluded"
data/raw/wildfake/Images/Real/afhq/afhq_v2/train/wild/img031431.jpg,0,wildfake,afhq,train,"WildFake official ModelScope release; official train metadata only; COCO, DALL-E, and Advanced rows excluded"
data/raw/wildfake/Images/Real/afhq/afhq/train/wild/img012667.jpg,0,wildfake,afhq,train,"WildFake official ModelScope release; official train metadata only; COCO, DALL-E, and Advanced rows excluded"
data/raw/wildfake/Images/Real/afhq/afhq_v2/train/wild/img030674.jpg,0,wildfake,afhq,train,"WildFake official ModelScope release; official train metadata only; COCO, DALL-E, and Advanced rows excluded"
data/raw/wildfake/Images/Real/afhq/afhq_v2/train/dog/img023269.jpg,0,wildfake,afhq,train,"WildFake official ModelScope release; official train metadata only; COCO, DALL-E, and Advanced rows excluded"
data/raw/wildfake/Images/Real/afhq/afhq_v2/train/dog/img026661.jpg,0,wildfake,afhq,train,"WildFake official ModelScope release; official train metadata only; COCO, DALL-E, and Advanced rows excluded"
data/raw/wildfake/Images/Real/afhq/afhq_v2/train/wild/img028232.jpg,0,wildfake,afhq,train,"WildFake official ModelScope release; official train metadata only; COCO, DALL-E, and Advanced rows excluded"
data/raw/wildfake/Images/Real/afhq/afhq_v2/train/dog/img023172.jpg,0,wildfake,afhq,train,"WildFake official ModelScope release; official train metadata only; COCO, DALL-E, and Advanced rows excluded"
data/raw/wildfake/Images/Diffusion_based/DDIM/imgs_bedroom/ddd75245bd24da111d5ec862a96138c7.png,1,wildfake,DDIM,train,"WildFake official ModelScope release; official train metadata only; COCO, DALL-E, and Advanced rows excluded"
data/raw/wildfake/Images/Real/afhq/afhq_v2/train/wild/img027909.jpg,0,wildfake,afhq,train,"WildFake official ModelScope release; official train metadata only; COCO, DALL-E, and Advanced rows excluded"
data/raw/wildfake/Images/Real/afhq/afhq/train/wild/img012239.jpg,0,wildfake,afhq,train,"WildFake official ModelScope release; official train metadata only; COCO, DALL-E, and Advanced rows excluded"
data/raw/wildfake/Images/Real/afhq/afhq_v2/train/cat/img019519.jpg,0,wildfake,afhq,train,"WildFake official ModelScope release; official train metadata only; COCO, DALL-E, and Advanced rows excluded"
data/raw/wildfake/Images/Diffusion_based/DDIM/imgs_bedroom/9d4093d7cda83f035c412c80e222409d.png,1,wildfake,DDIM,train,"WildFake official ModelScope release; official train metadata only; COCO, DALL-E, and Advanced rows excluded"
data/raw/wildfake/Images/Diffusion_based/DDIM/imgs_bedroom/41e34a461d5c5fcd0565a8d68a64bdcd.png,1,wildfake,DDIM,train,"WildFake official ModelScope release; official train metadata only; COCO, DALL-E, and Advanced rows excluded"
data/raw/wildfake/Images/Diffusion_based/DDIM/imgs_bedroom/a4fab7951a592650cb147ba93968459f.png,1,wildfake,DDIM,train,"WildFake official ModelScope release; official train metadata only; COCO, DALL-E, and Advanced rows excluded"
data/raw/wildfake/Images/Real/afhq/afhq/val/cat/img014783.jpg,0,wildfake,afhq,train,"WildFake official ModelScope release; official train metadata only; COCO, DALL-E, and Advanced rows excluded"
data/raw/wildfake/Images/Diffusion_based/DDIM/imgs_bedroom/21367adece5c3e2da4c4c1d19575771c.png,1,wildfake,DDIM,train,"WildFake official ModelScope release; official train metadata only; COCO, DALL-E, and Advanced rows excluded"
data/raw/wildfake/Images/Real/afhq/afhq/train/wild/img011206.jpg,0,wildfake,afhq,train,"WildFake official ModelScope release; official train metadata only; COCO, DALL-E, and Advanced rows excluded"
data/raw/wildfake/Images/Real/afhq/afhq_v2/train/wild/img027922.jpg,0,wildfake,afhq,train,"WildFake official ModelScope release; official train metadata only; COCO, DALL-E, and Advanced rows excluded"
data/raw/wildfake/Images/Diffusion_based/DDIM/imgs_bedroom/12260c451b5809db09a3327641bc2189.png,1,wildfake,DDIM,train,"WildFake official ModelScope release; official train metadata only; COCO, DALL-E, and Advanced rows excluded"
data/raw/wildfake/Images/Diffusion_based/DDIM/imgs_CC9K/af2f5150dcf0832ea87ee412fadf680e.png,1,wildfake,DDIM,train,"WildFake official ModelScope release; official train metadata only; COCO, DALL-E, and Advanced rows excluded"
data/raw/wildfake/Images/Diffusion_based/DDIM/imgs_bedroom/dcd6c1fd64d369f9c21e12a4b25ab573.png,1,wildfake,DDIM,train,"WildFake official ModelScope release; official train metadata only; COCO, DALL-E, and Advanced rows excluded"
data/raw/wildfake/Images/Diffusion_based/DDIM/imgs_bedroom/264b8513719d4be7fff9cbbfe2fb34f2.png,1,wildfake,DDIM,train,"WildFake official ModelScope release; official train metadata only; COCO, DALL-E, and Advanced rows excluded"
data/raw/wildfake/Images/Real/afhq/afhq_v2/train/dog/img024313.jpg,0,wildfake,afhq,train,"WildFake official ModelScope release; official train metadata only; COCO, DALL-E, and Advanced rows excluded"
data/raw/wildfake/Images/Real/afhq/afhq_v2/train/dog/img025513.jpg,0,wildfake,afhq,train,"WildFake official ModelScope release; official train metadata only; COCO, DALL-E, and Advanced rows excluded"
data/raw/wildfake/Images/Diffusion_based/DDIM/imgs_CC9K/7f881b0f37e406e463614c2949e31cd8.png,1,wildfake,DDIM,train,"WildFake official ModelScope release; official train metadata only; COCO, DALL-E, and Advanced rows excluded"
data/raw/wildfake/Images/Real/afhq/afhq_v2/test/wild/img017471.jpg,0,wildfake,afhq,train,"WildFake official ModelScope release; official train metadata only; COCO, DALL-E, and Advanced rows excluded"
data/raw/wildfake/Images/Diffusion_based/DDIM/imgs_bedroom/2326620db604534b8020fc8d3afa2b2d.png,1,wildfake,DDIM,train,"WildFake official ModelScope release; official train metadata only; COCO, DALL-E, and Advanced rows excluded"
data/raw/wildfake/Images/Diffusion_based/DDIM/imgs_CC9K/26819b1154eec469bf84d80b86ac59bb.png,1,wildfake,DDIM,train,"WildFake official ModelScope release; official train metadata only; COCO, DALL-E, and Advanced rows excluded"
data/raw/wildfake/Images/Real/afhq/afhq/train/dog/img008248.jpg,0,wildfake,afhq,train,"WildFake official ModelScope release; official train metadata only; COCO, DALL-E, and Advanced rows excluded"
data/raw/wildfake/Images/Real/afhq/afhq_v2/train/wild/img028476.jpg,0,wildfake,afhq,train,"WildFake official ModelScope release; official train metadata only; COCO, DALL-E, and Advanced rows excluded"
data/raw/wildfake/Images/Diffusion_based/DDIM/imgs_bedroom/4854de706e37ccad30284129d3aca865.png,1,wildfake,DDIM,train,"WildFake official ModelScope release; official train metadata only; COCO, DALL-E, and Advanced rows excluded"
data/raw/wildfake/Images/Diffusion_based/DDIM/imgs_bedroom/8a8bc473ef0d5276d1fe3265ece923ca.png,1,wildfake,DDIM,train,"WildFake official ModelScope release; official train metadata only; COCO, DALL-E, and Advanced rows excluded"
data/raw/wildfake/Images/Real/afhq/afhq_v2/train/wild/img028902.jpg,0,wildfake,afhq,train,"WildFake official ModelScope release; official train metadata only; COCO, DALL-E, and Advanced rows excluded"
data/raw/wildfake/Images/Real/afhq/afhq/train/wild/img010107.jpg,0,wildfake,afhq,train,"WildFake official ModelScope release; official train metadata only; COCO, DALL-E, and Advanced rows excluded"
data/raw/wildfake/Images/Real/afhq/afhq_v2/train/dog/img026353.jpg,0,wildfake,afhq,train,"WildFake official ModelScope release; official train metadata only; COCO, DALL-E, and Advanced rows excluded"
data/raw/wildfake/Images/Diffusion_based/DDIM/imgs_bedroom/99149bd20acb3217c8d89e316eb00cb5.png,1,wildfake,DDIM,train,"WildFake official ModelScope release; official train metadata only; COCO, DALL-E, and Advanced rows excluded"
data/raw/wildfake/Images/Diffusion_based/DDIM/imgs_bedroom/b404499b98b4467ff5ac97fdd4bf7d91.png,1,wildfake,DDIM,train,"WildFake official ModelScope release; official train metadata only; COCO, DALL-E, and Advanced rows excluded"
data/raw/wildfake/Images/Real/afhq/afhq/train/dog/img007198.jpg,0,wildfake,afhq,train,"WildFake official ModelScope release; official train metadata only; COCO, DALL-E, and Advanced rows excluded"
data/raw/wildfake/Images/Diffusion_based/DDIM/imgs_bedroom/12ed7d11bc46baed2eb233cba4f16b7a.png,1,wildfake,DDIM,train,"WildFake official ModelScope release; official train metadata only; COCO, DALL-E, and Advanced rows excluded"
data/raw/wildfake/Images/Real/afhq/afhq/train/dog/img008057.jpg,0,wildfake,afhq,train,"WildFake official ModelScope release; official train metadata only; COCO, DALL-E, and Advanced rows excluded"
data/raw/wildfake/Images/Real/afhq/afhq/train/cat/img004471.jpg,0,wildfake,afhq,train,"WildFake official ModelScope release; official train metadata only; COCO, DALL-E, and Advanced rows excluded"
data/raw/wildfake/Images/Diffusion_based/DDIM/imgs_bedroom/54bd83e4fc9a4bd5363296af25f0e8dc.png,1,wildfake,DDIM,train,"WildFake official ModelScope release; official train metadata only; COCO, DALL-E, and Advanced rows excluded"
data/raw/wildfake/Images/Real/afhq/afhq_v2/train/wild/img031314.jpg,0,wildfake,afhq,train,"WildFake official ModelScope release; official train metadata only; COCO, DALL-E, and Advanced rows excluded"
data/raw/wildfake/Images/Diffusion_based/DDIM/imgs_CC9K/5e99875b94d1368ae953bd4c42cc8c77.png,1,wildfake,DDIM,train,"WildFake official ModelScope release; official train metadata only; COCO, DALL-E, and Advanced rows excluded"
data/raw/wildfake/Images/Diffusion_based/DDIM/imgs_bedroom/61689e7f532f3deee716b27fa19faf1a.png,1,wildfake,DDIM,train,"WildFake official ModelScope release; official train metadata only; COCO, DALL-E, and Advanced rows excluded"
data/raw/wildfake/Images/Real/afhq/afhq/train/wild/img014156.jpg,0,wildfake,afhq,train,"WildFake official ModelScope release; official train metadata only; COCO, DALL-E, and Advanced rows excluded"
data/raw/wildfake/Images/Diffusion_based/DDIM/imgs_CC9K/00cf2e86cfd1b6cd957b525e7d034cfc.png,1,wildfake,DDIM,train,"WildFake official ModelScope release; official train metadata only; COCO, DALL-E, and Advanced rows excluded"
data/raw/wildfake/Images/Real/afhq/afhq_v2/train/cat/img019836.jpg,0,wildfake,afhq,train,"WildFake official ModelScope release; official train metadata only; COCO, DALL-E, and Advanced rows excluded"
data/raw/wildfake/Images/Diffusion_based/DDIM/imgs_bedroom/d99d3a3558e13a8e2ea9975dce3c9549.png,1,wildfake,DDIM,train,"WildFake official ModelScope release; official train metadata only; COCO, DALL-E, and Advanced rows excluded"
data/raw/wildfake/Images/Diffusion_based/DDIM/imgs_bedroom/9f97fc8403cd8a3f8e4b62a727c246a4.png,1,wildfake,DDIM,train,"WildFake official ModelScope release; official train metadata only; COCO, DALL-E, and Advanced rows excluded"
data/raw/wildfake/Images/Real/afhq/afhq/train/cat/img001804.jpg,0,wildfake,afhq,train,"WildFake official ModelScope release; official train metadata only; COCO, DALL-E, and Advanced rows excluded"
data/raw/wildfake/Images/Diffusion_based/DDIM/imgs_bedroom/a8d7f8eac87d6a6c5b6348b62412518b.png,1,wildfake,DDIM,train,"WildFake official ModelScope release; official train metadata only; COCO, DALL-E, and Advanced rows excluded"
data/raw/wildfake/Images/Diffusion_based/DDIM/imgs_bedroom/b057d1a076c1691dc38664c0d7cea648.png,1,wildfake,DDIM,train,"WildFake official ModelScope release; official train metadata only; COCO, DALL-E, and Advanced rows excluded"
data/raw/wildfake/Images/Real/afhq/afhq_v2/train/cat/img021508.jpg,0,wildfake,afhq,train,"WildFake official ModelScope release; official train metadata only; COCO, DALL-E, and Advanced rows excluded"
data/raw/wildfake/Images/Real/afhq/afhq_v2/train/cat/img019263.jpg,0,wildfake,afhq,train,"WildFake official ModelScope release; official train metadata only; COCO, DALL-E, and Advanced rows excluded"
